system,prompt,completion
"You are an Operating Systems tutor. Answer ONLY using the exact textbook passages provided below. Do NOT add your own examples, do NOT invent information. If the answer is not in the provided text, reply EXACTLY with the word 'OUT_OF_CONTEXT' and nothing else.","Textbook passages:
Round Robin (RR) scheduling gives each ready process a fixed time quantum to run. If a process does not finish within its quantum, it is preempted and placed at the back of the (circular) ready queue. Newly-arriving processes are added to the back of the queue before the just-preempted process is re-added. Completion Time (CT) is when a process finishes; Turnaround Time (TAT) = CT − Arrival Time; Waiting Time (WT) = TAT − Burst Time.

Question: Consider the following processes with their arrival and burst times (all times in milliseconds):

Process | Arrival Time | Burst Time
-----------------------------------
P1      | 6            | 8
P2      | 0            | 12
P3      | 0            | 8
P4      | 1            | 5

Using Round Robin (time quantum = 2) scheduling, draw the Gantt chart and compute the Completion Time, Turnaround Time, and Waiting Time for each process. Also compute the average waiting time and average turnaround time.","Gantt Chart:
P2[0-2] -> P3[2-4] -> P4[4-6] -> P2[6-8] -> P3[8-10] -> P1[10-12] -> P4[12-14] -> P2[14-16] -> P3[16-18] -> P1[18-20] -> P4[20-21] -> P2[21-23] -> P3[23-25] -> P1[25-27] -> P2[27-29] -> P1[29-31] -> P2[31-33]

Process | CT | TAT (=CT-AT) | WT (=TAT-BT)
P1      | 31  | 25            | 17
P2      | 33  | 33            | 21
P3      | 25  | 25            | 17
P4      | 21  | 20            | 15

Average Turnaround Time = (25 + 33 + 25 + 20) / 4 = 25.75 ms
Average Waiting Time = (17 + 21 + 17 + 15) / 4 = 17.50 ms"
"You are an Operating Systems tutor. Answer ONLY using the exact textbook passages provided below. Do NOT add your own examples, do NOT invent information. If the answer is not in the provided text, reply EXACTLY with the word 'OUT_OF_CONTEXT' and nothing else.","Textbook passages:
Multilevel queue and multilevel feedback queue scheduling partition the ready queue into several separate queues, often based on process type or observed behavior.

Question: What is multilevel feedback queue scheduling and how does it differ from multilevel queue scheduling?","Multilevel feedback queue scheduling also uses multiple queues, but allows processes to move between queues based on their behavior — a process that uses too much CPU time is demoted to a lower-priority queue, while one that waits a lot (I/O-bound) may be promoted. This adapts dynamically, unlike plain multilevel queue scheduling where the assignment is fixed."
"You are an Operating Systems tutor. Answer ONLY using the exact textbook passages provided below. Do NOT add your own examples, do NOT invent information. If the answer is not in the provided text, reply EXACTLY with the word 'OUT_OF_CONTEXT' and nothing else.","Textbook passages:
Priority Inheritance Protocol: A real-time scheduling technique where a low-priority task holding a resource temporarily inherits the priority of the highest-priority task blocked waiting for that resource, bounding the delay caused by priority inversion.

Question: What is Priority Inheritance Protocol?","A real-time scheduling technique where a low-priority task holding a resource temporarily inherits the priority of the highest-priority task blocked waiting for that resource, bounding the delay caused by priority inversion."
"You are an Operating Systems tutor. Answer ONLY using the exact textbook passages provided below. Do NOT add your own examples, do NOT invent information. If the answer is not in the provided text, reply EXACTLY with the word 'OUT_OF_CONTEXT' and nothing else.","Textbook passages:
In contiguous memory allocation, free memory is organized as a list of holes (blocks). First-fit allocates a process into the first hole large enough to hold it (scanning from the start). Best-fit allocates into the smallest hole that is still large enough. Worst-fit allocates into the largest available hole. After allocation, the unused remainder of the chosen hole remains as a smaller free hole.

Question: Free memory consists of the following holes, in this order: B0=378KB, B1=366KB, B2=82KB, B3=349KB. The following processes arrive in this order and must each be placed into a single contiguous free hole: P0=67KB, P1=213KB, P2=287KB.

Using the worst-fit allocation strategy, determine which memory block (if any) each process is placed into, and the sizes of the remaining free blocks after all allocations.","P0 (67KB): placed in B0 (was 378KB) -> B0 now has 311KB free
P1 (213KB): placed in B1 (was 366KB) -> B1 now has 153KB free
P2 (287KB): placed in B3 (was 349KB) -> B3 now has 62KB free

Final remaining free block sizes: B0=311KB, B1=153KB, B2=82KB, B3=62KB"
"You are an Operating Systems tutor. Answer ONLY using the exact textbook passages provided below. Do NOT add your own examples, do NOT invent information. If the answer is not in the provided text, reply EXACTLY with the word 'OUT_OF_CONTEXT' and nothing else.","Textbook passages:
In contiguous memory allocation, free memory is organized as a list of holes (blocks). First-fit allocates a process into the first hole large enough to hold it (scanning from the start). Best-fit allocates into the smallest hole that is still large enough. Worst-fit allocates into the largest available hole. After allocation, the unused remainder of the chosen hole remains as a smaller free hole.

Question: Free memory consists of the following holes, in this order: B0=241KB, B1=55KB, B2=333KB, B3=334KB, B4=122KB, B5=113KB. The following processes arrive in this order and must each be placed into a single contiguous free hole: P0=32KB, P1=231KB, P2=73KB.

Using the worst-fit allocation strategy, determine which memory block (if any) each process is placed into, and the sizes of the remaining free blocks after all allocations.","P0 (32KB): placed in B3 (was 334KB) -> B3 now has 302KB free
P1 (231KB): placed in B2 (was 333KB) -> B2 now has 102KB free
P2 (73KB): placed in B3 (was 302KB) -> B3 now has 229KB free

Final remaining free block sizes: B0=241KB, B1=55KB, B2=102KB, B3=229KB, B4=122KB, B5=113KB"
"You are an Operating Systems tutor. Answer ONLY using the exact textbook passages provided below. Do NOT add your own examples, do NOT invent information. If the answer is not in the provided text, reply EXACTLY with the word 'OUT_OF_CONTEXT' and nothing else.","Textbook passages:
Round Robin (RR) scheduling gives each ready process a fixed time quantum to run. If a process does not finish within its quantum, it is preempted and placed at the back of the (circular) ready queue. Newly-arriving processes are added to the back of the queue before the just-preempted process is re-added. Completion Time (CT) is when a process finishes; Turnaround Time (TAT) = CT − Arrival Time; Waiting Time (WT) = TAT − Burst Time.

Question: Consider the following processes with their arrival and burst times (all times in milliseconds):

Process | Arrival Time | Burst Time
-----------------------------------
P1      | 0            | 3
P2      | 2            | 10
P3      | 5            | 11
P4      | 2            | 8
P5      | 0            | 6

Using Round Robin (time quantum = 2) scheduling, draw the Gantt chart and compute the Completion Time, Turnaround Time, and Waiting Time for each process. Also compute the average waiting time and average turnaround time.","Gantt Chart:
P1[0-2] -> P5[2-4] -> P2[4-6] -> P4[6-8] -> P1[8-9] -> P5[9-11] -> P3[11-13] -> P2[13-15] -> P4[15-17] -> P5[17-19] -> P3[19-21] -> P2[21-23] -> P4[23-25] -> P3[25-27] -> P2[27-29] -> P4[29-31] -> P3[31-33] -> P2[33-35] -> P3[35-37] -> P3[37-38]

Process | CT | TAT (=CT-AT) | WT (=TAT-BT)
P1      | 9  | 9            | 6
P2      | 35  | 33            | 23
P3      | 38  | 33            | 22
P4      | 31  | 29            | 21
P5      | 19  | 19            | 13

Average Turnaround Time = (9 + 33 + 33 + 29 + 19) / 5 = 24.60 ms
Average Waiting Time = (6 + 23 + 22 + 21 + 13) / 5 = 17 ms"
"You are an Operating Systems tutor. Answer ONLY using the exact textbook passages provided below. Do NOT add your own examples, do NOT invent information. If the answer is not in the provided text, reply EXACTLY with the word 'OUT_OF_CONTEXT' and nothing else.","Textbook passages:
The Banker's algorithm avoids deadlock by only granting a resource request if the resulting state is 'safe'. A state is safe if there is some ordering (safe sequence) of all processes such that each process's remaining Need can be satisfied by the currently Available resources plus what is freed by processes earlier in the sequence. Need[i] = Max[i] - Allocation[i]. The safety algorithm repeatedly finds any unfinished process whose Need is <= Work (initially Available), 'runs' it (adding its Allocation back to Work), and marks it finished, until no more processes can be added (safe if all finish) or no more can be found (unsafe if any remain unfinished).

Question: A system has 3 processes (P0..P2) and 2 resource types (A, B). The current Allocation and Max matrices, and the Available vector, are:

Allocation:
Process | A  B
P0      | 4  3
P1      | 7  3
P2      | 5  4

Max:
Process | A  B
P0      | 4  9
P1      | 9  7
P2      | 8  8

Available: A=2, B=3

Compute the Need matrix, and using the Banker's algorithm, determine whether the system is currently in a safe state. If it is, give a valid safe sequence.","Need = Max - Allocation:
Process | A  B
P0      | 0  6
P1      | 2  4
P2      | 3  4

No unfinished process has Need <= Work at any point, so no process beyond the ones above can be scheduled. The system is NOT in a safe state (it may deadlock)."
"You are an Operating Systems tutor. Answer ONLY using the exact textbook passages provided below. Do NOT add your own examples, do NOT invent information. If the answer is not in the provided text, reply EXACTLY with the word 'OUT_OF_CONTEXT' and nothing else.","Textbook passages:
FIFO page replacement evicts the page that has been resident in memory the longest, regardless of how recently or often it has been used, when a page fault occurs and all frames are full.

Question: A system uses 3 page frames and the FIFO page replacement algorithm. Given the page reference string:
1, 4, 2, 0, 1, 2, 0, 1, 5, 3, 4, 0

Determine, for each reference, whether it is a page hit or a page fault, show the resulting frame contents, and compute the total number of page faults and page hits.","Ref | Frame contents after this reference | Hit/Fault
1   | [1]                   | Fault
4   | [1, 4]                | Fault
2   | [1, 4, 2]             | Fault
0   | [4, 2, 0]             | Fault
1   | [2, 0, 1]             | Fault
2   | [2, 0, 1]             | Hit
0   | [2, 0, 1]             | Hit
1   | [2, 0, 1]             | Hit
5   | [0, 1, 5]             | Fault
3   | [1, 5, 3]             | Fault
4   | [5, 3, 4]             | Fault
0   | [3, 4, 0]             | Fault

Total references = 12
Total page faults = 9
Total page hits = 3
Page fault rate = 9/12 = 0.75"
"You are an Operating Systems tutor. Answer ONLY using the exact textbook passages provided below. Do NOT add your own examples, do NOT invent information. If the answer is not in the provided text, reply EXACTLY with the word 'OUT_OF_CONTEXT' and nothing else.","Textbook passages:
FIFO page replacement evicts the page that has been resident in memory the longest, regardless of how recently or often it has been used, when a page fault occurs and all frames are full.

Question: A system uses 4 page frames and the FIFO page replacement algorithm. Given the page reference string:
3, 4, 0, 3, 2, 5, 2, 1, 2, 1, 0, 4, 5, 0

Determine, for each reference, whether it is a page hit or a page fault, show the resulting frame contents, and compute the total number of page faults and page hits.","Ref | Frame contents after this reference | Hit/Fault
3   | [3]                   | Fault
4   | [3, 4]                | Fault
0   | [3, 4, 0]             | Fault
3   | [3, 4, 0]             | Hit
2   | [3, 4, 0, 2]          | Fault
5   | [4, 0, 2, 5]          | Fault
2   | [4, 0, 2, 5]          | Hit
1   | [0, 2, 5, 1]          | Fault
2   | [0, 2, 5, 1]          | Hit
1   | [0, 2, 5, 1]          | Hit
0   | [0, 2, 5, 1]          | Hit
4   | [2, 5, 1, 4]          | Fault
5   | [2, 5, 1, 4]          | Hit
0   | [5, 1, 4, 0]          | Fault

Total references = 14
Total page faults = 8
Total page hits = 6
Page fault rate = 8/14 = 0.57"
"You are an Operating Systems tutor. Answer ONLY using the exact textbook passages provided below. Do NOT add your own examples, do NOT invent information. If the answer is not in the provided text, reply EXACTLY with the word 'OUT_OF_CONTEXT' and nothing else.","Textbook passages:
Round Robin (RR) scheduling gives each ready process a fixed time quantum to run. If a process does not finish within its quantum, it is preempted and placed at the back of the (circular) ready queue. Newly-arriving processes are added to the back of the queue before the just-preempted process is re-added. Completion Time (CT) is when a process finishes; Turnaround Time (TAT) = CT − Arrival Time; Waiting Time (WT) = TAT − Burst Time.

Question: Consider the following processes with their arrival and burst times (all times in milliseconds):

Process | Arrival Time | Burst Time
-----------------------------------
P1      | 0            | 3
P2      | 1            | 10
P3      | 4            | 5

Using Round Robin (time quantum = 3) scheduling, draw the Gantt chart and compute the Completion Time, Turnaround Time, and Waiting Time for each process. Also compute the average waiting time and average turnaround time.","Gantt Chart:
P1[0-3] -> P2[3-6] -> P3[6-9] -> P2[9-12] -> P3[12-14] -> P2[14-17] -> P2[17-18]

Process | CT | TAT (=CT-AT) | WT (=TAT-BT)
P1      | 3  | 3            | 0
P2      | 18  | 17            | 7
P3      | 14  | 10            | 5

Average Turnaround Time = (3 + 17 + 10) / 3 = 10 ms
Average Waiting Time = (0 + 7 + 5) / 3 = 4 ms"
"You are an Operating Systems tutor. Answer ONLY using the exact textbook passages provided below. Do NOT add your own examples, do NOT invent information. If the answer is not in the provided text, reply EXACTLY with the word 'OUT_OF_CONTEXT' and nothing else.","Textbook passages:
In a paged memory system, a logical address is split into a page number and an offset: page number = logical address // page size; offset = logical address % page size. The page table maps each page number to a physical frame number. The physical address is computed as: physical address = (frame number x page size) + offset.

Question: A system uses paging with a page size of 512 bytes. A process has 4 pages, with the following page table: page 0 -> frame 3, page 1 -> frame 9, page 2 -> frame 2, page 3 -> frame 8.

For the logical address 1827, determine: (a) the page number, (b) the offset within the page, (c) the corresponding frame number, and (d) the resulting physical address.","(a) Page number = logical address // page size = 1827 // 512 = 3
(b) Offset = logical address % page size = 1827 % 512 = 291
(c) From the page table, page 3 -> frame 8
(d) Physical address = (frame number x page size) + offset = (8 x 512) + 291 = 4387"
"You are an Operating Systems tutor. Answer ONLY using the exact textbook passages provided below. Do NOT add your own examples, do NOT invent information. If the answer is not in the provided text, reply EXACTLY with the word 'OUT_OF_CONTEXT' and nothing else.","Textbook passages:
Memory Management Unit (MMU): The hardware component that translates logical (virtual) addresses generated by the CPU into physical addresses in main memory at run time.

Question: Define Memory Management Unit (MMU).",The hardware component that translates logical (virtual) addresses generated by the CPU into physical addresses in main memory at run time.
"You are an Operating Systems tutor. Answer ONLY using the exact textbook passages provided below. Do NOT add your own examples, do NOT invent information. If the answer is not in the provided text, reply EXACTLY with the word 'OUT_OF_CONTEXT' and nothing else.","Textbook passages:
The Banker's algorithm avoids deadlock by only granting a resource request if the resulting state is 'safe'. A state is safe if there is some ordering (safe sequence) of all processes such that each process's remaining Need can be satisfied by the currently Available resources plus what is freed by processes earlier in the sequence. Need[i] = Max[i] - Allocation[i]. The safety algorithm repeatedly finds any unfinished process whose Need is <= Work (initially Available), 'runs' it (adding its Allocation back to Work), and marks it finished, until no more processes can be added (safe if all finish) or no more can be found (unsafe if any remain unfinished).

Question: A system has 4 processes (P0..P3) and 2 resource types (A, B). The current Allocation and Max matrices, and the Available vector, are:

Allocation:
Process | A  B
P0      | 3  6
P1      | 6  4
P2      | 3  1
P3      | 3  1

Max:
Process | A  B
P0      | 6  6
P1      | 6  5
P2      | 7  6
P3      | 3  9

Available: A=8, B=8

Process P0 now requests additional resources: A=2, B=0. Using the Banker's algorithm, determine whether this request can be granted immediately.","Need = Max - Allocation:
Process | A  B
P0      | 3  0
P1      | 0  1
P2      | 4  5
P3      | 0  8

Step 1: Is Request <= Need[P0]? Request=[2, 0], Need[P0]=[3, 0]
-> Yes.

Step 2: Is Request <= Available? Request=[2, 0], Available=[8, 8]
-> Yes. Pretend to allocate and check safety of the resulting state.

Tentative new Available: [6, 8]
The resulting state IS safe (safe sequence: P0 -> P1 -> P2 -> P3). The request is GRANTED immediately."
"You are an Operating Systems tutor. Answer ONLY using the exact textbook passages provided below. Do NOT add your own examples, do NOT invent information. If the answer is not in the provided text, reply EXACTLY with the word 'OUT_OF_CONTEXT' and nothing else.","Textbook passages:
In a paged memory system, a logical address is split into a page number and an offset: page number = logical address // page size; offset = logical address % page size. The page table maps each page number to a physical frame number. The physical address is computed as: physical address = (frame number x page size) + offset.

Question: A system uses paging with a page size of 1024 bytes. A process has 6 pages, with the following page table: page 0 -> frame 6, page 1 -> frame 2, page 2 -> frame 1, page 3 -> frame 8, page 4 -> frame 5, page 5 -> frame 7.

For the logical address 1591, determine: (a) the page number, (b) the offset within the page, (c) the corresponding frame number, and (d) the resulting physical address.","(a) Page number = logical address // page size = 1591 // 1024 = 1
(b) Offset = logical address % page size = 1591 % 1024 = 567
(c) From the page table, page 1 -> frame 2
(d) Physical address = (frame number x page size) + offset = (2 x 1024) + 567 = 2615"
"You are an Operating Systems tutor. Answer ONLY using the exact textbook passages provided below. Do NOT add your own examples, do NOT invent information. If the answer is not in the provided text, reply EXACTLY with the word 'OUT_OF_CONTEXT' and nothing else.","Textbook passages:
FIFO page replacement evicts the page that has been resident in memory the longest, regardless of how recently or often it has been used, when a page fault occurs and all frames are full.

Question: A system uses 4 page frames and the FIFO page replacement algorithm. Given the page reference string:
2, 1, 0, 2, 0, 5, 5, 2, 1, 1

Determine, for each reference, whether it is a page hit or a page fault, show the resulting frame contents, and compute the total number of page faults and page hits.","Ref | Frame contents after this reference | Hit/Fault
2   | [2]                   | Fault
1   | [2, 1]                | Fault
0   | [2, 1, 0]             | Fault
2   | [2, 1, 0]             | Hit
0   | [2, 1, 0]             | Hit
5   | [2, 1, 0, 5]          | Fault
5   | [2, 1, 0, 5]          | Hit
2   | [2, 1, 0, 5]          | Hit
1   | [2, 1, 0, 5]          | Hit
1   | [2, 1, 0, 5]          | Hit

Total references = 10
Total page faults = 4
Total page hits = 6
Page fault rate = 4/10 = 0.40"
"You are an Operating Systems tutor. Answer ONLY using the exact textbook passages provided below. Do NOT add your own examples, do NOT invent information. If the answer is not in the provided text, reply EXACTLY with the word 'OUT_OF_CONTEXT' and nothing else.","Textbook passages:
A process is a program in execution. It is the fundamental unit of work in an operating system and includes the program code, current activity (program counter, registers), and associated resources such as memory and open files.

Question: What is the boiling point of water at sea level?",OUT_OF_CONTEXT
"You are an Operating Systems tutor. Answer ONLY using the exact textbook passages provided below. Do NOT add your own examples, do NOT invent information. If the answer is not in the provided text, reply EXACTLY with the word 'OUT_OF_CONTEXT' and nothing else.","Textbook passages:
Shortest Job First (SJF, non-preemptive) scheduling selects, among all processes that have arrived and are ready, the one with the smallest CPU burst time to run next; once started it runs to completion. Ties are broken by earliest arrival time, then by process ID. Completion Time (CT) is when a process finishes; Turnaround Time (TAT) = CT − Arrival Time; Waiting Time (WT) = TAT − Burst Time.

Question: Consider the following processes with their arrival and burst times (all times in milliseconds):

Process | Arrival Time | Burst Time
-----------------------------------
P1      | 7            | 4
P2      | 4            | 10
P3      | 1            | 5
P4      | 3            | 5
P5      | 0            | 2

Using Shortest Job First (SJF, non-preemptive) scheduling, draw the Gantt chart and compute the Completion Time, Turnaround Time, and Waiting Time for each process. Also compute the average waiting time and average turnaround time.","Gantt Chart:
P5[0-2] -> P3[2-7] -> P1[7-11] -> P4[11-16] -> P2[16-26]

Process | CT | TAT (=CT-AT) | WT (=TAT-BT)
P1      | 11  | 4            | 0
P2      | 26  | 22            | 12
P3      | 7  | 6            | 1
P4      | 16  | 13            | 8
P5      | 2  | 2            | 0

Average Turnaround Time = (4 + 22 + 6 + 13 + 2) / 5 = 9.40 ms
Average Waiting Time = (0 + 12 + 1 + 8 + 0) / 5 = 4.20 ms"
"You are an Operating Systems tutor. Answer ONLY using the exact textbook passages provided below. Do NOT add your own examples, do NOT invent information. If the answer is not in the provided text, reply EXACTLY with the word 'OUT_OF_CONTEXT' and nothing else.","Textbook passages:
Memory barrier (fence): A CPU instruction (e.g. MFENCE, smp_mb()) that forces preceding memory operations to become globally visible before any subsequent memory operation is allowed to execute, preventing hardware/compiler reordering across it.

Question: Explain the term Memory barrier (fence) in the context of operating systems.","A CPU instruction (e.g. MFENCE, smp_mb()) that forces preceding memory operations to become globally visible before any subsequent memory operation is allowed to execute, preventing hardware/compiler reordering across it."
"You are an Operating Systems tutor. Answer ONLY using the exact textbook passages provided below. Do NOT add your own examples, do NOT invent information. If the answer is not in the provided text, reply EXACTLY with the word 'OUT_OF_CONTEXT' and nothing else.","Textbook passages:
The Banker's algorithm avoids deadlock by only granting a resource request if the resulting state is 'safe'. A state is safe if there is some ordering (safe sequence) of all processes such that each process's remaining Need can be satisfied by the currently Available resources plus what is freed by processes earlier in the sequence. Need[i] = Max[i] - Allocation[i]. The safety algorithm repeatedly finds any unfinished process whose Need is <= Work (initially Available), 'runs' it (adding its Allocation back to Work), and marks it finished, until no more processes can be added (safe if all finish) or no more can be found (unsafe if any remain unfinished).

Question: A system has 5 processes (P0..P4) and 2 resource types (A, B). The current Allocation and Max matrices, and the Available vector, are:

Allocation:
Process | A  B
P0      | 0  1
P1      | 4  6
P2      | 2  1
P3      | 2  3
P4      | 9  5

Max:
Process | A  B
P0      | 4  3
P1      | 4  8
P2      | 4  5
P3      | 7  9
P4      | 9  8

Available: A=8, B=7

Compute the Need matrix, and using the Banker's algorithm, determine whether the system is currently in a safe state. If it is, give a valid safe sequence.","Need = Max - Allocation:
Process | A  B
P0      | 4  2
P1      | 0  2
P2      | 2  4
P3      | 5  6
P4      | 0  3

Need[P0] = [4, 2] <= Work [8, 7] -> P0 can run; Work becomes [8, 8]
Need[P1] = [0, 2] <= Work [8, 8] -> P1 can run; Work becomes [12, 14]
Need[P2] = [2, 4] <= Work [12, 14] -> P2 can run; Work becomes [14, 15]
Need[P3] = [5, 6] <= Work [14, 15] -> P3 can run; Work becomes [16, 18]
Need[P4] = [0, 3] <= Work [16, 18] -> P4 can run; Work becomes [25, 23]

All processes finish. The system IS in a safe state.
Safe sequence: P0 -> P1 -> P2 -> P3 -> P4"
"You are an Operating Systems tutor. Answer ONLY using the exact textbook passages provided below. Do NOT add your own examples, do NOT invent information. If the answer is not in the provided text, reply EXACTLY with the word 'OUT_OF_CONTEXT' and nothing else.","Textbook passages:
File systems are made available to users through mounting, and their integrity must periodically be checked and repaired using consistency-checking utilities.

Question: What does ""mounting"" a file system mean?","Mounting is the process of attaching a file system (from a disk partition, removable device, or network share) to a specific point (the mount point) within the existing directory tree, making its files and directories accessible as part of the unified file system hierarchy, rather than as a separate, disconnected namespace."
"You are an Operating Systems tutor. Answer ONLY using the exact textbook passages provided below. Do NOT add your own examples, do NOT invent information. If the answer is not in the provided text, reply EXACTLY with the word 'OUT_OF_CONTEXT' and nothing else.","Textbook passages:
Zombie process: A process that has finished execution but still has an entry in the process table because its parent has not yet called wait() to collect its exit status.

Question: Define Zombie process.",A process that has finished execution but still has an entry in the process table because its parent has not yet called wait() to collect its exit status.
"You are an Operating Systems tutor. Answer ONLY using the exact textbook passages provided below. Do NOT add your own examples, do NOT invent information. If the answer is not in the provided text, reply EXACTLY with the word 'OUT_OF_CONTEXT' and nothing else.","Textbook passages:
Trap: A software-generated interrupt caused either by an error (e.g. division by zero) or a deliberate user program request such as a system call.

Question: What is Trap?",A software-generated interrupt caused either by an error (e.g. division by zero) or a deliberate user program request such as a system call.
"You are an Operating Systems tutor. Answer ONLY using the exact textbook passages provided below. Do NOT add your own examples, do NOT invent information. If the answer is not in the provided text, reply EXACTLY with the word 'OUT_OF_CONTEXT' and nothing else.","Textbook passages:
FIFO page replacement evicts the page that has been resident in memory the longest, regardless of how recently or often it has been used, when a page fault occurs and all frames are full.

Question: A system uses 3 page frames and the FIFO page replacement algorithm. Given the page reference string:
1, 1, 2, 2, 2, 0, 0, 3, 5, 3, 1, 1

Determine, for each reference, whether it is a page hit or a page fault, show the resulting frame contents, and compute the total number of page faults and page hits.","Ref | Frame contents after this reference | Hit/Fault
1   | [1]                   | Fault
1   | [1]                   | Hit
2   | [1, 2]                | Fault
2   | [1, 2]                | Hit
2   | [1, 2]                | Hit
0   | [1, 2, 0]             | Fault
0   | [1, 2, 0]             | Hit
3   | [2, 0, 3]             | Fault
5   | [0, 3, 5]             | Fault
3   | [0, 3, 5]             | Hit
1   | [3, 5, 1]             | Fault
1   | [3, 5, 1]             | Hit

Total references = 12
Total page faults = 6
Total page hits = 6
Page fault rate = 6/12 = 0.50"
"You are an Operating Systems tutor. Answer ONLY using the exact textbook passages provided below. Do NOT add your own examples, do NOT invent information. If the answer is not in the provided text, reply EXACTLY with the word 'OUT_OF_CONTEXT' and nothing else.","Textbook passages:
Protection mechanisms control access of processes and users to system resources according to policy, while security defends the whole system against internal and external threats.

Question: What is the principle of least privilege?","The principle of least privilege states that every process, user, or program should be granted only the minimum set of access rights/permissions necessary to perform its intended task, and no more. This limits the potential damage from bugs, misuse, or compromise, since a component with limited privileges can do limited harm even if exploited."
"You are an Operating Systems tutor. Answer ONLY using the exact textbook passages provided below. Do NOT add your own examples, do NOT invent information. If the answer is not in the provided text, reply EXACTLY with the word 'OUT_OF_CONTEXT' and nothing else.","Textbook passages:
Round Robin (RR) scheduling gives each ready process a fixed time quantum to run. If a process does not finish within its quantum, it is preempted and placed at the back of the (circular) ready queue. Newly-arriving processes are added to the back of the queue before the just-preempted process is re-added. Completion Time (CT) is when a process finishes; Turnaround Time (TAT) = CT − Arrival Time; Waiting Time (WT) = TAT − Burst Time.

Question: Consider the following processes with their arrival and burst times (all times in milliseconds):

Process | Arrival Time | Burst Time
-----------------------------------
P1      | 7            | 6
P2      | 8            | 12
P3      | 2            | 5
P4      | 3            | 2

Using Round Robin (time quantum = 2) scheduling, draw the Gantt chart and compute the Completion Time, Turnaround Time, and Waiting Time for each process. Also compute the average waiting time and average turnaround time.","Gantt Chart:
P3[2-4] -> P4[4-6] -> P3[6-8] -> P1[8-10] -> P2[10-12] -> P3[12-13] -> P1[13-15] -> P2[15-17] -> P1[17-19] -> P2[19-21] -> P2[21-23] -> P2[23-25] -> P2[25-27]

Process | CT | TAT (=CT-AT) | WT (=TAT-BT)
P1      | 19  | 12            | 6
P2      | 27  | 19            | 7
P3      | 13  | 11            | 6
P4      | 6  | 3            | 1

Average Turnaround Time = (12 + 19 + 11 + 3) / 4 = 11.25 ms
Average Waiting Time = (6 + 7 + 6 + 1) / 4 = 5 ms"
"You are an Operating Systems tutor. Answer ONLY using the exact textbook passages provided below. Do NOT add your own examples, do NOT invent information. If the answer is not in the provided text, reply EXACTLY with the word 'OUT_OF_CONTEXT' and nothing else.","Textbook passages:
Memory barrier (fence): A CPU instruction (e.g. MFENCE, smp_mb()) that forces preceding memory operations to become globally visible before any subsequent memory operation is allowed to execute, preventing hardware/compiler reordering across it.

Question: What is Memory barrier (fence)?","A CPU instruction (e.g. MFENCE, smp_mb()) that forces preceding memory operations to become globally visible before any subsequent memory operation is allowed to execute, preventing hardware/compiler reordering across it."
"You are an Operating Systems tutor. Answer ONLY using the exact textbook passages provided below. Do NOT add your own examples, do NOT invent information. If the answer is not in the provided text, reply EXACTLY with the word 'OUT_OF_CONTEXT' and nothing else.","Textbook passages:
In contiguous memory allocation, free memory is organized as a list of holes (blocks). First-fit allocates a process into the first hole large enough to hold it (scanning from the start). Best-fit allocates into the smallest hole that is still large enough. Worst-fit allocates into the largest available hole. After allocation, the unused remainder of the chosen hole remains as a smaller free hole.

Question: Free memory consists of the following holes, in this order: B0=174KB, B1=70KB, B2=399KB, B3=214KB, B4=245KB, B5=108KB. The following processes arrive in this order and must each be placed into a single contiguous free hole: P0=161KB, P1=174KB, P2=42KB, P3=294KB.

Using the worst-fit allocation strategy, determine which memory block (if any) each process is placed into, and the sizes of the remaining free blocks after all allocations.","P0 (161KB): placed in B2 (was 399KB) -> B2 now has 238KB free
P1 (174KB): placed in B4 (was 245KB) -> B4 now has 71KB free
P2 (42KB): placed in B2 (was 238KB) -> B2 now has 196KB free
P3 (294KB): no free block is large enough -> CANNOT be allocated

Final remaining free block sizes: B0=174KB, B1=70KB, B2=196KB, B3=214KB, B4=71KB, B5=108KB"
"You are an Operating Systems tutor. Answer ONLY using the exact textbook passages provided below. Do NOT add your own examples, do NOT invent information. If the answer is not in the provided text, reply EXACTLY with the word 'OUT_OF_CONTEXT' and nothing else.","Textbook passages:
Operating systems can be structured in several ways, including the simple/monolithic structure, layered approach, microkernel architecture, and modular approach, each trading off performance against maintainability and reliability.

Question: What is a monolithic kernel?","A monolithic kernel is an OS design where the entire operating system — process management, memory management, file systems, device drivers — runs as a single large program in kernel mode. It offers high performance due to direct function calls between components but is harder to maintain, and a bug in any part can crash the whole system."
"You are an Operating Systems tutor. Answer ONLY using the exact textbook passages provided below. Do NOT add your own examples, do NOT invent information. If the answer is not in the provided text, reply EXACTLY with the word 'OUT_OF_CONTEXT' and nothing else.","Textbook passages:
On multi-socket systems, physical memory is divided into NUMA nodes, each directly attached to one socket. Any core can access any node's memory, but a remote access (crossing to another socket's node over an inter-socket interconnect) has higher latency and lower bandwidth than a local access, which shapes how a NUMA-aware OS schedules threads and allocates memory.

Question: What is NUMA, and why is a 'remote' memory access slower than a 'local' one?","NUMA (Non-Uniform Memory Access) describes multi-socket systems where physical memory is partitioned into nodes, each directly attached to one socket's memory controller. Any core in the system can address any node's memory — the address space is unified — but a core accessing its OWN node's (local) memory goes directly through its local memory controller, while accessing another socket's (remote) node requires the request to travel across an inter-socket interconnect (e.g. Intel's UPI or AMD's Infinity Fabric) to reach the remote controller and then travel back with the result. This extra hop adds real latency and consumes shared interconnect bandwidth, so remote accesses are measurably slower — often by a significant margin — than local ones, even though both are architecturally 'just memory access' from the program's point of view."
"You are an Operating Systems tutor. Answer ONLY using the exact textbook passages provided below. Do NOT add your own examples, do NOT invent information. If the answer is not in the provided text, reply EXACTLY with the word 'OUT_OF_CONTEXT' and nothing else.","Textbook passages:
When a page fault occurs and no free frame is available, the OS must select an existing page to evict from memory using a page-replacement algorithm, such as FIFO, LRU, or Optimal.

Question: What is the square root of 256?",OUT_OF_CONTEXT
"You are an Operating Systems tutor. Answer ONLY using the exact textbook passages provided below. Do NOT add your own examples, do NOT invent information. If the answer is not in the provided text, reply EXACTLY with the word 'OUT_OF_CONTEXT' and nothing else.","Textbook passages:
FIFO page replacement evicts the page that has been resident in memory the longest, regardless of how recently or often it has been used, when a page fault occurs and all frames are full.

Question: A system uses 4 page frames and the FIFO page replacement algorithm. Given the page reference string:
5, 3, 0, 1, 0, 0, 2, 3, 0, 0, 1, 4

Determine, for each reference, whether it is a page hit or a page fault, show the resulting frame contents, and compute the total number of page faults and page hits.","Ref | Frame contents after this reference | Hit/Fault
5   | [5]                   | Fault
3   | [5, 3]                | Fault
0   | [5, 3, 0]             | Fault
1   | [5, 3, 0, 1]          | Fault
0   | [5, 3, 0, 1]          | Hit
0   | [5, 3, 0, 1]          | Hit
2   | [3, 0, 1, 2]          | Fault
3   | [3, 0, 1, 2]          | Hit
0   | [3, 0, 1, 2]          | Hit
0   | [3, 0, 1, 2]          | Hit
1   | [3, 0, 1, 2]          | Hit
4   | [0, 1, 2, 4]          | Fault

Total references = 12
Total page faults = 6
Total page hits = 6
Page fault rate = 6/12 = 0.50"
"You are an Operating Systems tutor. Answer ONLY using the exact textbook passages provided below. Do NOT add your own examples, do NOT invent information. If the answer is not in the provided text, reply EXACTLY with the word 'OUT_OF_CONTEXT' and nothing else.","Textbook passages:
SCAN disk scheduling moves the head in one direction, servicing every pending request it passes, continuing all the way to that end of the disk (cylinder 0 or the maximum cylinder) even if no request lies exactly there, then reverses direction and services the remaining requests on the other side, stopping once the last one is serviced.

Question: A disk has 200 cylinders (numbered 0 to 199). The disk head is currently at cylinder 34. The pending requests, in the order they arrived, are: 171, 163, 103, 93, 131, 191.

Using the SCAN (initial direction: increasing cylinder numbers) disk scheduling algorithm, determine the order in which the requests are serviced and compute the total head movement (in number of cylinders).","Service order: 34 -> 93 -> 103 -> 131 -> 163 -> 171 -> 191

Head movement per step: |93-34|=59 + |103-93|=10 + |131-103|=28 + |163-131|=32 + |171-163|=8 + |191-171|=20

Total head movement = 165 cylinders"
"You are an Operating Systems tutor. Answer ONLY using the exact textbook passages provided below. Do NOT add your own examples, do NOT invent information. If the answer is not in the provided text, reply EXACTLY with the word 'OUT_OF_CONTEXT' and nothing else.","Textbook passages:
Trap: A software-generated interrupt caused either by an error (e.g. division by zero) or a deliberate user program request such as a system call.

Question: Define Trap.",A software-generated interrupt caused either by an error (e.g. division by zero) or a deliberate user program request such as a system call.
"You are an Operating Systems tutor. Answer ONLY using the exact textbook passages provided below. Do NOT add your own examples, do NOT invent information. If the answer is not in the provided text, reply EXACTLY with the word 'OUT_OF_CONTEXT' and nothing else.","Textbook passages:
LOOK disk scheduling behaves like SCAN, but instead of travelling all the way to the physical end of the disk, the head reverses direction as soon as it services the last pending request in the current direction, avoiding unnecessary movement.

Question: A disk has 200 cylinders (numbered 0 to 199). The disk head is currently at cylinder 59. The pending requests, in the order they arrived, are: 94, 95, 113, 195, 19, 146, 35, 135, 93.

Using the LOOK (initial direction: decreasing cylinder numbers) disk scheduling algorithm, determine the order in which the requests are serviced and compute the total head movement (in number of cylinders).","Service order: 59 -> 35 -> 19 -> 93 -> 94 -> 95 -> 113 -> 135 -> 146 -> 195

Head movement per step: |35-59|=24 + |19-35|=16 + |93-19|=74 + |94-93|=1 + |95-94|=1 + |113-95|=18 + |135-113|=22 + |146-135|=11 + |195-146|=49

Total head movement = 216 cylinders"
"You are an Operating Systems tutor. Answer ONLY using the exact textbook passages provided below. Do NOT add your own examples, do NOT invent information. If the answer is not in the provided text, reply EXACTLY with the word 'OUT_OF_CONTEXT' and nothing else.","Textbook passages:
The Banker's algorithm avoids deadlock by only granting a resource request if the resulting state is 'safe'. A state is safe if there is some ordering (safe sequence) of all processes such that each process's remaining Need can be satisfied by the currently Available resources plus what is freed by processes earlier in the sequence. Need[i] = Max[i] - Allocation[i]. The safety algorithm repeatedly finds any unfinished process whose Need is <= Work (initially Available), 'runs' it (adding its Allocation back to Work), and marks it finished, until no more processes can be added (safe if all finish) or no more can be found (unsafe if any remain unfinished).

Question: A system has 3 processes (P0..P2) and 3 resource types (A, B, C). The current Allocation and Max matrices, and the Available vector, are:

Allocation:
Process | A  B  C
P0      | 6  5  7
P1      | 2  2  3
P2      | 4  2  6

Max:
Process | A  B  C
P0      | 9  5  9
P1      | 8  3  9
P2      | 9  9  9

Available: A=8, B=5, C=2

Process P2 now requests additional resources: A=3, B=6, C=3. Using the Banker's algorithm, determine whether this request can be granted immediately.","Need = Max - Allocation:
Process | A  B  C
P0      | 3  0  2
P1      | 6  1  6
P2      | 5  7  3

Step 1: Is Request <= Need[P2]? Request=[3, 6, 3], Need[P2]=[5, 7, 3]
-> Yes.

Step 2: Is Request <= Available? Request=[3, 6, 3], Available=[8, 5, 2]
-> No. Available cannot satisfy the request, so P2 must wait until enough resources are free."
"You are an Operating Systems tutor. Answer ONLY using the exact textbook passages provided below. Do NOT add your own examples, do NOT invent information. If the answer is not in the provided text, reply EXACTLY with the word 'OUT_OF_CONTEXT' and nothing else.","Textbook passages:
Peterson's solution is a classic software-based algorithm for two processes that satisfies mutual exclusion, progress, and bounded waiting using two shared variables: a turn variable and a boolean flag array.

Question: What is the currency used in Japan?",OUT_OF_CONTEXT
"You are an Operating Systems tutor. Answer ONLY using the exact textbook passages provided below. Do NOT add your own examples, do NOT invent information. If the answer is not in the provided text, reply EXACTLY with the word 'OUT_OF_CONTEXT' and nothing else.","Textbook passages:
The producer-consumer, readers-writers, and dining philosophers problems are classic synchronization problems used to illustrate and test solutions to concurrent resource-sharing challenges.

Question: What advantage does a monitor have over semaphores for solving synchronization problems?","A monitor bundles the shared data and its access procedures together with automatic mutual exclusion enforced by the compiler/runtime, so a programmer cannot forget to call wait()/signal() correctly around a critical section — a very common source of semaphore bugs (e.g. deadlock from a missing signal, or races from a missing wait). This makes correct concurrent code structurally easier to write and verify than using raw semaphores directly."
"You are an Operating Systems tutor. Answer ONLY using the exact textbook passages provided below. Do NOT add your own examples, do NOT invent information. If the answer is not in the provided text, reply EXACTLY with the word 'OUT_OF_CONTEXT' and nothing else.","Textbook passages:
RCU (Read-Copy-Update): A synchronization technique letting readers access shared data with no locking at all, by having writers publish updates via an atomic pointer swap and deferring reclamation of old versions until a grace period guarantees no reader can still be using them.

Question: Define RCU (Read-Copy-Update).","A synchronization technique letting readers access shared data with no locking at all, by having writers publish updates via an atomic pointer swap and deferring reclamation of old versions until a grace period guarantees no reader can still be using them."
"You are an Operating Systems tutor. Answer ONLY using the exact textbook passages provided below. Do NOT add your own examples, do NOT invent information. If the answer is not in the provided text, reply EXACTLY with the word 'OUT_OF_CONTEXT' and nothing else.","Textbook passages:
The Banker's algorithm avoids deadlock by only granting a resource request if the resulting state is 'safe'. A state is safe if there is some ordering (safe sequence) of all processes such that each process's remaining Need can be satisfied by the currently Available resources plus what is freed by processes earlier in the sequence. Need[i] = Max[i] - Allocation[i]. The safety algorithm repeatedly finds any unfinished process whose Need is <= Work (initially Available), 'runs' it (adding its Allocation back to Work), and marks it finished, until no more processes can be added (safe if all finish) or no more can be found (unsafe if any remain unfinished).

Question: A system has 5 processes (P0..P4) and 3 resource types (A, B, C). The current Allocation and Max matrices, and the Available vector, are:

Allocation:
Process | A  B  C
P0      | 3  7  2
P1      | 1  3  0
P2      | 4  9  2
P3      | 0  7  2
P4      | 2  1  3

Max:
Process | A  B  C
P0      | 9  7  4
P1      | 7  3  9
P2      | 6  9  7
P3      | 6  7  8
P4      | 9  6  7

Available: A=3, B=2, C=5

Process P3 now requests additional resources: A=1, B=0, C=6. Using the Banker's algorithm, determine whether this request can be granted immediately.","Need = Max - Allocation:
Process | A  B  C
P0      | 6  0  2
P1      | 6  0  9
P2      | 2  0  5
P3      | 6  0  6
P4      | 7  5  4

Step 1: Is Request <= Need[P3]? Request=[1, 0, 6], Need[P3]=[6, 0, 6]
-> Yes.

Step 2: Is Request <= Available? Request=[1, 0, 6], Available=[3, 2, 5]
-> No. Available cannot satisfy the request, so P3 must wait until enough resources are free."
"You are an Operating Systems tutor. Answer ONLY using the exact textbook passages provided below. Do NOT add your own examples, do NOT invent information. If the answer is not in the provided text, reply EXACTLY with the word 'OUT_OF_CONTEXT' and nothing else.","Textbook passages:
In a paged memory system, a logical address is split into a page number and an offset: page number = logical address // page size; offset = logical address % page size. The page table maps each page number to a physical frame number. The physical address is computed as: physical address = (frame number x page size) + offset.

Question: A system uses paging with a page size of 256 bytes. A process has 5 pages, with the following page table: page 0 -> frame 2, page 1 -> frame 5, page 2 -> frame 0, page 3 -> frame 3, page 4 -> frame 6.

For the logical address 523, determine: (a) the page number, (b) the offset within the page, (c) the corresponding frame number, and (d) the resulting physical address.","(a) Page number = logical address // page size = 523 // 256 = 2
(b) Offset = logical address % page size = 523 % 256 = 11
(c) From the page table, page 2 -> frame 0
(d) Physical address = (frame number x page size) + offset = (0 x 256) + 11 = 11"
"You are an Operating Systems tutor. Answer ONLY using the exact textbook passages provided below. Do NOT add your own examples, do NOT invent information. If the answer is not in the provided text, reply EXACTLY with the word 'OUT_OF_CONTEXT' and nothing else.","Textbook passages:
Cache coherence protocols operate at the granularity of a whole cache line (typically 64 bytes), not individual variables. False sharing occurs when two logically unrelated variables accessed by different cores happen to land on the same cache line, causing coherence traffic between cores that never actually touch each other's data.

Question: How is false sharing typically fixed?","By padding or aligning independently-accessed 'hot' variables so each one lands on its own separate cache line, even if the variable itself is much smaller than a cache line — e.g. padding each entry of a per-CPU counters array out to 64 bytes even though each individual counter is only 4 or 8 bytes, or using a compiler alignment attribute (such as C++11's alignas(64)) on frequently-contended fields, so that cores updating different logical variables never contend over the same physical cache line."
"You are an Operating Systems tutor. Answer ONLY using the exact textbook passages provided below. Do NOT add your own examples, do NOT invent information. If the answer is not in the provided text, reply EXACTLY with the word 'OUT_OF_CONTEXT' and nothing else.","Textbook passages:
Priority scheduling (non-preemptive) allocates the CPU to the ready process with the highest priority, where a SMALLER priority number means HIGHER priority. Once started, a process runs to completion. Ties are broken by earliest arrival time, then process ID. Completion Time (CT) is when a process finishes; Turnaround Time (TAT) = CT − Arrival Time; Waiting Time (WT) = TAT − Burst Time.

Question: Consider the following processes with their arrival and burst times (all times in milliseconds):

Process | Arrival Time | Burst Time | Priority
----------------------------------------------
P1      | 3            | 6          | 7
P2      | 10            | 12          | 6
P3      | 7            | 10          | 8
P4      | 1            | 5          | 4
P5      | 1            | 7          | 1

Using Priority (non-preemptive, smaller number = higher priority) scheduling, draw the Gantt chart and compute the Completion Time, Turnaround Time, and Waiting Time for each process. Also compute the average waiting time and average turnaround time.","Gantt Chart:
Idle[0-1] -> P5[1-8] -> P4[8-13] -> P2[13-25] -> P1[25-31] -> P3[31-41]

Process | CT | TAT (=CT-AT) | WT (=TAT-BT)
P1      | 31  | 28            | 22
P2      | 25  | 15            | 3
P3      | 41  | 34            | 24
P4      | 13  | 12            | 7
P5      | 8  | 7            | 0

Average Turnaround Time = (28 + 15 + 34 + 12 + 7) / 5 = 19.20 ms
Average Waiting Time = (22 + 3 + 24 + 7 + 0) / 5 = 11.20 ms"
"You are an Operating Systems tutor. Answer ONLY using the exact textbook passages provided below. Do NOT add your own examples, do NOT invent information. If the answer is not in the provided text, reply EXACTLY with the word 'OUT_OF_CONTEXT' and nothing else.","Textbook passages:
SCAN disk scheduling moves the head in one direction, servicing every pending request it passes, continuing all the way to that end of the disk (cylinder 0 or the maximum cylinder) even if no request lies exactly there, then reverses direction and services the remaining requests on the other side, stopping once the last one is serviced.

Question: A disk has 200 cylinders (numbered 0 to 199). The disk head is currently at cylinder 86. The pending requests, in the order they arrived, are: 54, 156, 73, 177, 125, 51, 31, 34, 18.

Using the SCAN (initial direction: decreasing cylinder numbers) disk scheduling algorithm, determine the order in which the requests are serviced and compute the total head movement (in number of cylinders).","Service order: 86 -> 73 -> 54 -> 51 -> 34 -> 31 -> 18 -> 125 -> 156 -> 177

Head movement per step: |73-86|=13 + |54-73|=19 + |51-54|=3 + |34-51|=17 + |31-34|=3 + |18-31|=13 + |125-18|=107 + |156-125|=31 + |177-156|=21

Total head movement = 263 cylinders"
"You are an Operating Systems tutor. Answer ONLY using the exact textbook passages provided below. Do NOT add your own examples, do NOT invent information. If the answer is not in the provided text, reply EXACTLY with the word 'OUT_OF_CONTEXT' and nothing else.","Textbook passages:
Shortest Remaining Time First (SRTF) is the preemptive version of SJF: at every instant, the CPU runs whichever ready process has the smallest remaining burst time, preempting the current process if a process with a shorter remaining time becomes ready. Ties are broken by earliest arrival time, then process ID. Completion Time (CT) is when a process finishes; Turnaround Time (TAT) = CT − Arrival Time; Waiting Time (WT) = TAT − Burst Time.

Question: Consider the following processes with their arrival and burst times (all times in milliseconds):

Process | Arrival Time | Burst Time
-----------------------------------
P1      | 5            | 7
P2      | 2            | 7
P3      | 7            | 6
P4      | 8            | 2

Using Shortest Remaining Time First (SRTF, preemptive) scheduling, draw the Gantt chart and compute the Completion Time, Turnaround Time, and Waiting Time for each process. Also compute the average waiting time and average turnaround time.","Gantt Chart:
Idle[0-2] -> P2[2-9] -> P4[9-11] -> P3[11-17] -> P1[17-24]

Process | CT | TAT (=CT-AT) | WT (=TAT-BT)
P1      | 24  | 19            | 12
P2      | 9  | 7            | 0
P3      | 17  | 10            | 4
P4      | 11  | 3            | 1

Average Turnaround Time = (19 + 7 + 10 + 3) / 4 = 9.75 ms
Average Waiting Time = (12 + 0 + 4 + 1) / 4 = 4.25 ms"
"You are an Operating Systems tutor. Answer ONLY using the exact textbook passages provided below. Do NOT add your own examples, do NOT invent information. If the answer is not in the provided text, reply EXACTLY with the word 'OUT_OF_CONTEXT' and nothing else.","Textbook passages:
Priority Inheritance Protocol: A real-time scheduling technique where a low-priority task holding a resource temporarily inherits the priority of the highest-priority task blocked waiting for that resource, bounding the delay caused by priority inversion.

Question: Explain the term Priority Inheritance Protocol in the context of operating systems.","A real-time scheduling technique where a low-priority task holding a resource temporarily inherits the priority of the highest-priority task blocked waiting for that resource, bounding the delay caused by priority inversion."
"You are an Operating Systems tutor. Answer ONLY using the exact textbook passages provided below. Do NOT add your own examples, do NOT invent information. If the answer is not in the provided text, reply EXACTLY with the word 'OUT_OF_CONTEXT' and nothing else.","Textbook passages:
A function's stack frame holds local variables followed by the saved return address. Writing past an unbounded local buffer can overwrite that return address, letting an attacker hijack control flow when the function returns. ASLR and the NX bit are standard OS/hardware defenses.

Question: Explain, at a mechanical level, how a classic stack-based buffer overflow can hijack a program's control flow, and name two OS/hardware-level defenses against it.","A function's stack frame typically contains local variables — including, potentially, a fixed-size buffer such as char buf[64] — followed by saved registers and the return address the CPU jumps back to when the function returns. If the program writes into that buffer without bounds-checking (e.g. using an unsafe function like strcpy on attacker-controlled input), an attacker can supply input longer than the buffer, and the excess bytes overflow into adjacent stack memory — including the saved return address. By crafting the overflow so the bytes landing exactly where the return address is stored spell out an address of the attacker's choosing (e.g. injected shellcode), the function's return instruction jumps to that address instead of the legitimate caller, hijacking control flow. Two standard defenses: (1) Address Space Layout Randomization (ASLR) — the OS randomizes the base addresses of the stack, heap, and shared libraries on each run, so an attacker cannot reliably predict the address to jump to. (2) The NX bit (Data Execution Prevention) — a hardware page-table permission bit marking stack (and other data) memory as non-executable, so even if execution is redirected into injected shellcode on the stack, the CPU refuses to execute instructions fetched from that page and faults instead. (Stack canaries — a random value placed between the buffer and the return address, checked before the function returns — are a common compiler-level third defense.)"
"You are an Operating Systems tutor. Answer ONLY using the exact textbook passages provided below. Do NOT add your own examples, do NOT invent information. If the answer is not in the provided text, reply EXACTLY with the word 'OUT_OF_CONTEXT' and nothing else.","Textbook passages:
The Banker's algorithm avoids deadlock by only granting a resource request if the resulting state is 'safe'. A state is safe if there is some ordering (safe sequence) of all processes such that each process's remaining Need can be satisfied by the currently Available resources plus what is freed by processes earlier in the sequence. Need[i] = Max[i] - Allocation[i]. The safety algorithm repeatedly finds any unfinished process whose Need is <= Work (initially Available), 'runs' it (adding its Allocation back to Work), and marks it finished, until no more processes can be added (safe if all finish) or no more can be found (unsafe if any remain unfinished).

Question: A system has 4 processes (P0..P3) and 3 resource types (A, B, C). The current Allocation and Max matrices, and the Available vector, are:

Allocation:
Process | A  B  C
P0      | 4  2  3
P1      | 1  6  1
P2      | 1  2  5
P3      | 7  5  2

Max:
Process | A  B  C
P0      | 8  4  3
P1      | 8  6  5
P2      | 5  3  5
P3      | 9  9  5

Available: A=7, B=5, C=6

Compute the Need matrix, and using the Banker's algorithm, determine whether the system is currently in a safe state. If it is, give a valid safe sequence.","Need = Max - Allocation:
Process | A  B  C
P0      | 4  2  0
P1      | 7  0  4
P2      | 4  1  0
P3      | 2  4  3

Need[P0] = [4, 2, 0] <= Work [7, 5, 6] -> P0 can run; Work becomes [11, 7, 9]
Need[P1] = [7, 0, 4] <= Work [11, 7, 9] -> P1 can run; Work becomes [12, 13, 10]
Need[P2] = [4, 1, 0] <= Work [12, 13, 10] -> P2 can run; Work becomes [13, 15, 15]
Need[P3] = [2, 4, 3] <= Work [13, 15, 15] -> P3 can run; Work becomes [20, 20, 17]

All processes finish. The system IS in a safe state.
Safe sequence: P0 -> P1 -> P2 -> P3"
"You are an Operating Systems tutor. Answer ONLY using the exact textbook passages provided below. Do NOT add your own examples, do NOT invent information. If the answer is not in the provided text, reply EXACTLY with the word 'OUT_OF_CONTEXT' and nothing else.","Textbook passages:
SSTF (Shortest Seek Time First) disk scheduling always services the pending request whose cylinder is closest to the disk head's current position next, minimizing each individual seek.

Question: A disk has 200 cylinders (numbered 0 to 199). The disk head is currently at cylinder 30. The pending requests, in the order they arrived, are: 79, 131, 101, 139, 121, 64, 9, 192.

Using the SSTF disk scheduling algorithm, determine the order in which the requests are serviced and compute the total head movement (in number of cylinders).","Service order: 30 -> 9 -> 64 -> 79 -> 101 -> 121 -> 131 -> 139 -> 192

Head movement per step: |9-30|=21 + |64-9|=55 + |79-64|=15 + |101-79|=22 + |121-101|=20 + |131-121|=10 + |139-131|=8 + |192-139|=53

Total head movement = 204 cylinders"
"You are an Operating Systems tutor. Answer ONLY using the exact textbook passages provided below. Do NOT add your own examples, do NOT invent information. If the answer is not in the provided text, reply EXACTLY with the word 'OUT_OF_CONTEXT' and nothing else.","Textbook passages:
Cache coherency: The property that all processors/caches in a system see a consistent, up-to-date view of shared memory data despite each holding local cached copies.

Question: Explain the term Cache coherency in the context of operating systems.","The property that all processors/caches in a system see a consistent, up-to-date view of shared memory data despite each holding local cached copies."
"You are an Operating Systems tutor. Answer ONLY using the exact textbook passages provided below. Do NOT add your own examples, do NOT invent information. If the answer is not in the provided text, reply EXACTLY with the word 'OUT_OF_CONTEXT' and nothing else.","Textbook passages:
Convoy effect: A phenomenon in FCFS scheduling where a long CPU-bound process causes many shorter processes behind it to wait an unnecessarily long time.

Question: What is Convoy effect?",A phenomenon in FCFS scheduling where a long CPU-bound process causes many shorter processes behind it to wait an unnecessarily long time.
"You are an Operating Systems tutor. Answer ONLY using the exact textbook passages provided below. Do NOT add your own examples, do NOT invent information. If the answer is not in the provided text, reply EXACTLY with the word 'OUT_OF_CONTEXT' and nothing else.","Textbook passages:
The Banker's algorithm avoids deadlock by only granting a resource request if the resulting state is 'safe'. A state is safe if there is some ordering (safe sequence) of all processes such that each process's remaining Need can be satisfied by the currently Available resources plus what is freed by processes earlier in the sequence. Need[i] = Max[i] - Allocation[i]. The safety algorithm repeatedly finds any unfinished process whose Need is <= Work (initially Available), 'runs' it (adding its Allocation back to Work), and marks it finished, until no more processes can be added (safe if all finish) or no more can be found (unsafe if any remain unfinished).

Question: A system has 3 processes (P0..P2) and 2 resource types (A, B). The current Allocation and Max matrices, and the Available vector, are:

Allocation:
Process | A  B
P0      | 5  6
P1      | 2  6
P2      | 5  7

Max:
Process | A  B
P0      | 7  9
P1      | 3  9
P2      | 5  9

Available: A=6, B=6

Process P0 now requests additional resources: A=1, B=4. Using the Banker's algorithm, determine whether this request can be granted immediately.","Need = Max - Allocation:
Process | A  B
P0      | 2  3
P1      | 1  3
P2      | 0  2

Step 1: Is Request <= Need[P0]? Request=[1, 4], Need[P0]=[2, 3]
-> No. The request exceeds P0's declared maximum need, which is an error condition. The request cannot be granted."
"You are an Operating Systems tutor. Answer ONLY using the exact textbook passages provided below. Do NOT add your own examples, do NOT invent information. If the answer is not in the provided text, reply EXACTLY with the word 'OUT_OF_CONTEXT' and nothing else.","Textbook passages:
Operating systems can be structured in several ways, including the simple/monolithic structure, layered approach, microkernel architecture, and modular approach, each trading off performance against maintainability and reliability.

Question: What is the layered approach to OS design?","In the layered approach, the OS is divided into a hierarchy of layers, each built on top of lower layers and using only their services. Layer 0 is the hardware and the topmost layer is the user interface. This improves modularity and debugging but adds performance overhead since a request may have to pass through many layers."
"You are an Operating Systems tutor. Answer ONLY using the exact textbook passages provided below. Do NOT add your own examples, do NOT invent information. If the answer is not in the provided text, reply EXACTLY with the word 'OUT_OF_CONTEXT' and nothing else.","Textbook passages:
Race condition: A flaw where the outcome of concurrent execution depends on the unpredictable timing/order of accesses to shared data by multiple processes or threads.

Question: What is Race condition?",A flaw where the outcome of concurrent execution depends on the unpredictable timing/order of accesses to shared data by multiple processes or threads.
"You are an Operating Systems tutor. Answer ONLY using the exact textbook passages provided below. Do NOT add your own examples, do NOT invent information. If the answer is not in the provided text, reply EXACTLY with the word 'OUT_OF_CONTEXT' and nothing else.","Textbook passages:
RAID (Redundant Array of Independent Disks) uses multiple physical disks to improve performance and/or reliability through techniques such as striping, mirroring, and parity.

Question: What is the chemical formula for table salt?",OUT_OF_CONTEXT
"You are an Operating Systems tutor. Answer ONLY using the exact textbook passages provided below. Do NOT add your own examples, do NOT invent information. If the answer is not in the provided text, reply EXACTLY with the word 'OUT_OF_CONTEXT' and nothing else.","Textbook passages:
A futex ('fast userspace mutex') is the Linux primitive underlying most userspace lock implementations. It separates the fast, uncontended path — handled entirely in userspace with a single atomic instruction — from the slow, contended path, which is the only case that requires an actual syscall to block or wake a thread in the kernel.

Question: Walk through the fast path (uncontended) and slow path (contended) of a futex-based mutex lock and unlock.","The lock is just a plain integer in userspace shared memory (e.g. 0 = unlocked, 1 = locked with no waiters, 2 = locked with waiters). Lock, fast path: the thread attempts an atomic compare-and-swap of the integer from 0 to 1 entirely in userspace; if it succeeds, the thread now holds the lock and no syscall was ever made. Lock, slow path: if the CAS fails because the value wasn't 0 (someone else holds it), the thread marks the value as 'locked with waiters' and makes a futex(FUTEX_WAIT, ...) syscall, which puts it to sleep in the kernel, associated with that specific memory address, until woken. Unlock, fast path: if the lock's value indicates there were no waiters, unlocking is just an atomic write of 0 back to the integer in userspace — again, no syscall. Unlock, slow path: if the value indicates waiters exist, the unlocking thread must make a futex(FUTEX_WAKE, ...) syscall to explicitly wake (at least) one sleeping waiter in the kernel. The net effect: the overwhelmingly common uncontended case costs a few nanoseconds for one atomic instruction, and the syscall/blocking cost is paid only in the genuinely rare case where a thread must actually wait."
"You are an Operating Systems tutor. Answer ONLY using the exact textbook passages provided below. Do NOT add your own examples, do NOT invent information. If the answer is not in the provided text, reply EXACTLY with the word 'OUT_OF_CONTEXT' and nothing else.","Textbook passages:
A thread is the basic unit of CPU utilization, comprising a thread ID, program counter, register set, and stack. Multiple threads within the same process share the process's code section, data section, and other OS resources like open files.

Question: Explain the many-to-one, one-to-one, and many-to-many multithreading models.","Many-to-one maps many user threads to a single kernel thread — efficient, but one blocking call blocks all threads and there is no true parallelism. One-to-one maps each user thread to its own kernel thread — allows parallelism and blocking calls don't block other threads, but thread creation overhead is higher (e.g. Windows, Linux). Many-to-many multiplexes many user threads onto a smaller or equal number of kernel threads, giving developers flexibility while letting the OS create enough kernel threads for parallelism."
"You are an Operating Systems tutor. Answer ONLY using the exact textbook passages provided below. Do NOT add your own examples, do NOT invent information. If the answer is not in the provided text, reply EXACTLY with the word 'OUT_OF_CONTEXT' and nothing else.","Textbook passages:
In contiguous memory allocation, free memory is organized as a list of holes (blocks). First-fit allocates a process into the first hole large enough to hold it (scanning from the start). Best-fit allocates into the smallest hole that is still large enough. Worst-fit allocates into the largest available hole. After allocation, the unused remainder of the chosen hole remains as a smaller free hole.

Question: Free memory consists of the following holes, in this order: B0=393KB, B1=233KB, B2=309KB, B3=203KB, B4=137KB. The following processes arrive in this order and must each be placed into a single contiguous free hole: P0=122KB, P1=180KB, P2=79KB, P3=271KB, P4=95KB.

Using the worst-fit allocation strategy, determine which memory block (if any) each process is placed into, and the sizes of the remaining free blocks after all allocations.","P0 (122KB): placed in B0 (was 393KB) -> B0 now has 271KB free
P1 (180KB): placed in B2 (was 309KB) -> B2 now has 129KB free
P2 (79KB): placed in B0 (was 271KB) -> B0 now has 192KB free
P3 (271KB): no free block is large enough -> CANNOT be allocated
P4 (95KB): placed in B1 (was 233KB) -> B1 now has 138KB free

Final remaining free block sizes: B0=192KB, B1=138KB, B2=129KB, B3=203KB, B4=137KB"
"You are an Operating Systems tutor. Answer ONLY using the exact textbook passages provided below. Do NOT add your own examples, do NOT invent information. If the answer is not in the provided text, reply EXACTLY with the word 'OUT_OF_CONTEXT' and nothing else.","Textbook passages:
SSTF (Shortest Seek Time First) disk scheduling always services the pending request whose cylinder is closest to the disk head's current position next, minimizing each individual seek.

Question: A disk has 200 cylinders (numbered 0 to 199). The disk head is currently at cylinder 149. The pending requests, in the order they arrived, are: 69, 49, 28, 84, 41, 187, 117, 165, 65.

Using the SSTF disk scheduling algorithm, determine the order in which the requests are serviced and compute the total head movement (in number of cylinders).","Service order: 149 -> 165 -> 187 -> 117 -> 84 -> 69 -> 65 -> 49 -> 41 -> 28

Head movement per step: |165-149|=16 + |187-165|=22 + |117-187|=70 + |84-117|=33 + |69-84|=15 + |65-69|=4 + |49-65|=16 + |41-49|=8 + |28-41|=13

Total head movement = 197 cylinders"
"You are an Operating Systems tutor. Answer ONLY using the exact textbook passages provided below. Do NOT add your own examples, do NOT invent information. If the answer is not in the provided text, reply EXACTLY with the word 'OUT_OF_CONTEXT' and nothing else.","Textbook passages:
Spooling: Simultaneous Peripheral Operations On-Line — buffering output for a slow device (like a printer) on disk so processes don't have to wait for the device directly.

Question: Define Spooling.",Simultaneous Peripheral Operations On-Line — buffering output for a slow device (like a printer) on disk so processes don't have to wait for the device directly.
"You are an Operating Systems tutor. Answer ONLY using the exact textbook passages provided below. Do NOT add your own examples, do NOT invent information. If the answer is not in the provided text, reply EXACTLY with the word 'OUT_OF_CONTEXT' and nothing else.","Textbook passages:
The producer-consumer, readers-writers, and dining philosophers problems are classic synchronization problems used to illustrate and test solutions to concurrent resource-sharing challenges.

Question: What is a monitor, and how does it simplify synchronization compared to using raw semaphores?","A monitor is a high-level synchronization construct that encapsulates shared data along with the procedures that operate on it, guaranteeing that only one process can be active inside the monitor at a time (built-in mutual exclusion). Condition variables (with wait() and signal()) inside the monitor handle waiting for specific conditions. It simplifies synchronization because the programmer doesn't need to manually manage semaphores for mutual exclusion — the compiler/runtime enforces it."
"You are an Operating Systems tutor. Answer ONLY using the exact textbook passages provided below. Do NOT add your own examples, do NOT invent information. If the answer is not in the provided text, reply EXACTLY with the word 'OUT_OF_CONTEXT' and nothing else.","Textbook passages:
FIFO page replacement evicts the page that has been resident in memory the longest, regardless of how recently or often it has been used, when a page fault occurs and all frames are full.

Question: A system uses 4 page frames and the FIFO page replacement algorithm. Given the page reference string:
2, 5, 5, 5, 4, 3, 4, 5, 5, 1, 3, 5, 0

Determine, for each reference, whether it is a page hit or a page fault, show the resulting frame contents, and compute the total number of page faults and page hits.","Ref | Frame contents after this reference | Hit/Fault
2   | [2]                   | Fault
5   | [2, 5]                | Fault
5   | [2, 5]                | Hit
5   | [2, 5]                | Hit
4   | [2, 5, 4]             | Fault
3   | [2, 5, 4, 3]          | Fault
4   | [2, 5, 4, 3]          | Hit
5   | [2, 5, 4, 3]          | Hit
5   | [2, 5, 4, 3]          | Hit
1   | [5, 4, 3, 1]          | Fault
3   | [5, 4, 3, 1]          | Hit
5   | [5, 4, 3, 1]          | Hit
0   | [4, 3, 1, 0]          | Fault

Total references = 13
Total page faults = 6
Total page hits = 7
Page fault rate = 6/13 = 0.46"
"You are an Operating Systems tutor. Answer ONLY using the exact textbook passages provided below. Do NOT add your own examples, do NOT invent information. If the answer is not in the provided text, reply EXACTLY with the word 'OUT_OF_CONTEXT' and nothing else.","Textbook passages:
First-Come, First-Served (FCFS) scheduling allocates the CPU to processes in the order they arrive in the ready queue. It is implemented with a simple FIFO queue and is non-preemptive.

Question: How do you bake a chocolate cake?",OUT_OF_CONTEXT
"You are an Operating Systems tutor. Answer ONLY using the exact textbook passages provided below. Do NOT add your own examples, do NOT invent information. If the answer is not in the provided text, reply EXACTLY with the word 'OUT_OF_CONTEXT' and nothing else.","Textbook passages:
Zombie process: A process that has finished execution but still has an entry in the process table because its parent has not yet called wait() to collect its exit status.

Question: What is Zombie process?",A process that has finished execution but still has an entry in the process table because its parent has not yet called wait() to collect its exit status.
"You are an Operating Systems tutor. Answer ONLY using the exact textbook passages provided below. Do NOT add your own examples, do NOT invent information. If the answer is not in the provided text, reply EXACTLY with the word 'OUT_OF_CONTEXT' and nothing else.","Textbook passages:
In contiguous memory allocation, free memory is organized as a list of holes (blocks). First-fit allocates a process into the first hole large enough to hold it (scanning from the start). Best-fit allocates into the smallest hole that is still large enough. Worst-fit allocates into the largest available hole. After allocation, the unused remainder of the chosen hole remains as a smaller free hole.

Question: Free memory consists of the following holes, in this order: B0=291KB, B1=384KB, B2=126KB, B3=237KB, B4=250KB, B5=164KB. The following processes arrive in this order and must each be placed into a single contiguous free hole: P0=178KB, P1=98KB, P2=267KB, P3=286KB, P4=291KB.

Using the worst-fit allocation strategy, determine which memory block (if any) each process is placed into, and the sizes of the remaining free blocks after all allocations.","P0 (178KB): placed in B1 (was 384KB) -> B1 now has 206KB free
P1 (98KB): placed in B0 (was 291KB) -> B0 now has 193KB free
P2 (267KB): no free block is large enough -> CANNOT be allocated
P3 (286KB): no free block is large enough -> CANNOT be allocated
P4 (291KB): no free block is large enough -> CANNOT be allocated

Final remaining free block sizes: B0=193KB, B1=206KB, B2=126KB, B3=237KB, B4=250KB, B5=164KB"
"You are an Operating Systems tutor. Answer ONLY using the exact textbook passages provided below. Do NOT add your own examples, do NOT invent information. If the answer is not in the provided text, reply EXACTLY with the word 'OUT_OF_CONTEXT' and nothing else.","Textbook passages:
C-SCAN (Circular SCAN) disk scheduling moves the head in one direction, servicing every pending request it passes, all the way to that end of the disk; it then jumps immediately to the opposite end of the disk (this jump counts toward total head movement) and continues scanning in the SAME original direction, servicing the remaining requests, ensuring more uniform wait times than SCAN.

Question: A disk has 200 cylinders (numbered 0 to 199). The disk head is currently at cylinder 38. The pending requests, in the order they arrived, are: 40, 112, 106, 123, 118, 52.

Using the C-SCAN (initial direction: decreasing cylinder numbers) disk scheduling algorithm, determine the order in which the requests are serviced and compute the total head movement (in number of cylinders).","Service order: 38 -> 123 -> 118 -> 112 -> 106 -> 52 -> 40

Head movement per step: |123-38|=85 + |118-123|=5 + |112-118|=6 + |106-112|=6 + |52-106|=54 + |40-52|=12

Total head movement = 396 cylinders"
"You are an Operating Systems tutor. Answer ONLY using the exact textbook passages provided below. Do NOT add your own examples, do NOT invent information. If the answer is not in the provided text, reply EXACTLY with the word 'OUT_OF_CONTEXT' and nothing else.","Textbook passages:
Segmentation is a memory management scheme that supports the programmer's view of memory as a collection of variable-sized logical segments, such as code, stack, and data, rather than a single linear array.

Question: How do you bake a chocolate cake?",OUT_OF_CONTEXT
"You are an Operating Systems tutor. Answer ONLY using the exact textbook passages provided below. Do NOT add your own examples, do NOT invent information. If the answer is not in the provided text, reply EXACTLY with the word 'OUT_OF_CONTEXT' and nothing else.","Textbook passages:
The Banker's algorithm avoids deadlock by only granting a resource request if the resulting state is 'safe'. A state is safe if there is some ordering (safe sequence) of all processes such that each process's remaining Need can be satisfied by the currently Available resources plus what is freed by processes earlier in the sequence. Need[i] = Max[i] - Allocation[i]. The safety algorithm repeatedly finds any unfinished process whose Need is <= Work (initially Available), 'runs' it (adding its Allocation back to Work), and marks it finished, until no more processes can be added (safe if all finish) or no more can be found (unsafe if any remain unfinished).

Question: A system has 3 processes (P0..P2) and 2 resource types (A, B). The current Allocation and Max matrices, and the Available vector, are:

Allocation:
Process | A  B
P0      | 1  0
P1      | 1  6
P2      | 3  3

Max:
Process | A  B
P0      | 5  6
P1      | 5  9
P2      | 5  3

Available: A=2, B=2

Process P2 now requests additional resources: A=0, B=0. Using the Banker's algorithm, determine whether this request can be granted immediately.","Need = Max - Allocation:
Process | A  B
P0      | 4  6
P1      | 4  3
P2      | 2  0

Step 1: Is Request <= Need[P2]? Request=[0, 0], Need[P2]=[2, 0]
-> Yes.

Step 2: Is Request <= Available? Request=[0, 0], Available=[2, 2]
-> Yes. Pretend to allocate and check safety of the resulting state.

Tentative new Available: [2, 2]
The resulting state IS safe (safe sequence: P2 -> P1 -> P0). The request is GRANTED immediately."
"You are an Operating Systems tutor. Answer ONLY using the exact textbook passages provided below. Do NOT add your own examples, do NOT invent information. If the answer is not in the provided text, reply EXACTLY with the word 'OUT_OF_CONTEXT' and nothing else.","Textbook passages:
Busy waiting: A situation where a process repeatedly checks a condition in a loop (spinning) while waiting for it to become true, wasting CPU cycles instead of blocking.

Question: What is Busy waiting?","A situation where a process repeatedly checks a condition in a loop (spinning) while waiting for it to become true, wasting CPU cycles instead of blocking."
"You are an Operating Systems tutor. Answer ONLY using the exact textbook passages provided below. Do NOT add your own examples, do NOT invent information. If the answer is not in the provided text, reply EXACTLY with the word 'OUT_OF_CONTEXT' and nothing else.","Textbook passages:
In contiguous memory allocation, free memory is organized as a list of holes (blocks). First-fit allocates a process into the first hole large enough to hold it (scanning from the start). Best-fit allocates into the smallest hole that is still large enough. Worst-fit allocates into the largest available hole. After allocation, the unused remainder of the chosen hole remains as a smaller free hole.

Question: Free memory consists of the following holes, in this order: B0=182KB, B1=258KB, B2=248KB, B3=280KB. The following processes arrive in this order and must each be placed into a single contiguous free hole: P0=237KB, P1=251KB, P2=191KB, P3=38KB, P4=229KB.

Using the worst-fit allocation strategy, determine which memory block (if any) each process is placed into, and the sizes of the remaining free blocks after all allocations.","P0 (237KB): placed in B3 (was 280KB) -> B3 now has 43KB free
P1 (251KB): placed in B1 (was 258KB) -> B1 now has 7KB free
P2 (191KB): placed in B2 (was 248KB) -> B2 now has 57KB free
P3 (38KB): placed in B0 (was 182KB) -> B0 now has 144KB free
P4 (229KB): no free block is large enough -> CANNOT be allocated

Final remaining free block sizes: B0=144KB, B1=7KB, B2=57KB, B3=43KB"
"You are an Operating Systems tutor. Answer ONLY using the exact textbook passages provided below. Do NOT add your own examples, do NOT invent information. If the answer is not in the provided text, reply EXACTLY with the word 'OUT_OF_CONTEXT' and nothing else.","Textbook passages:
The Banker's algorithm avoids deadlock by only granting a resource request if the resulting state is 'safe'. A state is safe if there is some ordering (safe sequence) of all processes such that each process's remaining Need can be satisfied by the currently Available resources plus what is freed by processes earlier in the sequence. Need[i] = Max[i] - Allocation[i]. The safety algorithm repeatedly finds any unfinished process whose Need is <= Work (initially Available), 'runs' it (adding its Allocation back to Work), and marks it finished, until no more processes can be added (safe if all finish) or no more can be found (unsafe if any remain unfinished).

Question: A system has 5 processes (P0..P4) and 2 resource types (A, B). The current Allocation and Max matrices, and the Available vector, are:

Allocation:
Process | A  B
P0      | 2  4
P1      | 9  0
P2      | 2  2
P3      | 1  3
P4      | 4  1

Max:
Process | A  B
P0      | 5  5
P1      | 9  6
P2      | 7  4
P3      | 9  8
P4      | 8  9

Available: A=3, B=4

Compute the Need matrix, and using the Banker's algorithm, determine whether the system is currently in a safe state. If it is, give a valid safe sequence.","Need = Max - Allocation:
Process | A  B
P0      | 3  1
P1      | 0  6
P2      | 5  2
P3      | 8  5
P4      | 4  8

Need[P0] = [3, 1] <= Work [3, 4] -> P0 can run; Work becomes [5, 8]
Need[P1] = [0, 6] <= Work [5, 8] -> P1 can run; Work becomes [14, 8]
Need[P2] = [5, 2] <= Work [14, 8] -> P2 can run; Work becomes [16, 10]
Need[P3] = [8, 5] <= Work [16, 10] -> P3 can run; Work becomes [17, 13]
Need[P4] = [4, 8] <= Work [17, 13] -> P4 can run; Work becomes [21, 14]

All processes finish. The system IS in a safe state.
Safe sequence: P0 -> P1 -> P2 -> P3 -> P4"
"You are an Operating Systems tutor. Answer ONLY using the exact textbook passages provided below. Do NOT add your own examples, do NOT invent information. If the answer is not in the provided text, reply EXACTLY with the word 'OUT_OF_CONTEXT' and nothing else.","Textbook passages:
The Banker's algorithm avoids deadlock by only granting a resource request if the resulting state is 'safe'. A state is safe if there is some ordering (safe sequence) of all processes such that each process's remaining Need can be satisfied by the currently Available resources plus what is freed by processes earlier in the sequence. Need[i] = Max[i] - Allocation[i]. The safety algorithm repeatedly finds any unfinished process whose Need is <= Work (initially Available), 'runs' it (adding its Allocation back to Work), and marks it finished, until no more processes can be added (safe if all finish) or no more can be found (unsafe if any remain unfinished).

Question: A system has 4 processes (P0..P3) and 3 resource types (A, B, C). The current Allocation and Max matrices, and the Available vector, are:

Allocation:
Process | A  B  C
P0      | 2  7  3
P1      | 0  3  3
P2      | 2  4  1
P3      | 2  0  5

Max:
Process | A  B  C
P0      | 8  9  3
P1      | 3  3  8
P2      | 9  9  6
P3      | 3  3  9

Available: A=4, B=2, C=4

Compute the Need matrix, and using the Banker's algorithm, determine whether the system is currently in a safe state. If it is, give a valid safe sequence.","Need = Max - Allocation:
Process | A  B  C
P0      | 6  2  0
P1      | 3  0  5
P2      | 7  5  5
P3      | 1  3  4

No unfinished process has Need <= Work at any point, so no process beyond the ones above can be scheduled. The system is NOT in a safe state (it may deadlock)."
"You are an Operating Systems tutor. Answer ONLY using the exact textbook passages provided below. Do NOT add your own examples, do NOT invent information. If the answer is not in the provided text, reply EXACTLY with the word 'OUT_OF_CONTEXT' and nothing else.","Textbook passages:
A cycle in the resource-allocation graph is necessary but not always sufficient for deadlock: it is both necessary and sufficient only when every resource type in the cycle has a single instance. With multiple instances, a cycle may not force deadlock if a request can still be satisfied from an available instance.

Question: Process P1 holds Resource R1 and requests R2. Process P2 holds R2 and requests R3. Process P3 holds R3 and requests R1. Each resource type has exactly one instance. (a) Is this system deadlocked? (b) If R1 instead had two instances, one held by P1 and the other currently available, would P3's request for R1 still contribute to a deadlock?","(a) The resource-allocation graph has assignment edges R1->P1, R2->P2, R3->P3, and request edges P1->R2, P2->R3, P3->R1. Following the edges: P1 -> R2 -> P2 -> R3 -> P3 -> R1 -> P1 closes a cycle. Since every resource type in this cycle has only a single instance, a cycle here is both necessary and sufficient for deadlock — so yes, the system is deadlocked; none of P1, P2, P3 can ever proceed. (b) If R1 has two instances and one is available, then when P3 requests R1, that request can be granted immediately from the available instance — P3 does not need to wait, so its request edge to R1 never actually blocks (it is effectively converted straight to an assignment edge). With multiple instances of a resource, a cycle in the graph is necessary but not sufficient for deadlock — you must also check whether the requests along the cycle can be satisfied from available instances, not just whether a cycle exists textually."
"You are an Operating Systems tutor. Answer ONLY using the exact textbook passages provided below. Do NOT add your own examples, do NOT invent information. If the answer is not in the provided text, reply EXACTLY with the word 'OUT_OF_CONTEXT' and nothing else.","Textbook passages:
First-Come, First-Served (FCFS) scheduling allocates the CPU to processes in the order they arrive in the ready queue. It is implemented with a simple FIFO queue and is non-preemptive.

Question: How does FCFS scheduling work?","FCFS scheduling maintains a simple FIFO queue of processes ordered by arrival time. Whichever process arrives first is allocated the CPU first, and it runs to completion (or until it needs I/O) before the next process in the queue is scheduled. It is non-preemptive and easy to implement."
"You are an Operating Systems tutor. Answer ONLY using the exact textbook passages provided below. Do NOT add your own examples, do NOT invent information. If the answer is not in the provided text, reply EXACTLY with the word 'OUT_OF_CONTEXT' and nothing else.","Textbook passages:
Cache coherence protocols operate at the granularity of a whole cache line (typically 64 bytes), not individual variables. False sharing occurs when two logically unrelated variables accessed by different cores happen to land on the same cache line, causing coherence traffic between cores that never actually touch each other's data.

Question: What is false sharing, and why does it hurt performance even though the two threads involved never touch the same logical variable?","False sharing happens when two independent variables — say, variable X written frequently by Core A and variable Y written frequently by Core B — happen to be laid out by the compiler/allocator on the SAME physical cache line. Cache coherence protocols like MESI track ownership at cache-LINE granularity, not per-byte or per-variable granularity, because that's the unit hardware actually moves between caches. So every time Core A writes X, it must invalidate that entire cache line in Core B's cache — including the copy of Y that Core B actually cares about — forcing Core B to re-fetch the line on its next access even though Y itself never changed. The same happens in reverse when Core B writes Y. The cache line ends up ping-ponging between the two cores' caches continuously, generating real coherence traffic and stall time, purely as an artifact of memory layout — there is no actual logical dependency or race between X and Y at all."
"You are an Operating Systems tutor. Answer ONLY using the exact textbook passages provided below. Do NOT add your own examples, do NOT invent information. If the answer is not in the provided text, reply EXACTLY with the word 'OUT_OF_CONTEXT' and nothing else.","Textbook passages:
Protection mechanisms control access of processes and users to system resources according to policy, while security defends the whole system against internal and external threats.

Question: Differentiate between authentication and authorization.","Authentication verifies who a user/process actually is (e.g. via passwords, biometrics, tokens). Authorization determines what an already-authenticated user/process is allowed to do — which resources and operations they are permitted to access — typically enforced afterward via access control mechanisms like an access matrix or ACLs."
"You are an Operating Systems tutor. Answer ONLY using the exact textbook passages provided below. Do NOT add your own examples, do NOT invent information. If the answer is not in the provided text, reply EXACTLY with the word 'OUT_OF_CONTEXT' and nothing else.","Textbook passages:
The Banker's algorithm avoids deadlock by only granting a resource request if the resulting state is 'safe'. A state is safe if there is some ordering (safe sequence) of all processes such that each process's remaining Need can be satisfied by the currently Available resources plus what is freed by processes earlier in the sequence. Need[i] = Max[i] - Allocation[i]. The safety algorithm repeatedly finds any unfinished process whose Need is <= Work (initially Available), 'runs' it (adding its Allocation back to Work), and marks it finished, until no more processes can be added (safe if all finish) or no more can be found (unsafe if any remain unfinished).

Question: A system has 5 processes (P0..P4) and 3 resource types (A, B, C). The current Allocation and Max matrices, and the Available vector, are:

Allocation:
Process | A  B  C
P0      | 0  3  1
P1      | 7  2  0
P2      | 0  4  4
P3      | 0  2  2
P4      | 0  3  1

Max:
Process | A  B  C
P0      | 3  8  3
P1      | 8  4  3
P2      | 6  9  6
P3      | 8  9  5
P4      | 7  9  3

Available: A=8, B=8, C=7

Compute the Need matrix, and using the Banker's algorithm, determine whether the system is currently in a safe state. If it is, give a valid safe sequence.","Need = Max - Allocation:
Process | A  B  C
P0      | 3  5  2
P1      | 1  2  3
P2      | 6  5  2
P3      | 8  7  3
P4      | 7  6  2

Need[P0] = [3, 5, 2] <= Work [8, 8, 7] -> P0 can run; Work becomes [8, 11, 8]
Need[P1] = [1, 2, 3] <= Work [8, 11, 8] -> P1 can run; Work becomes [15, 13, 8]
Need[P2] = [6, 5, 2] <= Work [15, 13, 8] -> P2 can run; Work becomes [15, 17, 12]
Need[P3] = [8, 7, 3] <= Work [15, 17, 12] -> P3 can run; Work becomes [15, 19, 14]
Need[P4] = [7, 6, 2] <= Work [15, 19, 14] -> P4 can run; Work becomes [15, 22, 15]

All processes finish. The system IS in a safe state.
Safe sequence: P0 -> P1 -> P2 -> P3 -> P4"
"You are an Operating Systems tutor. Answer ONLY using the exact textbook passages provided below. Do NOT add your own examples, do NOT invent information. If the answer is not in the provided text, reply EXACTLY with the word 'OUT_OF_CONTEXT' and nothing else.","Textbook passages:
Different CPU scheduling algorithms trade off average waiting time, responsiveness, fairness, and implementation overhead differently.

Question: Compare FCFS and SJF scheduling in terms of average waiting time.","SJF minimizes average waiting time by always running the shortest job available next, whereas FCFS ignores burst length entirely and can force short jobs to wait behind long ones (the convoy effect), typically producing a higher average waiting time than SJF for the same workload."
"You are an Operating Systems tutor. Answer ONLY using the exact textbook passages provided below. Do NOT add your own examples, do NOT invent information. If the answer is not in the provided text, reply EXACTLY with the word 'OUT_OF_CONTEXT' and nothing else.","Textbook passages:
In contiguous memory allocation, each process is allocated a single contiguous block of main memory. Free memory blocks (holes) are managed and allocated to new processes using strategies like first-fit, best-fit, and worst-fit.

Question: What is the difference between internal fragmentation and external fragmentation?","Internal fragmentation is wasted memory inside an allocated block — the block is slightly larger than what's needed (common in fixed-size partitioning/paging when a request doesn't exactly fill a block/page). External fragmentation is wasted memory between allocated blocks — enough total free memory exists to satisfy a request, but it's scattered in small non-contiguous holes so no single hole is big enough (common in contiguous/variable-size allocation)."
"You are an Operating Systems tutor. Answer ONLY using the exact textbook passages provided below. Do NOT add your own examples, do NOT invent information. If the answer is not in the provided text, reply EXACTLY with the word 'OUT_OF_CONTEXT' and nothing else.","Textbook passages:
FIFO page replacement evicts the page that has been resident in memory the longest, regardless of how recently or often it has been used, when a page fault occurs and all frames are full.

Question: A system uses 4 page frames and the FIFO page replacement algorithm. Given the page reference string:
5, 1, 1, 1, 0, 4, 3, 4, 5, 1, 3, 4, 1, 1

Determine, for each reference, whether it is a page hit or a page fault, show the resulting frame contents, and compute the total number of page faults and page hits.","Ref | Frame contents after this reference | Hit/Fault
5   | [5]                   | Fault
1   | [5, 1]                | Fault
1   | [5, 1]                | Hit
1   | [5, 1]                | Hit
0   | [5, 1, 0]             | Fault
4   | [5, 1, 0, 4]          | Fault
3   | [1, 0, 4, 3]          | Fault
4   | [1, 0, 4, 3]          | Hit
5   | [0, 4, 3, 5]          | Fault
1   | [4, 3, 5, 1]          | Fault
3   | [4, 3, 5, 1]          | Hit
4   | [4, 3, 5, 1]          | Hit
1   | [4, 3, 5, 1]          | Hit
1   | [4, 3, 5, 1]          | Hit

Total references = 14
Total page faults = 7
Total page hits = 7
Page fault rate = 7/14 = 0.50"
"You are an Operating Systems tutor. Answer ONLY using the exact textbook passages provided below. Do NOT add your own examples, do NOT invent information. If the answer is not in the provided text, reply EXACTLY with the word 'OUT_OF_CONTEXT' and nothing else.","Textbook passages:
Dirty bit (modified bit): A page table entry flag indicating that a page has been written to since it was loaded, so it must be written back to disk before being evicted.

Question: Define Dirty bit (modified bit).","A page table entry flag indicating that a page has been written to since it was loaded, so it must be written back to disk before being evicted."
"You are an Operating Systems tutor. Answer ONLY using the exact textbook passages provided below. Do NOT add your own examples, do NOT invent information. If the answer is not in the provided text, reply EXACTLY with the word 'OUT_OF_CONTEXT' and nothing else.","Textbook passages:
Compaction: The technique of relocating allocated memory blocks to be contiguous, consolidating all free memory into a single block to eliminate external fragmentation.

Question: Define Compaction.","The technique of relocating allocated memory blocks to be contiguous, consolidating all free memory into a single block to eliminate external fragmentation."
"You are an Operating Systems tutor. Answer ONLY using the exact textbook passages provided below. Do NOT add your own examples, do NOT invent information. If the answer is not in the provided text, reply EXACTLY with the word 'OUT_OF_CONTEXT' and nothing else.","Textbook passages:
Virtual memory is a technique that allows the execution of processes that are not completely in main memory, giving each process the illusion of a large, contiguous address space backed by disk.

Question: What is a page fault, and what steps does the OS take to handle one?","A page fault is a trap that occurs when a process references a page marked invalid (not currently in physical memory) in its page table. The OS: (1) checks if the reference is valid or an illegal access, (2) if valid, finds a free frame (or evicts a page using a replacement algorithm), (3) reads the required page in from disk into that frame, (4) updates the page table to mark it valid and record the frame number, and (5) restarts the instruction that caused the fault."
"You are an Operating Systems tutor. Answer ONLY using the exact textbook passages provided below. Do NOT add your own examples, do NOT invent information. If the answer is not in the provided text, reply EXACTLY with the word 'OUT_OF_CONTEXT' and nothing else.","Textbook passages:
Optimal (MIN/Belady's) page replacement evicts the page that will not be used again for the longest time in the future (or never used again), when a page fault occurs and all frames are full. It gives the theoretical minimum number of page faults but requires advance knowledge of the full reference string.

Question: A system uses 4 page frames and the Optimal page replacement algorithm. Given the page reference string:
3, 2, 1, 0, 3, 0, 5, 1, 5, 5

Determine, for each reference, whether it is a page hit or a page fault, show the resulting frame contents, and compute the total number of page faults and page hits.","Ref | Frame contents after this reference | Hit/Fault
3   | [3]                   | Fault
2   | [3, 2]                | Fault
1   | [3, 2, 1]             | Fault
0   | [3, 2, 1, 0]          | Fault
3   | [3, 2, 1, 0]          | Hit
0   | [3, 2, 1, 0]          | Hit
5   | [2, 1, 0, 5]          | Fault
1   | [2, 1, 0, 5]          | Hit
5   | [2, 1, 0, 5]          | Hit
5   | [2, 1, 0, 5]          | Hit

Total references = 10
Total page faults = 5
Total page hits = 5
Page fault rate = 5/10 = 0.50"
"You are an Operating Systems tutor. Answer ONLY using the exact textbook passages provided below. Do NOT add your own examples, do NOT invent information. If the answer is not in the provided text, reply EXACTLY with the word 'OUT_OF_CONTEXT' and nothing else.","Textbook passages:
Disk scheduling algorithms decide the order in which pending I/O requests (each targeting a specific cylinder) are serviced, aiming to minimize total head movement and/or provide fairness.

Question: Who won the FIFA World Cup in 2018?",OUT_OF_CONTEXT
"You are an Operating Systems tutor. Answer ONLY using the exact textbook passages provided below. Do NOT add your own examples, do NOT invent information. If the answer is not in the provided text, reply EXACTLY with the word 'OUT_OF_CONTEXT' and nothing else.","Textbook passages:
A file is a named collection of related information recorded on secondary storage. The operating system provides a uniform logical view of storage by abstracting the physical properties of storage devices into files.

Question: What year did World War II end?",OUT_OF_CONTEXT
"You are an Operating Systems tutor. Answer ONLY using the exact textbook passages provided below. Do NOT add your own examples, do NOT invent information. If the answer is not in the provided text, reply EXACTLY with the word 'OUT_OF_CONTEXT' and nothing else.","Textbook passages:
In contiguous memory allocation, free memory is organized as a list of holes (blocks). First-fit allocates a process into the first hole large enough to hold it (scanning from the start). Best-fit allocates into the smallest hole that is still large enough. Worst-fit allocates into the largest available hole. After allocation, the unused remainder of the chosen hole remains as a smaller free hole.

Question: Free memory consists of the following holes, in this order: B0=96KB, B1=311KB, B2=88KB, B3=101KB. The following processes arrive in this order and must each be placed into a single contiguous free hole: P0=148KB, P1=263KB, P2=181KB, P3=165KB.

Using the best-fit allocation strategy, determine which memory block (if any) each process is placed into, and the sizes of the remaining free blocks after all allocations.","P0 (148KB): placed in B1 (was 311KB) -> B1 now has 163KB free
P1 (263KB): no free block is large enough -> CANNOT be allocated
P2 (181KB): no free block is large enough -> CANNOT be allocated
P3 (165KB): no free block is large enough -> CANNOT be allocated

Final remaining free block sizes: B0=96KB, B1=163KB, B2=88KB, B3=101KB"
"You are an Operating Systems tutor. Answer ONLY using the exact textbook passages provided below. Do NOT add your own examples, do NOT invent information. If the answer is not in the provided text, reply EXACTLY with the word 'OUT_OF_CONTEXT' and nothing else.","Textbook passages:
LRU (Least Recently Used) page replacement evicts the page that has not been referenced for the longest time, when a page fault occurs and all frames are full — it uses the recent past as an approximation of the near future.

Question: A system uses 4 page frames and the LRU page replacement algorithm. Given the page reference string:
1, 2, 0, 4, 5, 1, 2, 2, 5, 5, 5, 3, 1, 4

Determine, for each reference, whether it is a page hit or a page fault, show the resulting frame contents, and compute the total number of page faults and page hits.","Ref | Frame contents after this reference | Hit/Fault
1   | [1]                   | Fault
2   | [1, 2]                | Fault
0   | [1, 2, 0]             | Fault
4   | [1, 2, 0, 4]          | Fault
5   | [2, 0, 4, 5]          | Fault
1   | [0, 4, 5, 1]          | Fault
2   | [4, 5, 1, 2]          | Fault
2   | [4, 5, 1, 2]          | Hit
5   | [4, 1, 2, 5]          | Hit
5   | [4, 1, 2, 5]          | Hit
5   | [4, 1, 2, 5]          | Hit
3   | [1, 2, 5, 3]          | Fault
1   | [2, 5, 3, 1]          | Hit
4   | [5, 3, 1, 4]          | Fault

Total references = 14
Total page faults = 9
Total page hits = 5
Page fault rate = 9/14 = 0.64"
"You are an Operating Systems tutor. Answer ONLY using the exact textbook passages provided below. Do NOT add your own examples, do NOT invent information. If the answer is not in the provided text, reply EXACTLY with the word 'OUT_OF_CONTEXT' and nothing else.","Textbook passages:
Livelock: A situation where two or more processes continuously change their state in response to each other without making any real progress, unlike deadlock where they are simply blocked.

Question: What is Livelock?","A situation where two or more processes continuously change their state in response to each other without making any real progress, unlike deadlock where they are simply blocked."
"You are an Operating Systems tutor. Answer ONLY using the exact textbook passages provided below. Do NOT add your own examples, do NOT invent information. If the answer is not in the provided text, reply EXACTLY with the word 'OUT_OF_CONTEXT' and nothing else.","Textbook passages:
Earliest Deadline First (EDF): A dynamic-priority real-time scheduling algorithm that always runs the ready task with the nearest absolute deadline; it is provably optimal and can guarantee schedulability up to 100% CPU utilization.

Question: What is Earliest Deadline First (EDF)?",A dynamic-priority real-time scheduling algorithm that always runs the ready task with the nearest absolute deadline; it is provably optimal and can guarantee schedulability up to 100% CPU utilization.
"You are an Operating Systems tutor. Answer ONLY using the exact textbook passages provided below. Do NOT add your own examples, do NOT invent information. If the answer is not in the provided text, reply EXACTLY with the word 'OUT_OF_CONTEXT' and nothing else.","Textbook passages:
Processes are created dynamically using system calls such as fork() and exec() on Unix-like systems, and cooperating processes exchange data using inter-process communication (IPC) mechanisms such as shared memory and message passing.

Question: What is the largest planet in the solar system?",OUT_OF_CONTEXT
"You are an Operating Systems tutor. Answer ONLY using the exact textbook passages provided below. Do NOT add your own examples, do NOT invent information. If the answer is not in the provided text, reply EXACTLY with the word 'OUT_OF_CONTEXT' and nothing else.","Textbook passages:
System calls provide the interface between a running program and the operating system, allowing user programs to request kernel services such as file operations, process control, and communication.

Question: What is a system call?","A system call is the programming interface through which a user-mode process requests a service from the operating system kernel, such as creating a process, opening a file, or allocating memory. It causes a controlled switch from user mode to kernel mode via a trap."
"You are an Operating Systems tutor. Answer ONLY using the exact textbook passages provided below. Do NOT add your own examples, do NOT invent information. If the answer is not in the provided text, reply EXACTLY with the word 'OUT_OF_CONTEXT' and nothing else.","Textbook passages:
The Banker's algorithm avoids deadlock by only granting a resource request if the resulting state is 'safe'. A state is safe if there is some ordering (safe sequence) of all processes such that each process's remaining Need can be satisfied by the currently Available resources plus what is freed by processes earlier in the sequence. Need[i] = Max[i] - Allocation[i]. The safety algorithm repeatedly finds any unfinished process whose Need is <= Work (initially Available), 'runs' it (adding its Allocation back to Work), and marks it finished, until no more processes can be added (safe if all finish) or no more can be found (unsafe if any remain unfinished).

Question: A system has 3 processes (P0..P2) and 2 resource types (A, B). The current Allocation and Max matrices, and the Available vector, are:

Allocation:
Process | A  B
P0      | 5  4
P1      | 6  3
P2      | 5  7

Max:
Process | A  B
P0      | 5  7
P1      | 9  5
P2      | 8  8

Available: A=4, B=3

Process P2 now requests additional resources: A=3, B=3. Using the Banker's algorithm, determine whether this request can be granted immediately.","Need = Max - Allocation:
Process | A  B
P0      | 0  3
P1      | 3  2
P2      | 3  1

Step 1: Is Request <= Need[P2]? Request=[3, 3], Need[P2]=[3, 1]
-> No. The request exceeds P2's declared maximum need, which is an error condition. The request cannot be granted."
"You are an Operating Systems tutor. Answer ONLY using the exact textbook passages provided below. Do NOT add your own examples, do NOT invent information. If the answer is not in the provided text, reply EXACTLY with the word 'OUT_OF_CONTEXT' and nothing else.","Textbook passages:
C-LOOK disk scheduling behaves like C-SCAN, but instead of jumping to the physical end of the disk, the head jumps directly to the closest pending request on the other side, avoiding unnecessary movement to an empty boundary.

Question: A disk has 200 cylinders (numbered 0 to 199). The disk head is currently at cylinder 132. The pending requests, in the order they arrived, are: 86, 47, 127, 177, 94, 132, 68, 21, 186.

Using the C-LOOK (initial direction: decreasing cylinder numbers) disk scheduling algorithm, determine the order in which the requests are serviced and compute the total head movement (in number of cylinders).","Service order: 132 -> 132 -> 127 -> 94 -> 86 -> 68 -> 47 -> 21 -> 186 -> 177

Head movement per step: |132-132|=0 + |127-132|=5 + |94-127|=33 + |86-94|=8 + |68-86|=18 + |47-68|=21 + |21-47|=26 + |186-21|=165 + |177-186|=9

Total head movement = 285 cylinders"
"You are an Operating Systems tutor. Answer ONLY using the exact textbook passages provided below. Do NOT add your own examples, do NOT invent information. If the answer is not in the provided text, reply EXACTLY with the word 'OUT_OF_CONTEXT' and nothing else.","Textbook passages:
LRU (Least Recently Used) page replacement evicts the page that has not been referenced for the longest time, when a page fault occurs and all frames are full — it uses the recent past as an approximation of the near future.

Question: A system uses 4 page frames and the LRU page replacement algorithm. Given the page reference string:
0, 3, 3, 3, 5, 0, 3, 5, 3, 0

Determine, for each reference, whether it is a page hit or a page fault, show the resulting frame contents, and compute the total number of page faults and page hits.","Ref | Frame contents after this reference | Hit/Fault
0   | [0]                   | Fault
3   | [0, 3]                | Fault
3   | [0, 3]                | Hit
3   | [0, 3]                | Hit
5   | [0, 3, 5]             | Fault
0   | [3, 5, 0]             | Hit
3   | [5, 0, 3]             | Hit
5   | [0, 3, 5]             | Hit
3   | [0, 5, 3]             | Hit
0   | [5, 3, 0]             | Hit

Total references = 10
Total page faults = 3
Total page hits = 7
Page fault rate = 3/10 = 0.30"
"You are an Operating Systems tutor. Answer ONLY using the exact textbook passages provided below. Do NOT add your own examples, do NOT invent information. If the answer is not in the provided text, reply EXACTLY with the word 'OUT_OF_CONTEXT' and nothing else.","Textbook passages:
Operating systems can be structured in several ways, including the simple/monolithic structure, layered approach, microkernel architecture, and modular approach, each trading off performance against maintainability and reliability.

Question: What is a microkernel and what is its main advantage?","A microkernel keeps only the most essential functions (basic IPC, minimal process/memory management) in kernel mode, moving services like file systems and device drivers to user-mode servers. Its main advantage is improved reliability and security — a failure in a user-mode service does not crash the kernel — at the cost of extra message-passing overhead between components."
"You are an Operating Systems tutor. Answer ONLY using the exact textbook passages provided below. Do NOT add your own examples, do NOT invent information. If the answer is not in the provided text, reply EXACTLY with the word 'OUT_OF_CONTEXT' and nothing else.","Textbook passages:
Shortest Remaining Time First (SRTF) is the preemptive version of SJF: at every instant, the CPU runs whichever ready process has the smallest remaining burst time, preempting the current process if a process with a shorter remaining time becomes ready. Ties are broken by earliest arrival time, then process ID. Completion Time (CT) is when a process finishes; Turnaround Time (TAT) = CT − Arrival Time; Waiting Time (WT) = TAT − Burst Time.

Question: Consider the following processes with their arrival and burst times (all times in milliseconds):

Process | Arrival Time | Burst Time
-----------------------------------
P1      | 2            | 7
P2      | 5            | 6
P3      | 4            | 12

Using Shortest Remaining Time First (SRTF, preemptive) scheduling, draw the Gantt chart and compute the Completion Time, Turnaround Time, and Waiting Time for each process. Also compute the average waiting time and average turnaround time.","Gantt Chart:
Idle[0-2] -> P1[2-9] -> P2[9-15] -> P3[15-27]

Process | CT | TAT (=CT-AT) | WT (=TAT-BT)
P1      | 9  | 7            | 0
P2      | 15  | 10            | 4
P3      | 27  | 23            | 11

Average Turnaround Time = (7 + 10 + 23) / 3 = 13.33 ms
Average Waiting Time = (0 + 4 + 11) / 3 = 5 ms"
"You are an Operating Systems tutor. Answer ONLY using the exact textbook passages provided below. Do NOT add your own examples, do NOT invent information. If the answer is not in the provided text, reply EXACTLY with the word 'OUT_OF_CONTEXT' and nothing else.","Textbook passages:
LRU (Least Recently Used) page replacement evicts the page that has not been referenced for the longest time, when a page fault occurs and all frames are full — it uses the recent past as an approximation of the near future.

Question: A system uses 3 page frames and the LRU page replacement algorithm. Given the page reference string:
5, 5, 4, 3, 4, 5, 2, 0, 1, 3, 4, 0

Determine, for each reference, whether it is a page hit or a page fault, show the resulting frame contents, and compute the total number of page faults and page hits.","Ref | Frame contents after this reference | Hit/Fault
5   | [5]                   | Fault
5   | [5]                   | Hit
4   | [5, 4]                | Fault
3   | [5, 4, 3]             | Fault
4   | [5, 3, 4]             | Hit
5   | [3, 4, 5]             | Hit
2   | [4, 5, 2]             | Fault
0   | [5, 2, 0]             | Fault
1   | [2, 0, 1]             | Fault
3   | [0, 1, 3]             | Fault
4   | [1, 3, 4]             | Fault
0   | [3, 4, 0]             | Fault

Total references = 12
Total page faults = 9
Total page hits = 3
Page fault rate = 9/12 = 0.75"
"You are an Operating Systems tutor. Answer ONLY using the exact textbook passages provided below. Do NOT add your own examples, do NOT invent information. If the answer is not in the provided text, reply EXACTLY with the word 'OUT_OF_CONTEXT' and nothing else.","Textbook passages:
Optimal (MIN/Belady's) page replacement evicts the page that will not be used again for the longest time in the future (or never used again), when a page fault occurs and all frames are full. It gives the theoretical minimum number of page faults but requires advance knowledge of the full reference string.

Question: A system uses 4 page frames and the Optimal page replacement algorithm. Given the page reference string:
1, 1, 4, 2, 4, 4, 2, 1, 2, 3, 2

Determine, for each reference, whether it is a page hit or a page fault, show the resulting frame contents, and compute the total number of page faults and page hits.","Ref | Frame contents after this reference | Hit/Fault
1   | [1]                   | Fault
1   | [1]                   | Hit
4   | [1, 4]                | Fault
2   | [1, 4, 2]             | Fault
4   | [1, 4, 2]             | Hit
4   | [1, 4, 2]             | Hit
2   | [1, 4, 2]             | Hit
1   | [1, 4, 2]             | Hit
2   | [1, 4, 2]             | Hit
3   | [1, 4, 2, 3]          | Fault
2   | [1, 4, 2, 3]          | Hit

Total references = 11
Total page faults = 4
Total page hits = 7
Page fault rate = 4/11 = 0.36"
"You are an Operating Systems tutor. Answer ONLY using the exact textbook passages provided below. Do NOT add your own examples, do NOT invent information. If the answer is not in the provided text, reply EXACTLY with the word 'OUT_OF_CONTEXT' and nothing else.","Textbook passages:
Paging is a memory management scheme that permits a process's physical address space to be non-contiguous. Logical memory is divided into fixed-size blocks called pages, and physical memory into equal-size blocks called frames.

Question: What is a page table, and what information does each entry typically contain?","A page table is a per-process data structure maintained by the OS that maps each logical page number to the physical frame number where it currently resides. Each entry typically also contains a valid/invalid bit (whether the page is currently in memory), protection bits (read/write/execute), a reference bit, and a dirty/modified bit."
"You are an Operating Systems tutor. Answer ONLY using the exact textbook passages provided below. Do NOT add your own examples, do NOT invent information. If the answer is not in the provided text, reply EXACTLY with the word 'OUT_OF_CONTEXT' and nothing else.","Textbook passages:
Priority inversion: A scheduling anomaly where a higher-priority process is indirectly delayed by a lower-priority process holding a resource it needs, while an unrelated medium-priority process runs in between.

Question: What is Priority inversion?","A scheduling anomaly where a higher-priority process is indirectly delayed by a lower-priority process holding a resource it needs, while an unrelated medium-priority process runs in between."
"You are an Operating Systems tutor. Answer ONLY using the exact textbook passages provided below. Do NOT add your own examples, do NOT invent information. If the answer is not in the provided text, reply EXACTLY with the word 'OUT_OF_CONTEXT' and nothing else.","Textbook passages:
FIFO page replacement evicts the page that has been resident in memory the longest, regardless of how recently or often it has been used, when a page fault occurs and all frames are full.

Question: A system uses 4 page frames and the FIFO page replacement algorithm. Given the page reference string:
1, 0, 1, 2, 4, 5, 4, 4, 5, 2, 3, 4, 4, 2

Determine, for each reference, whether it is a page hit or a page fault, show the resulting frame contents, and compute the total number of page faults and page hits.","Ref | Frame contents after this reference | Hit/Fault
1   | [1]                   | Fault
0   | [1, 0]                | Fault
1   | [1, 0]                | Hit
2   | [1, 0, 2]             | Fault
4   | [1, 0, 2, 4]          | Fault
5   | [0, 2, 4, 5]          | Fault
4   | [0, 2, 4, 5]          | Hit
4   | [0, 2, 4, 5]          | Hit
5   | [0, 2, 4, 5]          | Hit
2   | [0, 2, 4, 5]          | Hit
3   | [2, 4, 5, 3]          | Fault
4   | [2, 4, 5, 3]          | Hit
4   | [2, 4, 5, 3]          | Hit
2   | [2, 4, 5, 3]          | Hit

Total references = 14
Total page faults = 6
Total page hits = 8
Page fault rate = 6/14 = 0.43"
"You are an Operating Systems tutor. Answer ONLY using the exact textbook passages provided below. Do NOT add your own examples, do NOT invent information. If the answer is not in the provided text, reply EXACTLY with the word 'OUT_OF_CONTEXT' and nothing else.","Textbook passages:
The Banker's algorithm avoids deadlock by only granting a resource request if the resulting state is 'safe'. A state is safe if there is some ordering (safe sequence) of all processes such that each process's remaining Need can be satisfied by the currently Available resources plus what is freed by processes earlier in the sequence. Need[i] = Max[i] - Allocation[i]. The safety algorithm repeatedly finds any unfinished process whose Need is <= Work (initially Available), 'runs' it (adding its Allocation back to Work), and marks it finished, until no more processes can be added (safe if all finish) or no more can be found (unsafe if any remain unfinished).

Question: A system has 5 processes (P0..P4) and 2 resource types (A, B). The current Allocation and Max matrices, and the Available vector, are:

Allocation:
Process | A  B
P0      | 2  0
P1      | 3  0
P2      | 4  6
P3      | 1  1
P4      | 2  2

Max:
Process | A  B
P0      | 6  5
P1      | 6  6
P2      | 9  8
P3      | 7  8
P4      | 7  4

Available: A=4, B=4

Process P1 now requests additional resources: A=3, B=2. Using the Banker's algorithm, determine whether this request can be granted immediately.","Need = Max - Allocation:
Process | A  B
P0      | 4  5
P1      | 3  6
P2      | 5  2
P3      | 6  7
P4      | 5  2

Step 1: Is Request <= Need[P1]? Request=[3, 2], Need[P1]=[3, 6]
-> Yes.

Step 2: Is Request <= Available? Request=[3, 2], Available=[4, 4]
-> Yes. Pretend to allocate and check safety of the resulting state.

Tentative new Available: [1, 2]
The resulting state is NOT safe (no safe sequence exists). The request is therefore DENIED for now — P1 must wait, and the tentative allocation is rolled back."
"You are an Operating Systems tutor. Answer ONLY using the exact textbook passages provided below. Do NOT add your own examples, do NOT invent information. If the answer is not in the provided text, reply EXACTLY with the word 'OUT_OF_CONTEXT' and nothing else.","Textbook passages:
The Banker's algorithm avoids deadlock by only granting a resource request if the resulting state is 'safe'. A state is safe if there is some ordering (safe sequence) of all processes such that each process's remaining Need can be satisfied by the currently Available resources plus what is freed by processes earlier in the sequence. Need[i] = Max[i] - Allocation[i]. The safety algorithm repeatedly finds any unfinished process whose Need is <= Work (initially Available), 'runs' it (adding its Allocation back to Work), and marks it finished, until no more processes can be added (safe if all finish) or no more can be found (unsafe if any remain unfinished).

Question: A system has 5 processes (P0..P4) and 2 resource types (A, B). The current Allocation and Max matrices, and the Available vector, are:

Allocation:
Process | A  B
P0      | 3  1
P1      | 1  0
P2      | 2  1
P3      | 4  5
P4      | 6  5

Max:
Process | A  B
P0      | 6  5
P1      | 8  4
P2      | 8  8
P3      | 4  6
P4      | 7  8

Available: A=5, B=4

Compute the Need matrix, and using the Banker's algorithm, determine whether the system is currently in a safe state. If it is, give a valid safe sequence.","Need = Max - Allocation:
Process | A  B
P0      | 3  4
P1      | 7  4
P2      | 6  7
P3      | 0  1
P4      | 1  3

Need[P0] = [3, 4] <= Work [5, 4] -> P0 can run; Work becomes [8, 5]
Need[P1] = [7, 4] <= Work [8, 5] -> P1 can run; Work becomes [9, 5]
Need[P3] = [0, 1] <= Work [9, 5] -> P3 can run; Work becomes [13, 10]
Need[P4] = [1, 3] <= Work [13, 10] -> P4 can run; Work becomes [19, 15]
Need[P2] = [6, 7] <= Work [19, 15] -> P2 can run; Work becomes [21, 16]

All processes finish. The system IS in a safe state.
Safe sequence: P0 -> P1 -> P3 -> P4 -> P2"
"You are an Operating Systems tutor. Answer ONLY using the exact textbook passages provided below. Do NOT add your own examples, do NOT invent information. If the answer is not in the provided text, reply EXACTLY with the word 'OUT_OF_CONTEXT' and nothing else.","Textbook passages:
As processes enter the system, they are placed in a job queue. Processes in main memory waiting to run are in the ready queue, and processes waiting for a particular I/O device are placed in a device queue.

Question: What is the difference between a long-term scheduler and a short-term scheduler?","The long-term scheduler (job scheduler) selects which processes are admitted from secondary storage into the ready queue in memory, controlling the degree of multiprogramming and running infrequently. The short-term scheduler (CPU scheduler) selects which ready process gets the CPU next, running very frequently (every few milliseconds)."
"You are an Operating Systems tutor. Answer ONLY using the exact textbook passages provided below. Do NOT add your own examples, do NOT invent information. If the answer is not in the provided text, reply EXACTLY with the word 'OUT_OF_CONTEXT' and nothing else.","Textbook passages:
In contiguous memory allocation, free memory is organized as a list of holes (blocks). First-fit allocates a process into the first hole large enough to hold it (scanning from the start). Best-fit allocates into the smallest hole that is still large enough. Worst-fit allocates into the largest available hole. After allocation, the unused remainder of the chosen hole remains as a smaller free hole.

Question: Free memory consists of the following holes, in this order: B0=394KB, B1=117KB, B2=382KB, B3=141KB, B4=307KB. The following processes arrive in this order and must each be placed into a single contiguous free hole: P0=195KB, P1=89KB, P2=210KB, P3=275KB, P4=243KB.

Using the worst-fit allocation strategy, determine which memory block (if any) each process is placed into, and the sizes of the remaining free blocks after all allocations.","P0 (195KB): placed in B0 (was 394KB) -> B0 now has 199KB free
P1 (89KB): placed in B2 (was 382KB) -> B2 now has 293KB free
P2 (210KB): placed in B4 (was 307KB) -> B4 now has 97KB free
P3 (275KB): placed in B2 (was 293KB) -> B2 now has 18KB free
P4 (243KB): no free block is large enough -> CANNOT be allocated

Final remaining free block sizes: B0=199KB, B1=117KB, B2=18KB, B3=141KB, B4=97KB"
"You are an Operating Systems tutor. Answer ONLY using the exact textbook passages provided below. Do NOT add your own examples, do NOT invent information. If the answer is not in the provided text, reply EXACTLY with the word 'OUT_OF_CONTEXT' and nothing else.","Textbook passages:
The critical-section problem is to design a protocol that processes can use to cooperate safely when accessing shared data. A solution must satisfy mutual exclusion, progress, and bounded waiting.

Question: What are the three requirements a correct solution to the critical-section problem must satisfy?","(1) Mutual Exclusion — only one process may execute in its critical section at a time. (2) Progress — if no process is in its critical section, the selection of the next process to enter must not be postponed indefinitely, and cannot be decided by processes not requesting entry. (3) Bounded Waiting — there must be a limit on how many times other processes can enter their critical section after a process has requested entry and before that request is granted."
"You are an Operating Systems tutor. Answer ONLY using the exact textbook passages provided below. Do NOT add your own examples, do NOT invent information. If the answer is not in the provided text, reply EXACTLY with the word 'OUT_OF_CONTEXT' and nothing else.","Textbook passages:
The Banker's algorithm avoids deadlock by only granting a resource request if the resulting state is 'safe'. A state is safe if there is some ordering (safe sequence) of all processes such that each process's remaining Need can be satisfied by the currently Available resources plus what is freed by processes earlier in the sequence. Need[i] = Max[i] - Allocation[i]. The safety algorithm repeatedly finds any unfinished process whose Need is <= Work (initially Available), 'runs' it (adding its Allocation back to Work), and marks it finished, until no more processes can be added (safe if all finish) or no more can be found (unsafe if any remain unfinished).

Question: A system has 5 processes (P0..P4) and 2 resource types (A, B). The current Allocation and Max matrices, and the Available vector, are:

Allocation:
Process | A  B
P0      | 7  8
P1      | 2  2
P2      | 7  0
P3      | 1  0
P4      | 3  9

Max:
Process | A  B
P0      | 8  8
P1      | 5  7
P2      | 7  4
P3      | 7  4
P4      | 9  9

Available: A=3, B=2

Compute the Need matrix, and using the Banker's algorithm, determine whether the system is currently in a safe state. If it is, give a valid safe sequence.","Need = Max - Allocation:
Process | A  B
P0      | 1  0
P1      | 3  5
P2      | 0  4
P3      | 6  4
P4      | 6  0

Need[P0] = [1, 0] <= Work [3, 2] -> P0 can run; Work becomes [10, 10]
Need[P1] = [3, 5] <= Work [10, 10] -> P1 can run; Work becomes [12, 12]
Need[P2] = [0, 4] <= Work [12, 12] -> P2 can run; Work becomes [19, 12]
Need[P3] = [6, 4] <= Work [19, 12] -> P3 can run; Work becomes [20, 12]
Need[P4] = [6, 0] <= Work [20, 12] -> P4 can run; Work becomes [23, 21]

All processes finish. The system IS in a safe state.
Safe sequence: P0 -> P1 -> P2 -> P3 -> P4"
"You are an Operating Systems tutor. Answer ONLY using the exact textbook passages provided below. Do NOT add your own examples, do NOT invent information. If the answer is not in the provided text, reply EXACTLY with the word 'OUT_OF_CONTEXT' and nothing else.","Textbook passages:
When a process calls fork(), copying the entire parent address space immediately would be wasteful in the common case where the child soon calls exec() and discards it. Copy-on-Write (COW) defers the actual copy until a write actually occurs.

Question: Who won the FIFA World Cup in 2018?",OUT_OF_CONTEXT
"You are an Operating Systems tutor. Answer ONLY using the exact textbook passages provided below. Do NOT add your own examples, do NOT invent information. If the answer is not in the provided text, reply EXACTLY with the word 'OUT_OF_CONTEXT' and nothing else.","Textbook passages:
Once a deadlock is detected, an operating system can recover from it either by terminating one or more deadlocked processes or by preempting resources from them.

Question: What is starvation in the context of resource preemption during deadlock recovery, and how is it typically avoided?","If the same process is repeatedly chosen as the 'victim' for resource preemption, it may never complete — this is starvation. It is typically avoided by including the number of times a process has been picked as a victim as a factor in the selection cost, ensuring no process is picked an unlimited number of times."
"You are an Operating Systems tutor. Answer ONLY using the exact textbook passages provided below. Do NOT add your own examples, do NOT invent information. If the answer is not in the provided text, reply EXACTLY with the word 'OUT_OF_CONTEXT' and nothing else.","Textbook passages:
The Banker's algorithm avoids deadlock by only granting a resource request if the resulting state is 'safe'. A state is safe if there is some ordering (safe sequence) of all processes such that each process's remaining Need can be satisfied by the currently Available resources plus what is freed by processes earlier in the sequence. Need[i] = Max[i] - Allocation[i]. The safety algorithm repeatedly finds any unfinished process whose Need is <= Work (initially Available), 'runs' it (adding its Allocation back to Work), and marks it finished, until no more processes can be added (safe if all finish) or no more can be found (unsafe if any remain unfinished).

Question: A system has 5 processes (P0..P4) and 3 resource types (A, B, C). The current Allocation and Max matrices, and the Available vector, are:

Allocation:
Process | A  B  C
P0      | 2  3  1
P1      | 4  1  0
P2      | 4  6  5
P3      | 5  5  1
P4      | 0  7  4

Max:
Process | A  B  C
P0      | 5  8  3
P1      | 6  3  5
P2      | 5  8  5
P3      | 9  5  5
P4      | 8  8  8

Available: A=4, B=5, C=5

Process P0 now requests additional resources: A=1, B=2, C=2. Using the Banker's algorithm, determine whether this request can be granted immediately.","Need = Max - Allocation:
Process | A  B  C
P0      | 3  5  2
P1      | 2  2  5
P2      | 1  2  0
P3      | 4  0  4
P4      | 8  1  4

Step 1: Is Request <= Need[P0]? Request=[1, 2, 2], Need[P0]=[3, 5, 2]
-> Yes.

Step 2: Is Request <= Available? Request=[1, 2, 2], Available=[4, 5, 5]
-> Yes. Pretend to allocate and check safety of the resulting state.

Tentative new Available: [3, 3, 3]
The resulting state IS safe (safe sequence: P0 -> P1 -> P2 -> P3 -> P4). The request is GRANTED immediately."
"You are an Operating Systems tutor. Answer ONLY using the exact textbook passages provided below. Do NOT add your own examples, do NOT invent information. If the answer is not in the provided text, reply EXACTLY with the word 'OUT_OF_CONTEXT' and nothing else.","Textbook passages:
The Banker's algorithm avoids deadlock by only granting a resource request if the resulting state is 'safe'. A state is safe if there is some ordering (safe sequence) of all processes such that each process's remaining Need can be satisfied by the currently Available resources plus what is freed by processes earlier in the sequence. Need[i] = Max[i] - Allocation[i]. The safety algorithm repeatedly finds any unfinished process whose Need is <= Work (initially Available), 'runs' it (adding its Allocation back to Work), and marks it finished, until no more processes can be added (safe if all finish) or no more can be found (unsafe if any remain unfinished).

Question: A system has 4 processes (P0..P3) and 2 resource types (A, B). The current Allocation and Max matrices, and the Available vector, are:

Allocation:
Process | A  B
P0      | 4  0
P1      | 1  5
P2      | 3  5
P3      | 9  1

Max:
Process | A  B
P0      | 4  8
P1      | 3  8
P2      | 7  6
P3      | 9  9

Available: A=5, B=3

Process P0 now requests additional resources: A=0, B=5. Using the Banker's algorithm, determine whether this request can be granted immediately.","Need = Max - Allocation:
Process | A  B
P0      | 0  8
P1      | 2  3
P2      | 4  1
P3      | 0  8

Step 1: Is Request <= Need[P0]? Request=[0, 5], Need[P0]=[0, 8]
-> Yes.

Step 2: Is Request <= Available? Request=[0, 5], Available=[5, 3]
-> No. Available cannot satisfy the request, so P0 must wait until enough resources are free."
"You are an Operating Systems tutor. Answer ONLY using the exact textbook passages provided below. Do NOT add your own examples, do NOT invent information. If the answer is not in the provided text, reply EXACTLY with the word 'OUT_OF_CONTEXT' and nothing else.","Textbook passages:
The Banker's algorithm avoids deadlock by only granting a resource request if the resulting state is 'safe'. A state is safe if there is some ordering (safe sequence) of all processes such that each process's remaining Need can be satisfied by the currently Available resources plus what is freed by processes earlier in the sequence. Need[i] = Max[i] - Allocation[i]. The safety algorithm repeatedly finds any unfinished process whose Need is <= Work (initially Available), 'runs' it (adding its Allocation back to Work), and marks it finished, until no more processes can be added (safe if all finish) or no more can be found (unsafe if any remain unfinished).

Question: A system has 5 processes (P0..P4) and 2 resource types (A, B). The current Allocation and Max matrices, and the Available vector, are:

Allocation:
Process | A  B
P0      | 3  5
P1      | 6  1
P2      | 1  0
P3      | 8  3
P4      | 1  2

Max:
Process | A  B
P0      | 4  8
P1      | 7  3
P2      | 3  9
P3      | 9  3
P4      | 4  3

Available: A=3, B=5

Compute the Need matrix, and using the Banker's algorithm, determine whether the system is currently in a safe state. If it is, give a valid safe sequence.","Need = Max - Allocation:
Process | A  B
P0      | 1  3
P1      | 1  2
P2      | 2  9
P3      | 1  0
P4      | 3  1

Need[P0] = [1, 3] <= Work [3, 5] -> P0 can run; Work becomes [6, 10]
Need[P1] = [1, 2] <= Work [6, 10] -> P1 can run; Work becomes [12, 11]
Need[P2] = [2, 9] <= Work [12, 11] -> P2 can run; Work becomes [13, 11]
Need[P3] = [1, 0] <= Work [13, 11] -> P3 can run; Work becomes [21, 14]
Need[P4] = [3, 1] <= Work [21, 14] -> P4 can run; Work becomes [22, 16]

All processes finish. The system IS in a safe state.
Safe sequence: P0 -> P1 -> P2 -> P3 -> P4"
"You are an Operating Systems tutor. Answer ONLY using the exact textbook passages provided below. Do NOT add your own examples, do NOT invent information. If the answer is not in the provided text, reply EXACTLY with the word 'OUT_OF_CONTEXT' and nothing else.","Textbook passages:
In contiguous memory allocation, free memory is organized as a list of holes (blocks). First-fit allocates a process into the first hole large enough to hold it (scanning from the start). Best-fit allocates into the smallest hole that is still large enough. Worst-fit allocates into the largest available hole. After allocation, the unused remainder of the chosen hole remains as a smaller free hole.

Question: Free memory consists of the following holes, in this order: B0=292KB, B1=386KB, B2=236KB, B3=281KB, B4=108KB, B5=99KB. The following processes arrive in this order and must each be placed into a single contiguous free hole: P0=143KB, P1=31KB, P2=204KB, P3=211KB, P4=179KB.

Using the worst-fit allocation strategy, determine which memory block (if any) each process is placed into, and the sizes of the remaining free blocks after all allocations.","P0 (143KB): placed in B1 (was 386KB) -> B1 now has 243KB free
P1 (31KB): placed in B0 (was 292KB) -> B0 now has 261KB free
P2 (204KB): placed in B3 (was 281KB) -> B3 now has 77KB free
P3 (211KB): placed in B0 (was 261KB) -> B0 now has 50KB free
P4 (179KB): placed in B1 (was 243KB) -> B1 now has 64KB free

Final remaining free block sizes: B0=50KB, B1=64KB, B2=236KB, B3=77KB, B4=108KB, B5=99KB"
"You are an Operating Systems tutor. Answer ONLY using the exact textbook passages provided below. Do NOT add your own examples, do NOT invent information. If the answer is not in the provided text, reply EXACTLY with the word 'OUT_OF_CONTEXT' and nothing else.","Textbook passages:
A semaphore is an integer synchronization variable accessed only through two atomic operations, wait() (P) and signal() (V), used to control access to shared resources among concurrent processes.

Question: What is the difference between a binary semaphore and a counting semaphore?","A binary semaphore can only take the values 0 or 1 and behaves like a mutex lock, allowing mutual exclusion for a single resource. A counting semaphore can take any non-negative integer value and is used to control access to a resource with multiple identical instances (its value represents the number of available instances)."
"You are an Operating Systems tutor. Answer ONLY using the exact textbook passages provided below. Do NOT add your own examples, do NOT invent information. If the answer is not in the provided text, reply EXACTLY with the word 'OUT_OF_CONTEXT' and nothing else.","Textbook passages:
Copy-on-Write (COW): A memory-management optimization where two processes (e.g. after fork()) share the same physical pages read-only until one attempts to write, at which point a private copy of just that page is made.

Question: Define Copy-on-Write (COW).","A memory-management optimization where two processes (e.g. after fork()) share the same physical pages read-only until one attempts to write, at which point a private copy of just that page is made."
"You are an Operating Systems tutor. Answer ONLY using the exact textbook passages provided below. Do NOT add your own examples, do NOT invent information. If the answer is not in the provided text, reply EXACTLY with the word 'OUT_OF_CONTEXT' and nothing else.","Textbook passages:
LOOK disk scheduling behaves like SCAN, but instead of travelling all the way to the physical end of the disk, the head reverses direction as soon as it services the last pending request in the current direction, avoiding unnecessary movement.

Question: A disk has 200 cylinders (numbered 0 to 199). The disk head is currently at cylinder 103. The pending requests, in the order they arrived, are: 102, 171, 24, 47, 35, 122.

Using the LOOK (initial direction: decreasing cylinder numbers) disk scheduling algorithm, determine the order in which the requests are serviced and compute the total head movement (in number of cylinders).","Service order: 103 -> 102 -> 47 -> 35 -> 24 -> 122 -> 171

Head movement per step: |102-103|=1 + |47-102|=55 + |35-47|=12 + |24-35|=11 + |122-24|=98 + |171-122|=49

Total head movement = 226 cylinders"
"You are an Operating Systems tutor. Answer ONLY using the exact textbook passages provided below. Do NOT add your own examples, do NOT invent information. If the answer is not in the provided text, reply EXACTLY with the word 'OUT_OF_CONTEXT' and nothing else.","Textbook passages:
In a paged memory system, a logical address is split into a page number and an offset: page number = logical address // page size; offset = logical address % page size. The page table maps each page number to a physical frame number. The physical address is computed as: physical address = (frame number x page size) + offset.

Question: A system uses paging with a page size of 1024 bytes. A process has 6 pages, with the following page table: page 0 -> frame 7, page 1 -> frame 10, page 2 -> frame 5, page 3 -> frame 4, page 4 -> frame 3, page 5 -> frame 9.

For the logical address 891, determine: (a) the page number, (b) the offset within the page, (c) the corresponding frame number, and (d) the resulting physical address.","(a) Page number = logical address // page size = 891 // 1024 = 0
(b) Offset = logical address % page size = 891 % 1024 = 891
(c) From the page table, page 0 -> frame 7
(d) Physical address = (frame number x page size) + offset = (7 x 1024) + 891 = 8059"
"You are an Operating Systems tutor. Answer ONLY using the exact textbook passages provided below. Do NOT add your own examples, do NOT invent information. If the answer is not in the provided text, reply EXACTLY with the word 'OUT_OF_CONTEXT' and nothing else.","Textbook passages:
The Banker's algorithm avoids deadlock by only granting a resource request if the resulting state is 'safe'. A state is safe if there is some ordering (safe sequence) of all processes such that each process's remaining Need can be satisfied by the currently Available resources plus what is freed by processes earlier in the sequence. Need[i] = Max[i] - Allocation[i]. The safety algorithm repeatedly finds any unfinished process whose Need is <= Work (initially Available), 'runs' it (adding its Allocation back to Work), and marks it finished, until no more processes can be added (safe if all finish) or no more can be found (unsafe if any remain unfinished).

Question: A system has 4 processes (P0..P3) and 2 resource types (A, B). The current Allocation and Max matrices, and the Available vector, are:

Allocation:
Process | A  B
P0      | 1  7
P1      | 1  0
P2      | 4  0
P3      | 0  4

Max:
Process | A  B
P0      | 6  9
P1      | 9  7
P2      | 6  5
P3      | 7  8

Available: A=3, B=2

Compute the Need matrix, and using the Banker's algorithm, determine whether the system is currently in a safe state. If it is, give a valid safe sequence.","Need = Max - Allocation:
Process | A  B
P0      | 5  2
P1      | 8  7
P2      | 2  5
P3      | 7  4

No unfinished process has Need <= Work at any point, so no process beyond the ones above can be scheduled. The system is NOT in a safe state (it may deadlock)."
"You are an Operating Systems tutor. Answer ONLY using the exact textbook passages provided below. Do NOT add your own examples, do NOT invent information. If the answer is not in the provided text, reply EXACTLY with the word 'OUT_OF_CONTEXT' and nothing else.","Textbook passages:
Memory management is responsible for keeping track of each byte of a computer's memory, allocating and deallocating memory space as needed by processes, and protecting each process's memory from unauthorized access by others.

Question: What is the difference between static (compile-time) and dynamic (execution-time) address binding?","Static binding assigns physical memory addresses to a program at compile time or load time — the program must always load into the same location. Dynamic binding delays address assignment until run time, using base and limit registers or a memory management unit, allowing a process to be relocated in memory even after execution starts."
"You are an Operating Systems tutor. Answer ONLY using the exact textbook passages provided below. Do NOT add your own examples, do NOT invent information. If the answer is not in the provided text, reply EXACTLY with the word 'OUT_OF_CONTEXT' and nothing else.","Textbook passages:
MCS lock (queued spinlock): A queue-based spinlock where each waiting thread spins on a flag in its own local node rather than a shared variable, so an unlock only invalidates one specific waiter's cache line (O(1) cost) instead of broadcasting to every waiter.

Question: Define MCS lock (queued spinlock).","A queue-based spinlock where each waiting thread spins on a flag in its own local node rather than a shared variable, so an unlock only invalidates one specific waiter's cache line (O(1) cost) instead of broadcasting to every waiter."
"You are an Operating Systems tutor. Answer ONLY using the exact textbook passages provided below. Do NOT add your own examples, do NOT invent information. If the answer is not in the provided text, reply EXACTLY with the word 'OUT_OF_CONTEXT' and nothing else.","Textbook passages:
FIFO page replacement evicts the page that has been resident in memory the longest, regardless of how recently or often it has been used, when a page fault occurs and all frames are full.

Question: A system uses 4 page frames and the FIFO page replacement algorithm. Given the page reference string:
4, 1, 3, 0, 1, 3, 2, 0, 3, 0, 3, 4, 2

Determine, for each reference, whether it is a page hit or a page fault, show the resulting frame contents, and compute the total number of page faults and page hits.","Ref | Frame contents after this reference | Hit/Fault
4   | [4]                   | Fault
1   | [4, 1]                | Fault
3   | [4, 1, 3]             | Fault
0   | [4, 1, 3, 0]          | Fault
1   | [4, 1, 3, 0]          | Hit
3   | [4, 1, 3, 0]          | Hit
2   | [1, 3, 0, 2]          | Fault
0   | [1, 3, 0, 2]          | Hit
3   | [1, 3, 0, 2]          | Hit
0   | [1, 3, 0, 2]          | Hit
3   | [1, 3, 0, 2]          | Hit
4   | [3, 0, 2, 4]          | Fault
2   | [3, 0, 2, 4]          | Hit

Total references = 13
Total page faults = 6
Total page hits = 7
Page fault rate = 6/13 = 0.46"
"You are an Operating Systems tutor. Answer ONLY using the exact textbook passages provided below. Do NOT add your own examples, do NOT invent information. If the answer is not in the provided text, reply EXACTLY with the word 'OUT_OF_CONTEXT' and nothing else.","Textbook passages:
The statement 'counter++' is not atomic at the machine-instruction level: it typically compiles to a separate load, add, and store, and a race between two threads executing these instructions concurrently can silently lose an update.

Question: What year did World War II end?",OUT_OF_CONTEXT
"You are an Operating Systems tutor. Answer ONLY using the exact textbook passages provided below. Do NOT add your own examples, do NOT invent information. If the answer is not in the provided text, reply EXACTLY with the word 'OUT_OF_CONTEXT' and nothing else.","Textbook passages:
LOOK disk scheduling behaves like SCAN, but instead of travelling all the way to the physical end of the disk, the head reverses direction as soon as it services the last pending request in the current direction, avoiding unnecessary movement.

Question: A disk has 200 cylinders (numbered 0 to 199). The disk head is currently at cylinder 168. The pending requests, in the order they arrived, are: 43, 168, 159, 184, 154, 86, 144.

Using the LOOK (initial direction: increasing cylinder numbers) disk scheduling algorithm, determine the order in which the requests are serviced and compute the total head movement (in number of cylinders).","Service order: 168 -> 168 -> 184 -> 159 -> 154 -> 144 -> 86 -> 43

Head movement per step: |168-168|=0 + |184-168|=16 + |159-184|=25 + |154-159|=5 + |144-154|=10 + |86-144|=58 + |43-86|=43

Total head movement = 157 cylinders"
"You are an Operating Systems tutor. Answer ONLY using the exact textbook passages provided below. Do NOT add your own examples, do NOT invent information. If the answer is not in the provided text, reply EXACTLY with the word 'OUT_OF_CONTEXT' and nothing else.","Textbook passages:
Multiprogramming: Keeping multiple jobs in main memory simultaneously so the CPU can switch to another job whenever the current one needs to wait for I/O, maximizing CPU utilization.

Question: Explain the term Multiprogramming in the context of operating systems.","Keeping multiple jobs in main memory simultaneously so the CPU can switch to another job whenever the current one needs to wait for I/O, maximizing CPU utilization."
"You are an Operating Systems tutor. Answer ONLY using the exact textbook passages provided below. Do NOT add your own examples, do NOT invent information. If the answer is not in the provided text, reply EXACTLY with the word 'OUT_OF_CONTEXT' and nothing else.","Textbook passages:
RCU (Read-Copy-Update): A synchronization technique letting readers access shared data with no locking at all, by having writers publish updates via an atomic pointer swap and deferring reclamation of old versions until a grace period guarantees no reader can still be using them.

Question: What is RCU (Read-Copy-Update)?","A synchronization technique letting readers access shared data with no locking at all, by having writers publish updates via an atomic pointer swap and deferring reclamation of old versions until a grace period guarantees no reader can still be using them."
"You are an Operating Systems tutor. Answer ONLY using the exact textbook passages provided below. Do NOT add your own examples, do NOT invent information. If the answer is not in the provided text, reply EXACTLY with the word 'OUT_OF_CONTEXT' and nothing else.","Textbook passages:
Optimal (MIN/Belady's) page replacement evicts the page that will not be used again for the longest time in the future (or never used again), when a page fault occurs and all frames are full. It gives the theoretical minimum number of page faults but requires advance knowledge of the full reference string.

Question: A system uses 4 page frames and the Optimal page replacement algorithm. Given the page reference string:
0, 1, 2, 4, 1, 2, 3, 5, 3, 0, 0, 5, 4

Determine, for each reference, whether it is a page hit or a page fault, show the resulting frame contents, and compute the total number of page faults and page hits.","Ref | Frame contents after this reference | Hit/Fault
0   | [0]                   | Fault
1   | [0, 1]                | Fault
2   | [0, 1, 2]             | Fault
4   | [0, 1, 2, 4]          | Fault
1   | [0, 1, 2, 4]          | Hit
2   | [0, 1, 2, 4]          | Hit
3   | [0, 2, 4, 3]          | Fault
5   | [0, 4, 3, 5]          | Fault
3   | [0, 4, 3, 5]          | Hit
0   | [0, 4, 3, 5]          | Hit
0   | [0, 4, 3, 5]          | Hit
5   | [0, 4, 3, 5]          | Hit
4   | [0, 4, 3, 5]          | Hit

Total references = 13
Total page faults = 6
Total page hits = 7
Page fault rate = 6/13 = 0.46"
"You are an Operating Systems tutor. Answer ONLY using the exact textbook passages provided below. Do NOT add your own examples, do NOT invent information. If the answer is not in the provided text, reply EXACTLY with the word 'OUT_OF_CONTEXT' and nothing else.","Textbook passages:
In contiguous memory allocation, free memory is organized as a list of holes (blocks). First-fit allocates a process into the first hole large enough to hold it (scanning from the start). Best-fit allocates into the smallest hole that is still large enough. Worst-fit allocates into the largest available hole. After allocation, the unused remainder of the chosen hole remains as a smaller free hole.

Question: Free memory consists of the following holes, in this order: B0=128KB, B1=62KB, B2=285KB, B3=219KB, B4=69KB, B5=94KB. The following processes arrive in this order and must each be placed into a single contiguous free hole: P0=57KB, P1=121KB, P2=158KB.

Using the first-fit allocation strategy, determine which memory block (if any) each process is placed into, and the sizes of the remaining free blocks after all allocations.","P0 (57KB): placed in B0 (was 128KB) -> B0 now has 71KB free
P1 (121KB): placed in B2 (was 285KB) -> B2 now has 164KB free
P2 (158KB): placed in B2 (was 164KB) -> B2 now has 6KB free

Final remaining free block sizes: B0=71KB, B1=62KB, B2=6KB, B3=219KB, B4=69KB, B5=94KB"
"You are an Operating Systems tutor. Answer ONLY using the exact textbook passages provided below. Do NOT add your own examples, do NOT invent information. If the answer is not in the provided text, reply EXACTLY with the word 'OUT_OF_CONTEXT' and nothing else.","Textbook passages:
In a paged memory system, a logical address is split into a page number and an offset: page number = logical address // page size; offset = logical address % page size. The page table maps each page number to a physical frame number. The physical address is computed as: physical address = (frame number x page size) + offset.

Question: A system uses paging with a page size of 1024 bytes. A process has 6 pages, with the following page table: page 0 -> frame 2, page 1 -> frame 3, page 2 -> frame 0, page 3 -> frame 4, page 4 -> frame 9, page 5 -> frame 5.

For the logical address 827, determine: (a) the page number, (b) the offset within the page, (c) the corresponding frame number, and (d) the resulting physical address.","(a) Page number = logical address // page size = 827 // 1024 = 0
(b) Offset = logical address % page size = 827 % 1024 = 827
(c) From the page table, page 0 -> frame 2
(d) Physical address = (frame number x page size) + offset = (2 x 1024) + 827 = 2875"
"You are an Operating Systems tutor. Answer ONLY using the exact textbook passages provided below. Do NOT add your own examples, do NOT invent information. If the answer is not in the provided text, reply EXACTLY with the word 'OUT_OF_CONTEXT' and nothing else.","Textbook passages:
LOOK disk scheduling behaves like SCAN, but instead of travelling all the way to the physical end of the disk, the head reverses direction as soon as it services the last pending request in the current direction, avoiding unnecessary movement.

Question: A disk has 200 cylinders (numbered 0 to 199). The disk head is currently at cylinder 112. The pending requests, in the order they arrived, are: 144, 28, 15, 140, 129, 51.

Using the LOOK (initial direction: increasing cylinder numbers) disk scheduling algorithm, determine the order in which the requests are serviced and compute the total head movement (in number of cylinders).","Service order: 112 -> 129 -> 140 -> 144 -> 51 -> 28 -> 15

Head movement per step: |129-112|=17 + |140-129|=11 + |144-140|=4 + |51-144|=93 + |28-51|=23 + |15-28|=13

Total head movement = 161 cylinders"
"You are an Operating Systems tutor. Answer ONLY using the exact textbook passages provided below. Do NOT add your own examples, do NOT invent information. If the answer is not in the provided text, reply EXACTLY with the word 'OUT_OF_CONTEXT' and nothing else.","Textbook passages:
First-Come, First-Served (FCFS) CPU scheduling allocates the CPU to processes strictly in order of arrival time, using a FIFO ready queue. It is non-preemptive: once a process starts running, it runs to completion. Ties in arrival time are broken by process ID order. Completion Time (CT) is when a process finishes; Turnaround Time (TAT) = CT − Arrival Time; Waiting Time (WT) = TAT − Burst Time.

Question: Consider the following processes with their arrival and burst times (all times in milliseconds):

Process | Arrival Time | Burst Time
-----------------------------------
P1      | 2            | 5
P2      | 7            | 12
P3      | 9            | 5
P4      | 4            | 7
P5      | 9            | 11

Using First-Come, First-Served (FCFS) scheduling, draw the Gantt chart and compute the Completion Time, Turnaround Time, and Waiting Time for each process. Also compute the average waiting time and average turnaround time.","Gantt Chart:
Idle[0-2] -> P1[2-7] -> P4[7-14] -> P2[14-26] -> P3[26-31] -> P5[31-42]

Process | CT | TAT (=CT-AT) | WT (=TAT-BT)
P1      | 7  | 5            | 0
P2      | 26  | 19            | 7
P3      | 31  | 22            | 17
P4      | 14  | 10            | 3
P5      | 42  | 33            | 22

Average Turnaround Time = (5 + 19 + 22 + 10 + 33) / 5 = 17.80 ms
Average Waiting Time = (0 + 7 + 17 + 3 + 22) / 5 = 9.80 ms"
"You are an Operating Systems tutor. Answer ONLY using the exact textbook passages provided below. Do NOT add your own examples, do NOT invent information. If the answer is not in the provided text, reply EXACTLY with the word 'OUT_OF_CONTEXT' and nothing else.","Textbook passages:
SSTF (Shortest Seek Time First) disk scheduling always services the pending request whose cylinder is closest to the disk head's current position next, minimizing each individual seek.

Question: A disk has 200 cylinders (numbered 0 to 199). The disk head is currently at cylinder 32. The pending requests, in the order they arrived, are: 163, 59, 13, 25, 105, 84, 183.

Using the SSTF disk scheduling algorithm, determine the order in which the requests are serviced and compute the total head movement (in number of cylinders).","Service order: 32 -> 25 -> 13 -> 59 -> 84 -> 105 -> 163 -> 183

Head movement per step: |25-32|=7 + |13-25|=12 + |59-13|=46 + |84-59|=25 + |105-84|=21 + |163-105|=58 + |183-163|=20

Total head movement = 189 cylinders"
"You are an Operating Systems tutor. Answer ONLY using the exact textbook passages provided below. Do NOT add your own examples, do NOT invent information. If the answer is not in the provided text, reply EXACTLY with the word 'OUT_OF_CONTEXT' and nothing else.","Textbook passages:
C-LOOK disk scheduling behaves like C-SCAN, but instead of jumping to the physical end of the disk, the head jumps directly to the closest pending request on the other side, avoiding unnecessary movement to an empty boundary.

Question: A disk has 200 cylinders (numbered 0 to 199). The disk head is currently at cylinder 66. The pending requests, in the order they arrived, are: 16, 183, 198, 117, 9, 75, 51.

Using the C-LOOK (initial direction: increasing cylinder numbers) disk scheduling algorithm, determine the order in which the requests are serviced and compute the total head movement (in number of cylinders).","Service order: 66 -> 75 -> 117 -> 183 -> 198 -> 9 -> 16 -> 51

Head movement per step: |75-66|=9 + |117-75|=42 + |183-117|=66 + |198-183|=15 + |9-198|=189 + |16-9|=7 + |51-16|=35

Total head movement = 363 cylinders"
"You are an Operating Systems tutor. Answer ONLY using the exact textbook passages provided below. Do NOT add your own examples, do NOT invent information. If the answer is not in the provided text, reply EXACTLY with the word 'OUT_OF_CONTEXT' and nothing else.","Textbook passages:
Shortest Job First (SJF, non-preemptive) scheduling selects, among all processes that have arrived and are ready, the one with the smallest CPU burst time to run next; once started it runs to completion. Ties are broken by earliest arrival time, then by process ID. Completion Time (CT) is when a process finishes; Turnaround Time (TAT) = CT − Arrival Time; Waiting Time (WT) = TAT − Burst Time.

Question: Consider the following processes with their arrival and burst times (all times in milliseconds):

Process | Arrival Time | Burst Time
-----------------------------------
P1      | 5            | 6
P2      | 6            | 11
P3      | 2            | 10

Using Shortest Job First (SJF, non-preemptive) scheduling, draw the Gantt chart and compute the Completion Time, Turnaround Time, and Waiting Time for each process. Also compute the average waiting time and average turnaround time.","Gantt Chart:
Idle[0-2] -> P3[2-12] -> P1[12-18] -> P2[18-29]

Process | CT | TAT (=CT-AT) | WT (=TAT-BT)
P1      | 18  | 13            | 7
P2      | 29  | 23            | 12
P3      | 12  | 10            | 0

Average Turnaround Time = (13 + 23 + 10) / 3 = 15.33 ms
Average Waiting Time = (7 + 12 + 0) / 3 = 6.33 ms"
"You are an Operating Systems tutor. Answer ONLY using the exact textbook passages provided below. Do NOT add your own examples, do NOT invent information. If the answer is not in the provided text, reply EXACTLY with the word 'OUT_OF_CONTEXT' and nothing else.","Textbook passages:
LOOK disk scheduling behaves like SCAN, but instead of travelling all the way to the physical end of the disk, the head reverses direction as soon as it services the last pending request in the current direction, avoiding unnecessary movement.

Question: A disk has 200 cylinders (numbered 0 to 199). The disk head is currently at cylinder 174. The pending requests, in the order they arrived, are: 85, 72, 116, 164, 139, 134.

Using the LOOK (initial direction: decreasing cylinder numbers) disk scheduling algorithm, determine the order in which the requests are serviced and compute the total head movement (in number of cylinders).","Service order: 174 -> 164 -> 139 -> 134 -> 116 -> 85 -> 72

Head movement per step: |164-174|=10 + |139-164|=25 + |134-139|=5 + |116-134|=18 + |85-116|=31 + |72-85|=13

Total head movement = 102 cylinders"
"You are an Operating Systems tutor. Answer ONLY using the exact textbook passages provided below. Do NOT add your own examples, do NOT invent information. If the answer is not in the provided text, reply EXACTLY with the word 'OUT_OF_CONTEXT' and nothing else.","Textbook passages:
Optimal (MIN/Belady's) page replacement evicts the page that will not be used again for the longest time in the future (or never used again), when a page fault occurs and all frames are full. It gives the theoretical minimum number of page faults but requires advance knowledge of the full reference string.

Question: A system uses 4 page frames and the Optimal page replacement algorithm. Given the page reference string:
5, 3, 2, 0, 4, 5, 5, 0, 4, 5

Determine, for each reference, whether it is a page hit or a page fault, show the resulting frame contents, and compute the total number of page faults and page hits.","Ref | Frame contents after this reference | Hit/Fault
5   | [5]                   | Fault
3   | [5, 3]                | Fault
2   | [5, 3, 2]             | Fault
0   | [5, 3, 2, 0]          | Fault
4   | [5, 2, 0, 4]          | Fault
5   | [5, 2, 0, 4]          | Hit
5   | [5, 2, 0, 4]          | Hit
0   | [5, 2, 0, 4]          | Hit
4   | [5, 2, 0, 4]          | Hit
5   | [5, 2, 0, 4]          | Hit

Total references = 10
Total page faults = 5
Total page hits = 5
Page fault rate = 5/10 = 0.50"
"You are an Operating Systems tutor. Answer ONLY using the exact textbook passages provided below. Do NOT add your own examples, do NOT invent information. If the answer is not in the provided text, reply EXACTLY with the word 'OUT_OF_CONTEXT' and nothing else.","Textbook passages:
Round Robin (RR) scheduling gives each ready process a fixed time quantum to run. If a process does not finish within its quantum, it is preempted and placed at the back of the (circular) ready queue. Newly-arriving processes are added to the back of the queue before the just-preempted process is re-added. Completion Time (CT) is when a process finishes; Turnaround Time (TAT) = CT − Arrival Time; Waiting Time (WT) = TAT − Burst Time.

Question: Consider the following processes with their arrival and burst times (all times in milliseconds):

Process | Arrival Time | Burst Time
-----------------------------------
P1      | 2            | 8
P2      | 8            | 12
P3      | 9            | 10
P4      | 7            | 8
P5      | 5            | 5

Using Round Robin (time quantum = 3) scheduling, draw the Gantt chart and compute the Completion Time, Turnaround Time, and Waiting Time for each process. Also compute the average waiting time and average turnaround time.","Gantt Chart:
P1[2-5] -> P5[5-8] -> P1[8-11] -> P4[11-14] -> P2[14-17] -> P5[17-19] -> P3[19-22] -> P1[22-24] -> P4[24-27] -> P2[27-30] -> P3[30-33] -> P4[33-35] -> P2[35-38] -> P3[38-41] -> P2[41-44] -> P3[44-45]

Process | CT | TAT (=CT-AT) | WT (=TAT-BT)
P1      | 24  | 22            | 14
P2      | 44  | 36            | 24
P3      | 45  | 36            | 26
P4      | 35  | 28            | 20
P5      | 19  | 14            | 9

Average Turnaround Time = (22 + 36 + 36 + 28 + 14) / 5 = 27.20 ms
Average Waiting Time = (14 + 24 + 26 + 20 + 9) / 5 = 18.60 ms"
"You are an Operating Systems tutor. Answer ONLY using the exact textbook passages provided below. Do NOT add your own examples, do NOT invent information. If the answer is not in the provided text, reply EXACTLY with the word 'OUT_OF_CONTEXT' and nothing else.","Textbook passages:
The Banker's algorithm is a deadlock-avoidance algorithm that treats resource allocation like a banker extending credit: it only grants a resource request if the system remains in a safe state afterward, i.e., there exists some order in which all processes can complete.

Question: What is the difference between deadlock detection and deadlock avoidance?","Avoidance proactively checks every resource request in advance (before granting it) to ensure the system stays in a safe state, requiring processes to declare their maximum future needs upfront. Detection allows the system to enter a deadlock, and periodically runs an algorithm to check if one currently exists (using a wait-for graph or an allocation/request matrix analysis), then triggers recovery only if a deadlock is actually found."
"You are an Operating Systems tutor. Answer ONLY using the exact textbook passages provided below. Do NOT add your own examples, do NOT invent information. If the answer is not in the provided text, reply EXACTLY with the word 'OUT_OF_CONTEXT' and nothing else.","Textbook passages:
In a paged memory system, a logical address is split into a page number and an offset: page number = logical address // page size; offset = logical address % page size. The page table maps each page number to a physical frame number. The physical address is computed as: physical address = (frame number x page size) + offset.

Question: A system uses paging with a page size of 1024 bytes. A process has 6 pages, with the following page table: page 0 -> frame 11, page 1 -> frame 8, page 2 -> frame 10, page 3 -> frame 3, page 4 -> frame 9, page 5 -> frame 12.

For the logical address 5113, determine: (a) the page number, (b) the offset within the page, (c) the corresponding frame number, and (d) the resulting physical address.","(a) Page number = logical address // page size = 5113 // 1024 = 4
(b) Offset = logical address % page size = 5113 % 1024 = 1017
(c) From the page table, page 4 -> frame 9
(d) Physical address = (frame number x page size) + offset = (9 x 1024) + 1017 = 10233"
"You are an Operating Systems tutor. Answer ONLY using the exact textbook passages provided below. Do NOT add your own examples, do NOT invent information. If the answer is not in the provided text, reply EXACTLY with the word 'OUT_OF_CONTEXT' and nothing else.","Textbook passages:
A process is a program in execution. It is the fundamental unit of work in an operating system and includes the program code, current activity (program counter, registers), and associated resources such as memory and open files.

Question: What is context switching?","Context switching is the act of saving the state (PCB: registers, program counter, memory pointers) of the currently running process and loading the saved state of another process so the CPU can switch to executing it. It enables multitasking but is pure overhead — no useful work is done during the switch itself."
"You are an Operating Systems tutor. Answer ONLY using the exact textbook passages provided below. Do NOT add your own examples, do NOT invent information. If the answer is not in the provided text, reply EXACTLY with the word 'OUT_OF_CONTEXT' and nothing else.","Textbook passages:
Disk scheduling algorithms decide the order in which pending I/O requests (each targeting a specific cylinder) are serviced, aiming to minimize total head movement and/or provide fairness.

Question: Compare FCFS and SSTF disk scheduling algorithms.","FCFS services disk requests strictly in arrival order regardless of their cylinder location, which is fair and starvation-free but can cause a lot of unnecessary head movement (poor throughput). SSTF always services the closest pending request to the current head position, minimizing head movement in the short term and improving throughput, but it can starve requests that are far from the head if closer requests keep arriving."
"You are an Operating Systems tutor. Answer ONLY using the exact textbook passages provided below. Do NOT add your own examples, do NOT invent information. If the answer is not in the provided text, reply EXACTLY with the word 'OUT_OF_CONTEXT' and nothing else.","Textbook passages:
Shortest Remaining Time First (SRTF) is the preemptive version of SJF: at every instant, the CPU runs whichever ready process has the smallest remaining burst time, preempting the current process if a process with a shorter remaining time becomes ready. Ties are broken by earliest arrival time, then process ID. Completion Time (CT) is when a process finishes; Turnaround Time (TAT) = CT − Arrival Time; Waiting Time (WT) = TAT − Burst Time.

Question: Consider the following processes with their arrival and burst times (all times in milliseconds):

Process | Arrival Time | Burst Time
-----------------------------------
P1      | 5            | 7
P2      | 2            | 8
P3      | 5            | 12

Using Shortest Remaining Time First (SRTF, preemptive) scheduling, draw the Gantt chart and compute the Completion Time, Turnaround Time, and Waiting Time for each process. Also compute the average waiting time and average turnaround time.","Gantt Chart:
Idle[0-2] -> P2[2-10] -> P1[10-17] -> P3[17-29]

Process | CT | TAT (=CT-AT) | WT (=TAT-BT)
P1      | 17  | 12            | 5
P2      | 10  | 8            | 0
P3      | 29  | 24            | 12

Average Turnaround Time = (12 + 8 + 24) / 3 = 14.67 ms
Average Waiting Time = (5 + 0 + 12) / 3 = 5.67 ms"
"You are an Operating Systems tutor. Answer ONLY using the exact textbook passages provided below. Do NOT add your own examples, do NOT invent information. If the answer is not in the provided text, reply EXACTLY with the word 'OUT_OF_CONTEXT' and nothing else.","Textbook passages:
The Banker's algorithm avoids deadlock by only granting a resource request if the resulting state is 'safe'. A state is safe if there is some ordering (safe sequence) of all processes such that each process's remaining Need can be satisfied by the currently Available resources plus what is freed by processes earlier in the sequence. Need[i] = Max[i] - Allocation[i]. The safety algorithm repeatedly finds any unfinished process whose Need is <= Work (initially Available), 'runs' it (adding its Allocation back to Work), and marks it finished, until no more processes can be added (safe if all finish) or no more can be found (unsafe if any remain unfinished).

Question: A system has 3 processes (P0..P2) and 3 resource types (A, B, C). The current Allocation and Max matrices, and the Available vector, are:

Allocation:
Process | A  B  C
P0      | 4  3  0
P1      | 6  1  6
P2      | 1  0  1

Max:
Process | A  B  C
P0      | 4  6  4
P1      | 8  3  7
P2      | 3  5  7

Available: A=4, B=3, C=3

Process P2 now requests additional resources: A=2, B=7, C=4. Using the Banker's algorithm, determine whether this request can be granted immediately.","Need = Max - Allocation:
Process | A  B  C
P0      | 0  3  4
P1      | 2  2  1
P2      | 2  5  6

Step 1: Is Request <= Need[P2]? Request=[2, 7, 4], Need[P2]=[2, 5, 6]
-> No. The request exceeds P2's declared maximum need, which is an error condition. The request cannot be granted."
"You are an Operating Systems tutor. Answer ONLY using the exact textbook passages provided below. Do NOT add your own examples, do NOT invent information. If the answer is not in the provided text, reply EXACTLY with the word 'OUT_OF_CONTEXT' and nothing else.","Textbook passages:
File descriptor: A small non-negative integer that a process uses as a handle to refer to an open file or other I/O resource when making system calls.

Question: Explain the term File descriptor in the context of operating systems.",A small non-negative integer that a process uses as a handle to refer to an open file or other I/O resource when making system calls.
"You are an Operating Systems tutor. Answer ONLY using the exact textbook passages provided below. Do NOT add your own examples, do NOT invent information. If the answer is not in the provided text, reply EXACTLY with the word 'OUT_OF_CONTEXT' and nothing else.","Textbook passages:
Segmentation is a memory management scheme that supports the programmer's view of memory as a collection of variable-sized logical segments, such as code, stack, and data, rather than a single linear array.

Question: How is a logical address translated in a pure segmentation scheme?","A logical address consists of a segment number (s) and an offset (d). The segment number indexes a segment table to retrieve the segment's base address and limit (length). If the offset is less than the limit, the physical address is computed as base + offset; if the offset exceeds the limit, a segmentation fault (trap) occurs."
"You are an Operating Systems tutor. Answer ONLY using the exact textbook passages provided below. Do NOT add your own examples, do NOT invent information. If the answer is not in the provided text, reply EXACTLY with the word 'OUT_OF_CONTEXT' and nothing else.","Textbook passages:
The Banker's algorithm is a deadlock-avoidance algorithm that treats resource allocation like a banker extending credit: it only grants a resource request if the system remains in a safe state afterward, i.e., there exists some order in which all processes can complete.

Question: What data does the Banker's algorithm require about each process, and what does it check before granting a request?","It requires the Maximum claim (max resources each process may ever need), the current Allocation (what it currently holds), and Need = Max − Allocation for each process, plus the vector of Available resources. Before granting a request, it tentatively allocates the requested resources, then runs the safety algorithm to check if the resulting state is still safe; if yes, the request is granted, otherwise the process must wait."
"You are an Operating Systems tutor. Answer ONLY using the exact textbook passages provided below. Do NOT add your own examples, do NOT invent information. If the answer is not in the provided text, reply EXACTLY with the word 'OUT_OF_CONTEXT' and nothing else.","Textbook passages:
Priority inversion: A scheduling anomaly where a higher-priority process is indirectly delayed by a lower-priority process holding a resource it needs, while an unrelated medium-priority process runs in between.

Question: Explain the term Priority inversion in the context of operating systems.","A scheduling anomaly where a higher-priority process is indirectly delayed by a lower-priority process holding a resource it needs, while an unrelated medium-priority process runs in between."
"You are an Operating Systems tutor. Answer ONLY using the exact textbook passages provided below. Do NOT add your own examples, do NOT invent information. If the answer is not in the provided text, reply EXACTLY with the word 'OUT_OF_CONTEXT' and nothing else.","Textbook passages:
Memory management is responsible for keeping track of each byte of a computer's memory, allocating and deallocating memory space as needed by processes, and protecting each process's memory from unauthorized access by others.

Question: What is the square root of 256?",OUT_OF_CONTEXT
"You are an Operating Systems tutor. Answer ONLY using the exact textbook passages provided below. Do NOT add your own examples, do NOT invent information. If the answer is not in the provided text, reply EXACTLY with the word 'OUT_OF_CONTEXT' and nothing else.","Textbook passages:
Mount point: The directory within an existing file system hierarchy where a separate file system (from a disk, partition, or network share) is attached and made accessible.

Question: Define Mount point.","The directory within an existing file system hierarchy where a separate file system (from a disk, partition, or network share) is attached and made accessible."
"You are an Operating Systems tutor. Answer ONLY using the exact textbook passages provided below. Do NOT add your own examples, do NOT invent information. If the answer is not in the provided text, reply EXACTLY with the word 'OUT_OF_CONTEXT' and nothing else.","Textbook passages:
Dirty bit (modified bit): A page table entry flag indicating that a page has been written to since it was loaded, so it must be written back to disk before being evicted.

Question: What is Dirty bit (modified bit)?","A page table entry flag indicating that a page has been written to since it was loaded, so it must be written back to disk before being evicted."
"You are an Operating Systems tutor. Answer ONLY using the exact textbook passages provided below. Do NOT add your own examples, do NOT invent information. If the answer is not in the provided text, reply EXACTLY with the word 'OUT_OF_CONTEXT' and nothing else.","Textbook passages:
C-SCAN (Circular SCAN) disk scheduling moves the head in one direction, servicing every pending request it passes, all the way to that end of the disk; it then jumps immediately to the opposite end of the disk (this jump counts toward total head movement) and continues scanning in the SAME original direction, servicing the remaining requests, ensuring more uniform wait times than SCAN.

Question: A disk has 200 cylinders (numbered 0 to 199). The disk head is currently at cylinder 24. The pending requests, in the order they arrived, are: 84, 172, 28, 106, 149, 78, 185, 176.

Using the C-SCAN (initial direction: increasing cylinder numbers) disk scheduling algorithm, determine the order in which the requests are serviced and compute the total head movement (in number of cylinders).","Service order: 24 -> 28 -> 78 -> 84 -> 106 -> 149 -> 172 -> 176 -> 185

Head movement per step: |28-24|=4 + |78-28|=50 + |84-78|=6 + |106-84|=22 + |149-106|=43 + |172-149|=23 + |176-172|=4 + |185-176|=9

Total head movement = 374 cylinders"
"You are an Operating Systems tutor. Answer ONLY using the exact textbook passages provided below. Do NOT add your own examples, do NOT invent information. If the answer is not in the provided text, reply EXACTLY with the word 'OUT_OF_CONTEXT' and nothing else.","Textbook passages:
Shortest Job First (SJF, non-preemptive) scheduling selects, among all processes that have arrived and are ready, the one with the smallest CPU burst time to run next; once started it runs to completion. Ties are broken by earliest arrival time, then by process ID. Completion Time (CT) is when a process finishes; Turnaround Time (TAT) = CT − Arrival Time; Waiting Time (WT) = TAT − Burst Time.

Question: Consider the following processes with their arrival and burst times (all times in milliseconds):

Process | Arrival Time | Burst Time
-----------------------------------
P1      | 1            | 3
P2      | 1            | 10
P3      | 2            | 12
P4      | 8            | 4
P5      | 8            | 11

Using Shortest Job First (SJF, non-preemptive) scheduling, draw the Gantt chart and compute the Completion Time, Turnaround Time, and Waiting Time for each process. Also compute the average waiting time and average turnaround time.","Gantt Chart:
Idle[0-1] -> P1[1-4] -> P2[4-14] -> P4[14-18] -> P5[18-29] -> P3[29-41]

Process | CT | TAT (=CT-AT) | WT (=TAT-BT)
P1      | 4  | 3            | 0
P2      | 14  | 13            | 3
P3      | 41  | 39            | 27
P4      | 18  | 10            | 6
P5      | 29  | 21            | 10

Average Turnaround Time = (3 + 13 + 39 + 10 + 21) / 5 = 17.20 ms
Average Waiting Time = (0 + 3 + 27 + 6 + 10) / 5 = 9.20 ms"
"You are an Operating Systems tutor. Answer ONLY using the exact textbook passages provided below. Do NOT add your own examples, do NOT invent information. If the answer is not in the provided text, reply EXACTLY with the word 'OUT_OF_CONTEXT' and nothing else.","Textbook passages:
Processes are created dynamically using system calls such as fork() and exec() on Unix-like systems, and cooperating processes exchange data using inter-process communication (IPC) mechanisms such as shared memory and message passing.

Question: What are the main IPC (inter-process communication) models, and how do they differ?","Shared memory, where processes establish a region of memory they both can read/write directly — fast, but requires the processes themselves to synchronize access (e.g. using semaphores) to avoid race conditions. Message passing, where processes exchange data via send()/receive() primitives (directly, or through the kernel via pipes, message queues, sockets) — easier to use correctly and works across machines in a distributed system, but has more overhead per communication since the kernel is typically involved."
"You are an Operating Systems tutor. Answer ONLY using the exact textbook passages provided below. Do NOT add your own examples, do NOT invent information. If the answer is not in the provided text, reply EXACTLY with the word 'OUT_OF_CONTEXT' and nothing else.","Textbook passages:
In contiguous memory allocation, free memory is organized as a list of holes (blocks). First-fit allocates a process into the first hole large enough to hold it (scanning from the start). Best-fit allocates into the smallest hole that is still large enough. Worst-fit allocates into the largest available hole. After allocation, the unused remainder of the chosen hole remains as a smaller free hole.

Question: Free memory consists of the following holes, in this order: B0=266KB, B1=56KB, B2=317KB, B3=104KB, B4=62KB. The following processes arrive in this order and must each be placed into a single contiguous free hole: P0=104KB, P1=57KB, P2=58KB, P3=132KB.

Using the worst-fit allocation strategy, determine which memory block (if any) each process is placed into, and the sizes of the remaining free blocks after all allocations.","P0 (104KB): placed in B2 (was 317KB) -> B2 now has 213KB free
P1 (57KB): placed in B0 (was 266KB) -> B0 now has 209KB free
P2 (58KB): placed in B2 (was 213KB) -> B2 now has 155KB free
P3 (132KB): placed in B0 (was 209KB) -> B0 now has 77KB free

Final remaining free block sizes: B0=77KB, B1=56KB, B2=155KB, B3=104KB, B4=62KB"
"You are an Operating Systems tutor. Answer ONLY using the exact textbook passages provided below. Do NOT add your own examples, do NOT invent information. If the answer is not in the provided text, reply EXACTLY with the word 'OUT_OF_CONTEXT' and nothing else.","Textbook passages:
First-Come, First-Served (FCFS) CPU scheduling allocates the CPU to processes strictly in order of arrival time, using a FIFO ready queue. It is non-preemptive: once a process starts running, it runs to completion. Ties in arrival time are broken by process ID order. Completion Time (CT) is when a process finishes; Turnaround Time (TAT) = CT − Arrival Time; Waiting Time (WT) = TAT − Burst Time.

Question: Consider the following processes with their arrival and burst times (all times in milliseconds):

Process | Arrival Time | Burst Time
-----------------------------------
P1      | 3            | 12
P2      | 4            | 4
P3      | 0            | 4
P4      | 9            | 11
P5      | 7            | 3

Using First-Come, First-Served (FCFS) scheduling, draw the Gantt chart and compute the Completion Time, Turnaround Time, and Waiting Time for each process. Also compute the average waiting time and average turnaround time.","Gantt Chart:
P3[0-4] -> P1[4-16] -> P2[16-20] -> P5[20-23] -> P4[23-34]

Process | CT | TAT (=CT-AT) | WT (=TAT-BT)
P1      | 16  | 13            | 1
P2      | 20  | 16            | 12
P3      | 4  | 4            | 0
P4      | 34  | 25            | 14
P5      | 23  | 16            | 13

Average Turnaround Time = (13 + 16 + 4 + 25 + 16) / 5 = 14.80 ms
Average Waiting Time = (1 + 12 + 0 + 14 + 13) / 5 = 8 ms"
"You are an Operating Systems tutor. Answer ONLY using the exact textbook passages provided below. Do NOT add your own examples, do NOT invent information. If the answer is not in the provided text, reply EXACTLY with the word 'OUT_OF_CONTEXT' and nothing else.","Textbook passages:
The Banker's algorithm avoids deadlock by only granting a resource request if the resulting state is 'safe'. A state is safe if there is some ordering (safe sequence) of all processes such that each process's remaining Need can be satisfied by the currently Available resources plus what is freed by processes earlier in the sequence. Need[i] = Max[i] - Allocation[i]. The safety algorithm repeatedly finds any unfinished process whose Need is <= Work (initially Available), 'runs' it (adding its Allocation back to Work), and marks it finished, until no more processes can be added (safe if all finish) or no more can be found (unsafe if any remain unfinished).

Question: A system has 5 processes (P0..P4) and 3 resource types (A, B, C). The current Allocation and Max matrices, and the Available vector, are:

Allocation:
Process | A  B  C
P0      | 3  2  0
P1      | 4  3  2
P2      | 2  3  2
P3      | 2  3  0
P4      | 4  3  3

Max:
Process | A  B  C
P0      | 4  3  3
P1      | 4  4  8
P2      | 5  3  6
P3      | 9  3  5
P4      | 9  6  6

Available: A=4, B=3, C=8

Process P0 now requests additional resources: A=0, B=0, C=0. Using the Banker's algorithm, determine whether this request can be granted immediately.","Need = Max - Allocation:
Process | A  B  C
P0      | 1  1  3
P1      | 0  1  6
P2      | 3  0  4
P3      | 7  0  5
P4      | 5  3  3

Step 1: Is Request <= Need[P0]? Request=[0, 0, 0], Need[P0]=[1, 1, 3]
-> Yes.

Step 2: Is Request <= Available? Request=[0, 0, 0], Available=[4, 3, 8]
-> Yes. Pretend to allocate and check safety of the resulting state.

Tentative new Available: [4, 3, 8]
The resulting state IS safe (safe sequence: P0 -> P1 -> P2 -> P3 -> P4). The request is GRANTED immediately."
"You are an Operating Systems tutor. Answer ONLY using the exact textbook passages provided below. Do NOT add your own examples, do NOT invent information. If the answer is not in the provided text, reply EXACTLY with the word 'OUT_OF_CONTEXT' and nothing else.","Textbook passages:
Virtual machine: A software-based emulation of a physical computer that lets a guest operating system run isolated on top of a host system's hardware.

Question: Explain the term Virtual machine in the context of operating systems.",A software-based emulation of a physical computer that lets a guest operating system run isolated on top of a host system's hardware.
"You are an Operating Systems tutor. Answer ONLY using the exact textbook passages provided below. Do NOT add your own examples, do NOT invent information. If the answer is not in the provided text, reply EXACTLY with the word 'OUT_OF_CONTEXT' and nothing else.","Textbook passages:
Round Robin (RR) scheduling is designed for time-sharing systems. Each process is given a small fixed unit of CPU time called a time quantum, and the ready queue is treated as a circular queue.

Question: How do you convert Celsius to Fahrenheit?",OUT_OF_CONTEXT
"You are an Operating Systems tutor. Answer ONLY using the exact textbook passages provided below. Do NOT add your own examples, do NOT invent information. If the answer is not in the provided text, reply EXACTLY with the word 'OUT_OF_CONTEXT' and nothing else.","Textbook passages:
In contiguous memory allocation, free memory is organized as a list of holes (blocks). First-fit allocates a process into the first hole large enough to hold it (scanning from the start). Best-fit allocates into the smallest hole that is still large enough. Worst-fit allocates into the largest available hole. After allocation, the unused remainder of the chosen hole remains as a smaller free hole.

Question: Free memory consists of the following holes, in this order: B0=400KB, B1=210KB, B2=332KB, B3=77KB, B4=56KB. The following processes arrive in this order and must each be placed into a single contiguous free hole: P0=158KB, P1=133KB, P2=256KB, P3=145KB, P4=218KB.

Using the best-fit allocation strategy, determine which memory block (if any) each process is placed into, and the sizes of the remaining free blocks after all allocations.","P0 (158KB): placed in B1 (was 210KB) -> B1 now has 52KB free
P1 (133KB): placed in B2 (was 332KB) -> B2 now has 199KB free
P2 (256KB): placed in B0 (was 400KB) -> B0 now has 144KB free
P3 (145KB): placed in B2 (was 199KB) -> B2 now has 54KB free
P4 (218KB): no free block is large enough -> CANNOT be allocated

Final remaining free block sizes: B0=144KB, B1=52KB, B2=54KB, B3=77KB, B4=56KB"
"You are an Operating Systems tutor. Answer ONLY using the exact textbook passages provided below. Do NOT add your own examples, do NOT invent information. If the answer is not in the provided text, reply EXACTLY with the word 'OUT_OF_CONTEXT' and nothing else.","Textbook passages:
Busy waiting: A situation where a process repeatedly checks a condition in a loop (spinning) while waiting for it to become true, wasting CPU cycles instead of blocking.

Question: Define Busy waiting.","A situation where a process repeatedly checks a condition in a loop (spinning) while waiting for it to become true, wasting CPU cycles instead of blocking."
"You are an Operating Systems tutor. Answer ONLY using the exact textbook passages provided below. Do NOT add your own examples, do NOT invent information. If the answer is not in the provided text, reply EXACTLY with the word 'OUT_OF_CONTEXT' and nothing else.","Textbook passages:
LRU (Least Recently Used) page replacement evicts the page that has not been referenced for the longest time, when a page fault occurs and all frames are full — it uses the recent past as an approximation of the near future.

Question: A system uses 4 page frames and the LRU page replacement algorithm. Given the page reference string:
2, 5, 4, 0, 5, 5, 2, 0, 2, 0, 4, 5, 3

Determine, for each reference, whether it is a page hit or a page fault, show the resulting frame contents, and compute the total number of page faults and page hits.","Ref | Frame contents after this reference | Hit/Fault
2   | [2]                   | Fault
5   | [2, 5]                | Fault
4   | [2, 5, 4]             | Fault
0   | [2, 5, 4, 0]          | Fault
5   | [2, 4, 0, 5]          | Hit
5   | [2, 4, 0, 5]          | Hit
2   | [4, 0, 5, 2]          | Hit
0   | [4, 5, 2, 0]          | Hit
2   | [4, 5, 0, 2]          | Hit
0   | [4, 5, 2, 0]          | Hit
4   | [5, 2, 0, 4]          | Hit
5   | [2, 0, 4, 5]          | Hit
3   | [0, 4, 5, 3]          | Fault

Total references = 13
Total page faults = 5
Total page hits = 8
Page fault rate = 5/13 = 0.38"
"You are an Operating Systems tutor. Answer ONLY using the exact textbook passages provided below. Do NOT add your own examples, do NOT invent information. If the answer is not in the provided text, reply EXACTLY with the word 'OUT_OF_CONTEXT' and nothing else.","Textbook passages:
Time-sharing: A technique that rapidly switches the CPU between multiple users' processes, giving each the illusion of a dedicated, responsive system.

Question: Define Time-sharing.","A technique that rapidly switches the CPU between multiple users' processes, giving each the illusion of a dedicated, responsive system."
"You are an Operating Systems tutor. Answer ONLY using the exact textbook passages provided below. Do NOT add your own examples, do NOT invent information. If the answer is not in the provided text, reply EXACTLY with the word 'OUT_OF_CONTEXT' and nothing else.","Textbook passages:
Paging is a memory management scheme that permits a process's physical address space to be non-contiguous. Logical memory is divided into fixed-size blocks called pages, and physical memory into equal-size blocks called frames.

Question: How is a logical address translated to a physical address in a paged system?",The logical address is split into a page number (p) and a page offset (d). The page number indexes into the page table to find the corresponding frame number (f). The physical address is then computed as (f × page size) + d — the frame number combined with the same offset within that frame.
"You are an Operating Systems tutor. Answer ONLY using the exact textbook passages provided below. Do NOT add your own examples, do NOT invent information. If the answer is not in the provided text, reply EXACTLY with the word 'OUT_OF_CONTEXT' and nothing else.","Textbook passages:
Different CPU scheduling algorithms trade off average waiting time, responsiveness, fairness, and implementation overhead differently.

Question: What year did World War II end?",OUT_OF_CONTEXT
"You are an Operating Systems tutor. Answer ONLY using the exact textbook passages provided below. Do NOT add your own examples, do NOT invent information. If the answer is not in the provided text, reply EXACTLY with the word 'OUT_OF_CONTEXT' and nothing else.","Textbook passages:
As processes enter the system, they are placed in a job queue. Processes in main memory waiting to run are in the ready queue, and processes waiting for a particular I/O device are placed in a device queue.

Question: What is a medium-term scheduler and why is it used?","A medium-term scheduler temporarily removes (swaps out) a process from main memory to secondary storage to reduce the degree of multiprogramming, and later swaps it back in. It is used to improve the process mix and free up memory when the system is overloaded."
"You are an Operating Systems tutor. Answer ONLY using the exact textbook passages provided below. Do NOT add your own examples, do NOT invent information. If the answer is not in the provided text, reply EXACTLY with the word 'OUT_OF_CONTEXT' and nothing else.","Textbook passages:
The Banker's algorithm avoids deadlock by only granting a resource request if the resulting state is 'safe'. A state is safe if there is some ordering (safe sequence) of all processes such that each process's remaining Need can be satisfied by the currently Available resources plus what is freed by processes earlier in the sequence. Need[i] = Max[i] - Allocation[i]. The safety algorithm repeatedly finds any unfinished process whose Need is <= Work (initially Available), 'runs' it (adding its Allocation back to Work), and marks it finished, until no more processes can be added (safe if all finish) or no more can be found (unsafe if any remain unfinished).

Question: A system has 4 processes (P0..P3) and 3 resource types (A, B, C). The current Allocation and Max matrices, and the Available vector, are:

Allocation:
Process | A  B  C
P0      | 0  1  3
P1      | 3  2  3
P2      | 0  8  5
P3      | 3  3  2

Max:
Process | A  B  C
P0      | 5  6  5
P1      | 4  3  4
P2      | 4  9  9
P3      | 7  3  4

Available: A=5, B=4, C=8

Process P1 now requests additional resources: A=1, B=0, C=0. Using the Banker's algorithm, determine whether this request can be granted immediately.","Need = Max - Allocation:
Process | A  B  C
P0      | 5  5  2
P1      | 1  1  1
P2      | 4  1  4
P3      | 4  0  2

Step 1: Is Request <= Need[P1]? Request=[1, 0, 0], Need[P1]=[1, 1, 1]
-> Yes.

Step 2: Is Request <= Available? Request=[1, 0, 0], Available=[5, 4, 8]
-> Yes. Pretend to allocate and check safety of the resulting state.

Tentative new Available: [4, 4, 8]
The resulting state IS safe (safe sequence: P1 -> P2 -> P3 -> P0). The request is GRANTED immediately."
"You are an Operating Systems tutor. Answer ONLY using the exact textbook passages provided below. Do NOT add your own examples, do NOT invent information. If the answer is not in the provided text, reply EXACTLY with the word 'OUT_OF_CONTEXT' and nothing else.","Textbook passages:
SCAN disk scheduling moves the head in one direction, servicing every pending request it passes, continuing all the way to that end of the disk (cylinder 0 or the maximum cylinder) even if no request lies exactly there, then reverses direction and services the remaining requests on the other side, stopping once the last one is serviced.

Question: A disk has 200 cylinders (numbered 0 to 199). The disk head is currently at cylinder 91. The pending requests, in the order they arrived, are: 29, 6, 188, 47, 127, 132, 99.

Using the SCAN (initial direction: increasing cylinder numbers) disk scheduling algorithm, determine the order in which the requests are serviced and compute the total head movement (in number of cylinders).","Service order: 91 -> 99 -> 127 -> 132 -> 188 -> 47 -> 29 -> 6

Head movement per step: |99-91|=8 + |127-99|=28 + |132-127|=5 + |188-132|=56 + |47-188|=141 + |29-47|=18 + |6-29|=23

Total head movement = 301 cylinders"
"You are an Operating Systems tutor. Answer ONLY using the exact textbook passages provided below. Do NOT add your own examples, do NOT invent information. If the answer is not in the provided text, reply EXACTLY with the word 'OUT_OF_CONTEXT' and nothing else.","Textbook passages:
SSTF (Shortest Seek Time First) disk scheduling always services the pending request whose cylinder is closest to the disk head's current position next, minimizing each individual seek.

Question: A disk has 200 cylinders (numbered 0 to 199). The disk head is currently at cylinder 161. The pending requests, in the order they arrived, are: 32, 160, 77, 157, 136, 23, 128, 164.

Using the SSTF disk scheduling algorithm, determine the order in which the requests are serviced and compute the total head movement (in number of cylinders).","Service order: 161 -> 160 -> 157 -> 164 -> 136 -> 128 -> 77 -> 32 -> 23

Head movement per step: |160-161|=1 + |157-160|=3 + |164-157|=7 + |136-164|=28 + |128-136|=8 + |77-128|=51 + |32-77|=45 + |23-32|=9

Total head movement = 152 cylinders"
"You are an Operating Systems tutor. Answer ONLY using the exact textbook passages provided below. Do NOT add your own examples, do NOT invent information. If the answer is not in the provided text, reply EXACTLY with the word 'OUT_OF_CONTEXT' and nothing else.","Textbook passages:
A semaphore is an integer synchronization variable accessed only through two atomic operations, wait() (P) and signal() (V), used to control access to shared resources among concurrent processes.

Question: What is a semaphore and what operations does it support?","A semaphore S is an integer variable that, besides initialization, is accessed only through two standard atomic operations: wait(S) (also called P), which decrements S and blocks the caller if S becomes negative, and signal(S) (also called V), which increments S and wakes a blocked process if any are waiting."
"You are an Operating Systems tutor. Answer ONLY using the exact textbook passages provided below. Do NOT add your own examples, do NOT invent information. If the answer is not in the provided text, reply EXACTLY with the word 'OUT_OF_CONTEXT' and nothing else.","Textbook passages:
System calls provide the interface between a running program and the operating system, allowing user programs to request kernel services such as file operations, process control, and communication.

Question: How does a system call switch from user mode to kernel mode?","The user program executes a special trap instruction (a software interrupt) with a system call number and arguments placed in registers or on the stack. This transfers control to a fixed kernel entry point, the processor mode bit switches to kernel mode, the kernel dispatches to the correct system call handler and executes it with full hardware access, then returns control and switches back to user mode."
"You are an Operating Systems tutor. Answer ONLY using the exact textbook passages provided below. Do NOT add your own examples, do NOT invent information. If the answer is not in the provided text, reply EXACTLY with the word 'OUT_OF_CONTEXT' and nothing else.","Textbook passages:
In contiguous memory allocation, free memory is organized as a list of holes (blocks). First-fit allocates a process into the first hole large enough to hold it (scanning from the start). Best-fit allocates into the smallest hole that is still large enough. Worst-fit allocates into the largest available hole. After allocation, the unused remainder of the chosen hole remains as a smaller free hole.

Question: Free memory consists of the following holes, in this order: B0=151KB, B1=347KB, B2=299KB, B3=219KB. The following processes arrive in this order and must each be placed into a single contiguous free hole: P0=95KB, P1=150KB, P2=81KB, P3=175KB.

Using the best-fit allocation strategy, determine which memory block (if any) each process is placed into, and the sizes of the remaining free blocks after all allocations.","P0 (95KB): placed in B0 (was 151KB) -> B0 now has 56KB free
P1 (150KB): placed in B3 (was 219KB) -> B3 now has 69KB free
P2 (81KB): placed in B2 (was 299KB) -> B2 now has 218KB free
P3 (175KB): placed in B2 (was 218KB) -> B2 now has 43KB free

Final remaining free block sizes: B0=56KB, B1=347KB, B2=43KB, B3=69KB"
"You are an Operating Systems tutor. Answer ONLY using the exact textbook passages provided below. Do NOT add your own examples, do NOT invent information. If the answer is not in the provided text, reply EXACTLY with the word 'OUT_OF_CONTEXT' and nothing else.","Textbook passages:
Mutual exclusion: The requirement that only one process/thread can execute in a critical section (accessing a shared resource) at any given time.

Question: What is Mutual exclusion?",The requirement that only one process/thread can execute in a critical section (accessing a shared resource) at any given time.
"You are an Operating Systems tutor. Answer ONLY using the exact textbook passages provided below. Do NOT add your own examples, do NOT invent information. If the answer is not in the provided text, reply EXACTLY with the word 'OUT_OF_CONTEXT' and nothing else.","Textbook passages:
A file is a named collection of related information recorded on secondary storage. The operating system provides a uniform logical view of storage by abstracting the physical properties of storage devices into files.

Question: What are common directory structure types?","Single-level directory (all files in one flat list — simple but causes naming conflicts), two-level directory (a separate directory per user), tree-structured directory (hierarchical directories and subdirectories, the most common today), and acyclic-graph directory (allows shared subdirectories/files via links, as long as no cycles are created)."
"You are an Operating Systems tutor. Answer ONLY using the exact textbook passages provided below. Do NOT add your own examples, do NOT invent information. If the answer is not in the provided text, reply EXACTLY with the word 'OUT_OF_CONTEXT' and nothing else.","Textbook passages:
Operating systems can be structured in several ways, including the simple/monolithic structure, layered approach, microkernel architecture, and modular approach, each trading off performance against maintainability and reliability.

Question: What is the difference between a system call and a system program?","A system call is a low-level, direct request from a program to the kernel for a service (e.g. read(), fork()), typically invoked via a trap/software interrupt. A system program (or system utility) is a higher-level, user-facing program shipped with the OS (e.g. a file manager, compiler, or text editor) that itself may use several system calls internally."
"You are an Operating Systems tutor. Answer ONLY using the exact textbook passages provided below. Do NOT add your own examples, do NOT invent information. If the answer is not in the provided text, reply EXACTLY with the word 'OUT_OF_CONTEXT' and nothing else.","Textbook passages:
In contiguous memory allocation, free memory is organized as a list of holes (blocks). First-fit allocates a process into the first hole large enough to hold it (scanning from the start). Best-fit allocates into the smallest hole that is still large enough. Worst-fit allocates into the largest available hole. After allocation, the unused remainder of the chosen hole remains as a smaller free hole.

Question: Free memory consists of the following holes, in this order: B0=97KB, B1=240KB, B2=225KB, B3=143KB, B4=108KB. The following processes arrive in this order and must each be placed into a single contiguous free hole: P0=234KB, P1=263KB, P2=169KB, P3=227KB.

Using the worst-fit allocation strategy, determine which memory block (if any) each process is placed into, and the sizes of the remaining free blocks after all allocations.","P0 (234KB): placed in B1 (was 240KB) -> B1 now has 6KB free
P1 (263KB): no free block is large enough -> CANNOT be allocated
P2 (169KB): placed in B2 (was 225KB) -> B2 now has 56KB free
P3 (227KB): no free block is large enough -> CANNOT be allocated

Final remaining free block sizes: B0=97KB, B1=6KB, B2=56KB, B3=143KB, B4=108KB"
"You are an Operating Systems tutor. Answer ONLY using the exact textbook passages provided below. Do NOT add your own examples, do NOT invent information. If the answer is not in the provided text, reply EXACTLY with the word 'OUT_OF_CONTEXT' and nothing else.","Textbook passages:
FIFO page replacement evicts the page that has been resident in memory the longest, regardless of how recently or often it has been used, when a page fault occurs and all frames are full.

Question: A system uses 3 page frames and the FIFO page replacement algorithm. Given the page reference string:
3, 5, 3, 3, 4, 3, 3, 2, 1, 4, 0, 2

Determine, for each reference, whether it is a page hit or a page fault, show the resulting frame contents, and compute the total number of page faults and page hits.","Ref | Frame contents after this reference | Hit/Fault
3   | [3]                   | Fault
5   | [3, 5]                | Fault
3   | [3, 5]                | Hit
3   | [3, 5]                | Hit
4   | [3, 5, 4]             | Fault
3   | [3, 5, 4]             | Hit
3   | [3, 5, 4]             | Hit
2   | [5, 4, 2]             | Fault
1   | [4, 2, 1]             | Fault
4   | [4, 2, 1]             | Hit
0   | [2, 1, 0]             | Fault
2   | [2, 1, 0]             | Hit

Total references = 12
Total page faults = 6
Total page hits = 6
Page fault rate = 6/12 = 0.50"
"You are an Operating Systems tutor. Answer ONLY using the exact textbook passages provided below. Do NOT add your own examples, do NOT invent information. If the answer is not in the provided text, reply EXACTLY with the word 'OUT_OF_CONTEXT' and nothing else.","Textbook passages:
In a paged memory system, a logical address is split into a page number and an offset: page number = logical address // page size; offset = logical address % page size. The page table maps each page number to a physical frame number. The physical address is computed as: physical address = (frame number x page size) + offset.

Question: A system uses paging with a page size of 256 bytes. A process has 5 pages, with the following page table: page 0 -> frame 6, page 1 -> frame 7, page 2 -> frame 4, page 3 -> frame 2, page 4 -> frame 1.

For the logical address 610, determine: (a) the page number, (b) the offset within the page, (c) the corresponding frame number, and (d) the resulting physical address.","(a) Page number = logical address // page size = 610 // 256 = 2
(b) Offset = logical address % page size = 610 % 256 = 98
(c) From the page table, page 2 -> frame 4
(d) Physical address = (frame number x page size) + offset = (4 x 256) + 98 = 1122"
"You are an Operating Systems tutor. Answer ONLY using the exact textbook passages provided below. Do NOT add your own examples, do NOT invent information. If the answer is not in the provided text, reply EXACTLY with the word 'OUT_OF_CONTEXT' and nothing else.","Textbook passages:
Memory management is responsible for keeping track of each byte of a computer's memory, allocating and deallocating memory space as needed by processes, and protecting each process's memory from unauthorized access by others.

Question: What is the difference between logical (virtual) address and physical address?",A logical address is generated by the CPU during program execution and is what the process sees. A physical address is the actual location in main memory (RAM). The Memory Management Unit (MMU) hardware translates logical addresses to physical addresses at run time.
"You are an Operating Systems tutor. Answer ONLY using the exact textbook passages provided below. Do NOT add your own examples, do NOT invent information. If the answer is not in the provided text, reply EXACTLY with the word 'OUT_OF_CONTEXT' and nothing else.","Textbook passages:
On multi-socket systems, physical memory is divided into NUMA nodes, each directly attached to one socket. Any core can access any node's memory, but a remote access (crossing to another socket's node over an inter-socket interconnect) has higher latency and lower bandwidth than a local access, which shapes how a NUMA-aware OS schedules threads and allocates memory.

Question: What is the tallest mountain in the world?",OUT_OF_CONTEXT
"You are an Operating Systems tutor. Answer ONLY using the exact textbook passages provided below. Do NOT add your own examples, do NOT invent information. If the answer is not in the provided text, reply EXACTLY with the word 'OUT_OF_CONTEXT' and nothing else.","Textbook passages:
Belady's Anomaly: The counter-intuitive phenomenon where, under FIFO page replacement, increasing the number of available memory frames can increase (rather than decrease) the number of page faults.

Question: Explain the term Belady's Anomaly in the context of operating systems.","The counter-intuitive phenomenon where, under FIFO page replacement, increasing the number of available memory frames can increase (rather than decrease) the number of page faults."
"You are an Operating Systems tutor. Answer ONLY using the exact textbook passages provided below. Do NOT add your own examples, do NOT invent information. If the answer is not in the provided text, reply EXACTLY with the word 'OUT_OF_CONTEXT' and nothing else.","Textbook passages:
On a multicore system, each core has its own private cache; without coordination, two cores could each cache a different copy of the same memory location. Cache coherence protocols like MESI (Modified, Exclusive, Shared, Invalid) keep caches consistent by tagging each cache line with a state and broadcasting invalidations on writes.

Question: What problem does a cache coherence protocol like MESI solve, and what do its four states mean?","Without coordination, two cores could each cache their own (possibly different) copy of the same memory location, and a write by one core would not automatically be visible to another core still reading its own stale cached copy — this is the cache coherence problem. MESI tags each cache line with one of four states: Modified — this cache holds the only copy, and it has been written (dirty, differs from memory; must be written back before eviction or sharing). Exclusive — this cache holds the only copy, and it is clean (matches memory; can be silently upgraded to Modified on a write with no notification needed). Shared — this line may also be cached (clean) by other cores simultaneously; a core must broadcast an invalidation to other sharers before writing. Invalid — this line holds no valid data and must be fetched before use. When a core wants to write to a Shared or Invalid line, it broadcasts an invalidate message so all other cores drop their copies, guaranteeing only one core can have write access at a time and all cores agree on the most recent value."
"You are an Operating Systems tutor. Answer ONLY using the exact textbook passages provided below. Do NOT add your own examples, do NOT invent information. If the answer is not in the provided text, reply EXACTLY with the word 'OUT_OF_CONTEXT' and nothing else.","Textbook passages:
SCAN disk scheduling moves the head in one direction, servicing every pending request it passes, continuing all the way to that end of the disk (cylinder 0 or the maximum cylinder) even if no request lies exactly there, then reverses direction and services the remaining requests on the other side, stopping once the last one is serviced.

Question: A disk has 200 cylinders (numbered 0 to 199). The disk head is currently at cylinder 20. The pending requests, in the order they arrived, are: 148, 18, 11, 108, 88, 179, 16.

Using the SCAN (initial direction: increasing cylinder numbers) disk scheduling algorithm, determine the order in which the requests are serviced and compute the total head movement (in number of cylinders).","Service order: 20 -> 88 -> 108 -> 148 -> 179 -> 18 -> 16 -> 11

Head movement per step: |88-20|=68 + |108-88|=20 + |148-108|=40 + |179-148|=31 + |18-179|=161 + |16-18|=2 + |11-16|=5

Total head movement = 367 cylinders"
"You are an Operating Systems tutor. Answer ONLY using the exact textbook passages provided below. Do NOT add your own examples, do NOT invent information. If the answer is not in the provided text, reply EXACTLY with the word 'OUT_OF_CONTEXT' and nothing else.","Textbook passages:
In contiguous memory allocation, free memory is organized as a list of holes (blocks). First-fit allocates a process into the first hole large enough to hold it (scanning from the start). Best-fit allocates into the smallest hole that is still large enough. Worst-fit allocates into the largest available hole. After allocation, the unused remainder of the chosen hole remains as a smaller free hole.

Question: Free memory consists of the following holes, in this order: B0=200KB, B1=161KB, B2=366KB, B3=321KB, B4=293KB. The following processes arrive in this order and must each be placed into a single contiguous free hole: P0=34KB, P1=88KB, P2=207KB, P3=258KB, P4=153KB.

Using the best-fit allocation strategy, determine which memory block (if any) each process is placed into, and the sizes of the remaining free blocks after all allocations.","P0 (34KB): placed in B1 (was 161KB) -> B1 now has 127KB free
P1 (88KB): placed in B1 (was 127KB) -> B1 now has 39KB free
P2 (207KB): placed in B4 (was 293KB) -> B4 now has 86KB free
P3 (258KB): placed in B3 (was 321KB) -> B3 now has 63KB free
P4 (153KB): placed in B0 (was 200KB) -> B0 now has 47KB free

Final remaining free block sizes: B0=47KB, B1=39KB, B2=366KB, B3=63KB, B4=86KB"
"You are an Operating Systems tutor. Answer ONLY using the exact textbook passages provided below. Do NOT add your own examples, do NOT invent information. If the answer is not in the provided text, reply EXACTLY with the word 'OUT_OF_CONTEXT' and nothing else.","Textbook passages:
In a paged memory system, a logical address is split into a page number and an offset: page number = logical address // page size; offset = logical address % page size. The page table maps each page number to a physical frame number. The physical address is computed as: physical address = (frame number x page size) + offset.

Question: A system uses paging with a page size of 512 bytes. A process has 5 pages, with the following page table: page 0 -> frame 3, page 1 -> frame 11, page 2 -> frame 10, page 3 -> frame 6, page 4 -> frame 4.

For the logical address 1472, determine: (a) the page number, (b) the offset within the page, (c) the corresponding frame number, and (d) the resulting physical address.","(a) Page number = logical address // page size = 1472 // 512 = 2
(b) Offset = logical address % page size = 1472 % 512 = 448
(c) From the page table, page 2 -> frame 10
(d) Physical address = (frame number x page size) + offset = (10 x 512) + 448 = 5568"
"You are an Operating Systems tutor. Answer ONLY using the exact textbook passages provided below. Do NOT add your own examples, do NOT invent information. If the answer is not in the provided text, reply EXACTLY with the word 'OUT_OF_CONTEXT' and nothing else.","Textbook passages:
Trap: A software-generated interrupt caused either by an error (e.g. division by zero) or a deliberate user program request such as a system call.

Question: Explain the term Trap in the context of operating systems.",A software-generated interrupt caused either by an error (e.g. division by zero) or a deliberate user program request such as a system call.
"You are an Operating Systems tutor. Answer ONLY using the exact textbook passages provided below. Do NOT add your own examples, do NOT invent information. If the answer is not in the provided text, reply EXACTLY with the word 'OUT_OF_CONTEXT' and nothing else.","Textbook passages:
Round Robin (RR) scheduling gives each ready process a fixed time quantum to run. If a process does not finish within its quantum, it is preempted and placed at the back of the (circular) ready queue. Newly-arriving processes are added to the back of the queue before the just-preempted process is re-added. Completion Time (CT) is when a process finishes; Turnaround Time (TAT) = CT − Arrival Time; Waiting Time (WT) = TAT − Burst Time.

Question: Consider the following processes with their arrival and burst times (all times in milliseconds):

Process | Arrival Time | Burst Time
-----------------------------------
P1      | 8            | 7
P2      | 7            | 6
P3      | 4            | 5
P4      | 3            | 7
P5      | 8            | 4

Using Round Robin (time quantum = 2) scheduling, draw the Gantt chart and compute the Completion Time, Turnaround Time, and Waiting Time for each process. Also compute the average waiting time and average turnaround time.","Gantt Chart:
P4[3-5] -> P3[5-7] -> P4[7-9] -> P2[9-11] -> P3[11-13] -> P1[13-15] -> P5[15-17] -> P4[17-19] -> P2[19-21] -> P3[21-22] -> P1[22-24] -> P5[24-26] -> P4[26-27] -> P2[27-29] -> P1[29-31] -> P1[31-32]

Process | CT | TAT (=CT-AT) | WT (=TAT-BT)
P1      | 32  | 24            | 17
P2      | 29  | 22            | 16
P3      | 22  | 18            | 13
P4      | 27  | 24            | 17
P5      | 26  | 18            | 14

Average Turnaround Time = (24 + 22 + 18 + 24 + 18) / 5 = 21.20 ms
Average Waiting Time = (17 + 16 + 13 + 17 + 14) / 5 = 15.40 ms"
"You are an Operating Systems tutor. Answer ONLY using the exact textbook passages provided below. Do NOT add your own examples, do NOT invent information. If the answer is not in the provided text, reply EXACTLY with the word 'OUT_OF_CONTEXT' and nothing else.","Textbook passages:
FIFO page replacement evicts the page that has been resident in memory the longest, regardless of how recently or often it has been used, when a page fault occurs and all frames are full.

Question: A system uses 3 page frames and the FIFO page replacement algorithm. Given the page reference string:
5, 3, 1, 0, 2, 4, 2, 0, 2, 4, 1

Determine, for each reference, whether it is a page hit or a page fault, show the resulting frame contents, and compute the total number of page faults and page hits.","Ref | Frame contents after this reference | Hit/Fault
5   | [5]                   | Fault
3   | [5, 3]                | Fault
1   | [5, 3, 1]             | Fault
0   | [3, 1, 0]             | Fault
2   | [1, 0, 2]             | Fault
4   | [0, 2, 4]             | Fault
2   | [0, 2, 4]             | Hit
0   | [0, 2, 4]             | Hit
2   | [0, 2, 4]             | Hit
4   | [0, 2, 4]             | Hit
1   | [2, 4, 1]             | Fault

Total references = 11
Total page faults = 7
Total page hits = 4
Page fault rate = 7/11 = 0.64"
"You are an Operating Systems tutor. Answer ONLY using the exact textbook passages provided below. Do NOT add your own examples, do NOT invent information. If the answer is not in the provided text, reply EXACTLY with the word 'OUT_OF_CONTEXT' and nothing else.","Textbook passages:
Belady's Anomaly: The counter-intuitive phenomenon where, under FIFO page replacement, increasing the number of available memory frames can increase (rather than decrease) the number of page faults.

Question: What is Belady's Anomaly?","The counter-intuitive phenomenon where, under FIFO page replacement, increasing the number of available memory frames can increase (rather than decrease) the number of page faults."
"You are an Operating Systems tutor. Answer ONLY using the exact textbook passages provided below. Do NOT add your own examples, do NOT invent information. If the answer is not in the provided text, reply EXACTLY with the word 'OUT_OF_CONTEXT' and nothing else.","Textbook passages:
In a paged memory system, a logical address is split into a page number and an offset: page number = logical address // page size; offset = logical address % page size. The page table maps each page number to a physical frame number. The physical address is computed as: physical address = (frame number x page size) + offset.

Question: A system uses paging with a page size of 1024 bytes. A process has 6 pages, with the following page table: page 0 -> frame 1, page 1 -> frame 7, page 2 -> frame 0, page 3 -> frame 10, page 4 -> frame 3, page 5 -> frame 9.

For the logical address 4099, determine: (a) the page number, (b) the offset within the page, (c) the corresponding frame number, and (d) the resulting physical address.","(a) Page number = logical address // page size = 4099 // 1024 = 4
(b) Offset = logical address % page size = 4099 % 1024 = 3
(c) From the page table, page 4 -> frame 3
(d) Physical address = (frame number x page size) + offset = (3 x 1024) + 3 = 3075"
"You are an Operating Systems tutor. Answer ONLY using the exact textbook passages provided below. Do NOT add your own examples, do NOT invent information. If the answer is not in the provided text, reply EXACTLY with the word 'OUT_OF_CONTEXT' and nothing else.","Textbook passages:
In contiguous memory allocation, free memory is organized as a list of holes (blocks). First-fit allocates a process into the first hole large enough to hold it (scanning from the start). Best-fit allocates into the smallest hole that is still large enough. Worst-fit allocates into the largest available hole. After allocation, the unused remainder of the chosen hole remains as a smaller free hole.

Question: Free memory consists of the following holes, in this order: B0=360KB, B1=120KB, B2=264KB, B3=103KB, B4=311KB, B5=366KB. The following processes arrive in this order and must each be placed into a single contiguous free hole: P0=174KB, P1=88KB, P2=84KB.

Using the best-fit allocation strategy, determine which memory block (if any) each process is placed into, and the sizes of the remaining free blocks after all allocations.","P0 (174KB): placed in B2 (was 264KB) -> B2 now has 90KB free
P1 (88KB): placed in B2 (was 90KB) -> B2 now has 2KB free
P2 (84KB): placed in B3 (was 103KB) -> B3 now has 19KB free

Final remaining free block sizes: B0=360KB, B1=120KB, B2=2KB, B3=19KB, B4=311KB, B5=366KB"
"You are an Operating Systems tutor. Answer ONLY using the exact textbook passages provided below. Do NOT add your own examples, do NOT invent information. If the answer is not in the provided text, reply EXACTLY with the word 'OUT_OF_CONTEXT' and nothing else.","Textbook passages:
First-Come, First-Served (FCFS) CPU scheduling allocates the CPU to processes strictly in order of arrival time, using a FIFO ready queue. It is non-preemptive: once a process starts running, it runs to completion. Ties in arrival time are broken by process ID order. Completion Time (CT) is when a process finishes; Turnaround Time (TAT) = CT − Arrival Time; Waiting Time (WT) = TAT − Burst Time.

Question: Consider the following processes with their arrival and burst times (all times in milliseconds):

Process | Arrival Time | Burst Time
-----------------------------------
P1      | 6            | 6
P2      | 3            | 11
P3      | 3            | 12
P4      | 6            | 12

Using First-Come, First-Served (FCFS) scheduling, draw the Gantt chart and compute the Completion Time, Turnaround Time, and Waiting Time for each process. Also compute the average waiting time and average turnaround time.","Gantt Chart:
Idle[0-3] -> P2[3-14] -> P3[14-26] -> P1[26-32] -> P4[32-44]

Process | CT | TAT (=CT-AT) | WT (=TAT-BT)
P1      | 32  | 26            | 20
P2      | 14  | 11            | 0
P3      | 26  | 23            | 11
P4      | 44  | 38            | 26

Average Turnaround Time = (26 + 11 + 23 + 38) / 4 = 24.50 ms
Average Waiting Time = (20 + 0 + 11 + 26) / 4 = 14.25 ms"
"You are an Operating Systems tutor. Answer ONLY using the exact textbook passages provided below. Do NOT add your own examples, do NOT invent information. If the answer is not in the provided text, reply EXACTLY with the word 'OUT_OF_CONTEXT' and nothing else.","Textbook passages:
Different CPU scheduling algorithms trade off average waiting time, responsiveness, fairness, and implementation overhead differently.

Question: Compare preemptive and non-preemptive scheduling in terms of responsiveness and overhead.","Preemptive scheduling gives better responsiveness for interactive/real-time systems because high-priority or time-sensitive processes can interrupt a running process, but it incurs more context-switching overhead and requires careful synchronization to avoid race conditions on shared data. Non-preemptive scheduling has lower overhead and simpler implementation but can cause long waits for other processes if the running one holds the CPU for a long time."
"You are an Operating Systems tutor. Answer ONLY using the exact textbook passages provided below. Do NOT add your own examples, do NOT invent information. If the answer is not in the provided text, reply EXACTLY with the word 'OUT_OF_CONTEXT' and nothing else.","Textbook passages:
Priority scheduling (non-preemptive) allocates the CPU to the ready process with the highest priority, where a SMALLER priority number means HIGHER priority. Once started, a process runs to completion. Ties are broken by earliest arrival time, then process ID. Completion Time (CT) is when a process finishes; Turnaround Time (TAT) = CT − Arrival Time; Waiting Time (WT) = TAT − Burst Time.

Question: Consider the following processes with their arrival and burst times (all times in milliseconds):

Process | Arrival Time | Burst Time | Priority
----------------------------------------------
P1      | 2            | 8          | 3
P2      | 4            | 9          | 4
P3      | 1            | 9          | 9
P4      | 1            | 2          | 9

Using Priority (non-preemptive, smaller number = higher priority) scheduling, draw the Gantt chart and compute the Completion Time, Turnaround Time, and Waiting Time for each process. Also compute the average waiting time and average turnaround time.","Gantt Chart:
Idle[0-1] -> P3[1-10] -> P1[10-18] -> P2[18-27] -> P4[27-29]

Process | CT | TAT (=CT-AT) | WT (=TAT-BT)
P1      | 18  | 16            | 8
P2      | 27  | 23            | 14
P3      | 10  | 9            | 0
P4      | 29  | 28            | 26

Average Turnaround Time = (16 + 23 + 9 + 28) / 4 = 19 ms
Average Waiting Time = (8 + 14 + 0 + 26) / 4 = 12 ms"
"You are an Operating Systems tutor. Answer ONLY using the exact textbook passages provided below. Do NOT add your own examples, do NOT invent information. If the answer is not in the provided text, reply EXACTLY with the word 'OUT_OF_CONTEXT' and nothing else.","Textbook passages:
Disk scheduling algorithms decide the order in which pending I/O requests (each targeting a specific cylinder) are serviced, aiming to minimize total head movement and/or provide fairness.

Question: Explain how the SSTF (Shortest Seek Time First) disk scheduling algorithm works, and its main drawback.","SSTF services the pending request whose cylinder is closest to the current head position next, similar to SJF for CPU scheduling. Its main drawback is that it can cause starvation of requests far from the current head position if a steady stream of requests keeps arriving near the head's current location."
"You are an Operating Systems tutor. Answer ONLY using the exact textbook passages provided below. Do NOT add your own examples, do NOT invent information. If the answer is not in the provided text, reply EXACTLY with the word 'OUT_OF_CONTEXT' and nothing else.","Textbook passages:
In contiguous memory allocation, free memory is organized as a list of holes (blocks). First-fit allocates a process into the first hole large enough to hold it (scanning from the start). Best-fit allocates into the smallest hole that is still large enough. Worst-fit allocates into the largest available hole. After allocation, the unused remainder of the chosen hole remains as a smaller free hole.

Question: Free memory consists of the following holes, in this order: B0=385KB, B1=393KB, B2=283KB, B3=224KB. The following processes arrive in this order and must each be placed into a single contiguous free hole: P0=57KB, P1=144KB, P2=262KB, P3=199KB.

Using the worst-fit allocation strategy, determine which memory block (if any) each process is placed into, and the sizes of the remaining free blocks after all allocations.","P0 (57KB): placed in B1 (was 393KB) -> B1 now has 336KB free
P1 (144KB): placed in B0 (was 385KB) -> B0 now has 241KB free
P2 (262KB): placed in B1 (was 336KB) -> B1 now has 74KB free
P3 (199KB): placed in B2 (was 283KB) -> B2 now has 84KB free

Final remaining free block sizes: B0=241KB, B1=74KB, B2=84KB, B3=224KB"
"You are an Operating Systems tutor. Answer ONLY using the exact textbook passages provided below. Do NOT add your own examples, do NOT invent information. If the answer is not in the provided text, reply EXACTLY with the word 'OUT_OF_CONTEXT' and nothing else.","Textbook passages:
The Banker's algorithm avoids deadlock by only granting a resource request if the resulting state is 'safe'. A state is safe if there is some ordering (safe sequence) of all processes such that each process's remaining Need can be satisfied by the currently Available resources plus what is freed by processes earlier in the sequence. Need[i] = Max[i] - Allocation[i]. The safety algorithm repeatedly finds any unfinished process whose Need is <= Work (initially Available), 'runs' it (adding its Allocation back to Work), and marks it finished, until no more processes can be added (safe if all finish) or no more can be found (unsafe if any remain unfinished).

Question: A system has 5 processes (P0..P4) and 2 resource types (A, B). The current Allocation and Max matrices, and the Available vector, are:

Allocation:
Process | A  B
P0      | 6  1
P1      | 2  0
P2      | 6  0
P3      | 1  8
P4      | 5  0

Max:
Process | A  B
P0      | 6  5
P1      | 7  6
P2      | 9  9
P3      | 4  8
P4      | 7  9

Available: A=4, B=2

Compute the Need matrix, and using the Banker's algorithm, determine whether the system is currently in a safe state. If it is, give a valid safe sequence.","Need = Max - Allocation:
Process | A  B
P0      | 0  4
P1      | 5  6
P2      | 3  9
P3      | 3  0
P4      | 2  9

Need[P3] = [3, 0] <= Work [4, 2] -> P3 can run; Work becomes [5, 10]
Need[P4] = [2, 9] <= Work [5, 10] -> P4 can run; Work becomes [10, 10]
Need[P0] = [0, 4] <= Work [10, 10] -> P0 can run; Work becomes [16, 11]
Need[P1] = [5, 6] <= Work [16, 11] -> P1 can run; Work becomes [18, 11]
Need[P2] = [3, 9] <= Work [18, 11] -> P2 can run; Work becomes [24, 11]

All processes finish. The system IS in a safe state.
Safe sequence: P3 -> P4 -> P0 -> P1 -> P2"
"You are an Operating Systems tutor. Answer ONLY using the exact textbook passages provided below. Do NOT add your own examples, do NOT invent information. If the answer is not in the provided text, reply EXACTLY with the word 'OUT_OF_CONTEXT' and nothing else.","Textbook passages:
Operating systems can handle deadlocks in four principal ways: ignore the problem, prevent deadlock by denying one of the four necessary conditions, avoid deadlock using algorithms like the Banker's algorithm, or allow deadlock and use detection and recovery.

Question: How can the ""circular wait"" condition be prevented?","By imposing a total ordering of all resource types and requiring that each process requests resources in strictly increasing order of enumeration. This makes a circular chain of waiting impossible, since a process holding a higher-numbered resource can never wait for a lower-numbered one that would complete a cycle."
"You are an Operating Systems tutor. Answer ONLY using the exact textbook passages provided below. Do NOT add your own examples, do NOT invent information. If the answer is not in the provided text, reply EXACTLY with the word 'OUT_OF_CONTEXT' and nothing else.","Textbook passages:
Priority scheduling (non-preemptive) allocates the CPU to the ready process with the highest priority, where a SMALLER priority number means HIGHER priority. Once started, a process runs to completion. Ties are broken by earliest arrival time, then process ID. Completion Time (CT) is when a process finishes; Turnaround Time (TAT) = CT − Arrival Time; Waiting Time (WT) = TAT − Burst Time.

Question: Consider the following processes with their arrival and burst times (all times in milliseconds):

Process | Arrival Time | Burst Time | Priority
----------------------------------------------
P1      | 2            | 5          | 2
P2      | 6            | 12          | 1
P3      | 6            | 2          | 4

Using Priority (non-preemptive, smaller number = higher priority) scheduling, draw the Gantt chart and compute the Completion Time, Turnaround Time, and Waiting Time for each process. Also compute the average waiting time and average turnaround time.","Gantt Chart:
Idle[0-2] -> P1[2-7] -> P2[7-19] -> P3[19-21]

Process | CT | TAT (=CT-AT) | WT (=TAT-BT)
P1      | 7  | 5            | 0
P2      | 19  | 13            | 1
P3      | 21  | 15            | 13

Average Turnaround Time = (5 + 13 + 15) / 3 = 11 ms
Average Waiting Time = (0 + 1 + 13) / 3 = 4.67 ms"
"You are an Operating Systems tutor. Answer ONLY using the exact textbook passages provided below. Do NOT add your own examples, do NOT invent information. If the answer is not in the provided text, reply EXACTLY with the word 'OUT_OF_CONTEXT' and nothing else.","Textbook passages:
Mount point: The directory within an existing file system hierarchy where a separate file system (from a disk, partition, or network share) is attached and made accessible.

Question: What is Mount point?","The directory within an existing file system hierarchy where a separate file system (from a disk, partition, or network share) is attached and made accessible."
"You are an Operating Systems tutor. Answer ONLY using the exact textbook passages provided below. Do NOT add your own examples, do NOT invent information. If the answer is not in the provided text, reply EXACTLY with the word 'OUT_OF_CONTEXT' and nothing else.","Textbook passages:
A semaphore is an integer synchronization variable accessed only through two atomic operations, wait() (P) and signal() (V), used to control access to shared resources among concurrent processes.

Question: What is priority inversion and how do semaphores relate to it?","Priority inversion occurs when a lower-priority process holds a semaphore/lock needed by a higher-priority process, and an unrelated medium-priority process preempts the low-priority holder, indefinitely delaying the high-priority process. It is commonly mitigated with priority inheritance, where the low-priority holder temporarily inherits the higher priority until it releases the lock."
"You are an Operating Systems tutor. Answer ONLY using the exact textbook passages provided below. Do NOT add your own examples, do NOT invent information. If the answer is not in the provided text, reply EXACTLY with the word 'OUT_OF_CONTEXT' and nothing else.","Textbook passages:
TLB shootdown: The process of sending an Inter-Processor Interrupt to every core that might have a stale cached translation for a changed page table entry, forcing each to flush it, before the underlying physical frame can safely be reused.

Question: Explain the term TLB shootdown in the context of operating systems.","The process of sending an Inter-Processor Interrupt to every core that might have a stale cached translation for a changed page table entry, forcing each to flush it, before the underlying physical frame can safely be reused."
"You are an Operating Systems tutor. Answer ONLY using the exact textbook passages provided below. Do NOT add your own examples, do NOT invent information. If the answer is not in the provided text, reply EXACTLY with the word 'OUT_OF_CONTEXT' and nothing else.","Textbook passages:
SCAN disk scheduling moves the head in one direction, servicing every pending request it passes, continuing all the way to that end of the disk (cylinder 0 or the maximum cylinder) even if no request lies exactly there, then reverses direction and services the remaining requests on the other side, stopping once the last one is serviced.

Question: A disk has 200 cylinders (numbered 0 to 199). The disk head is currently at cylinder 62. The pending requests, in the order they arrived, are: 82, 181, 57, 88, 132, 72, 20.

Using the SCAN (initial direction: decreasing cylinder numbers) disk scheduling algorithm, determine the order in which the requests are serviced and compute the total head movement (in number of cylinders).","Service order: 62 -> 57 -> 20 -> 72 -> 82 -> 88 -> 132 -> 181

Head movement per step: |57-62|=5 + |20-57|=37 + |72-20|=52 + |82-72|=10 + |88-82|=6 + |132-88|=44 + |181-132|=49

Total head movement = 243 cylinders"
"You are an Operating Systems tutor. Answer ONLY using the exact textbook passages provided below. Do NOT add your own examples, do NOT invent information. If the answer is not in the provided text, reply EXACTLY with the word 'OUT_OF_CONTEXT' and nothing else.","Textbook passages:
CPU scheduling algorithms are compared using several criteria: CPU utilization, throughput, turnaround time, waiting time, and response time. Different algorithms optimize different criteria, and no single algorithm is best for every situation.

Question: List the key criteria used to evaluate CPU scheduling algorithms.","CPU utilization (keep the CPU as busy as possible), throughput (number of processes completed per unit time), turnaround time (total time from submission to completion of a process), waiting time (total time a process spends waiting in the ready queue), and response time (time from submission until the first response is produced, important for interactive systems)."
"You are an Operating Systems tutor. Answer ONLY using the exact textbook passages provided below. Do NOT add your own examples, do NOT invent information. If the answer is not in the provided text, reply EXACTLY with the word 'OUT_OF_CONTEXT' and nothing else.","Textbook passages:
Round Robin (RR) scheduling gives each ready process a fixed time quantum to run. If a process does not finish within its quantum, it is preempted and placed at the back of the (circular) ready queue. Newly-arriving processes are added to the back of the queue before the just-preempted process is re-added. Completion Time (CT) is when a process finishes; Turnaround Time (TAT) = CT − Arrival Time; Waiting Time (WT) = TAT − Burst Time.

Question: Consider the following processes with their arrival and burst times (all times in milliseconds):

Process | Arrival Time | Burst Time
-----------------------------------
P1      | 5            | 4
P2      | 4            | 9
P3      | 1            | 8
P4      | 1            | 11

Using Round Robin (time quantum = 2) scheduling, draw the Gantt chart and compute the Completion Time, Turnaround Time, and Waiting Time for each process. Also compute the average waiting time and average turnaround time.","Gantt Chart:
P3[1-3] -> P4[3-5] -> P3[5-7] -> P2[7-9] -> P1[9-11] -> P4[11-13] -> P3[13-15] -> P2[15-17] -> P1[17-19] -> P4[19-21] -> P3[21-23] -> P2[23-25] -> P4[25-27] -> P2[27-29] -> P4[29-31] -> P2[31-32] -> P4[32-33]

Process | CT | TAT (=CT-AT) | WT (=TAT-BT)
P1      | 19  | 14            | 10
P2      | 32  | 28            | 19
P3      | 23  | 22            | 14
P4      | 33  | 32            | 21

Average Turnaround Time = (14 + 28 + 22 + 32) / 4 = 24 ms
Average Waiting Time = (10 + 19 + 14 + 21) / 4 = 16 ms"
"You are an Operating Systems tutor. Answer ONLY using the exact textbook passages provided below. Do NOT add your own examples, do NOT invent information. If the answer is not in the provided text, reply EXACTLY with the word 'OUT_OF_CONTEXT' and nothing else.","Textbook passages:
Shortest Remaining Time First (SRTF) is the preemptive version of SJF: at every instant, the CPU runs whichever ready process has the smallest remaining burst time, preempting the current process if a process with a shorter remaining time becomes ready. Ties are broken by earliest arrival time, then process ID. Completion Time (CT) is when a process finishes; Turnaround Time (TAT) = CT − Arrival Time; Waiting Time (WT) = TAT − Burst Time.

Question: Consider the following processes with their arrival and burst times (all times in milliseconds):

Process | Arrival Time | Burst Time
-----------------------------------
P1      | 5            | 5
P2      | 2            | 10
P3      | 4            | 4

Using Shortest Remaining Time First (SRTF, preemptive) scheduling, draw the Gantt chart and compute the Completion Time, Turnaround Time, and Waiting Time for each process. Also compute the average waiting time and average turnaround time.","Gantt Chart:
Idle[0-2] -> P2[2-4] -> P3[4-8] -> P1[8-13] -> P2[13-21]

Process | CT | TAT (=CT-AT) | WT (=TAT-BT)
P1      | 13  | 8            | 3
P2      | 21  | 19            | 9
P3      | 8  | 4            | 0

Average Turnaround Time = (8 + 19 + 4) / 3 = 10.33 ms
Average Waiting Time = (3 + 9 + 0) / 3 = 4 ms"
"You are an Operating Systems tutor. Answer ONLY using the exact textbook passages provided below. Do NOT add your own examples, do NOT invent information. If the answer is not in the provided text, reply EXACTLY with the word 'OUT_OF_CONTEXT' and nothing else.","Textbook passages:
Shortest Remaining Time First (SRTF) is the preemptive version of SJF: at every instant, the CPU runs whichever ready process has the smallest remaining burst time, preempting the current process if a process with a shorter remaining time becomes ready. Ties are broken by earliest arrival time, then process ID. Completion Time (CT) is when a process finishes; Turnaround Time (TAT) = CT − Arrival Time; Waiting Time (WT) = TAT − Burst Time.

Question: Consider the following processes with their arrival and burst times (all times in milliseconds):

Process | Arrival Time | Burst Time
-----------------------------------
P1      | 0            | 11
P2      | 4            | 10
P3      | 0            | 10

Using Shortest Remaining Time First (SRTF, preemptive) scheduling, draw the Gantt chart and compute the Completion Time, Turnaround Time, and Waiting Time for each process. Also compute the average waiting time and average turnaround time.","Gantt Chart:
P3[0-10] -> P2[10-20] -> P1[20-31]

Process | CT | TAT (=CT-AT) | WT (=TAT-BT)
P1      | 31  | 31            | 20
P2      | 20  | 16            | 6
P3      | 10  | 10            | 0

Average Turnaround Time = (31 + 16 + 10) / 3 = 19 ms
Average Waiting Time = (20 + 6 + 0) / 3 = 8.67 ms"
"You are an Operating Systems tutor. Answer ONLY using the exact textbook passages provided below. Do NOT add your own examples, do NOT invent information. If the answer is not in the provided text, reply EXACTLY with the word 'OUT_OF_CONTEXT' and nothing else.","Textbook passages:
The Banker's algorithm is a deadlock-avoidance algorithm that treats resource allocation like a banker extending credit: it only grants a resource request if the system remains in a safe state afterward, i.e., there exists some order in which all processes can complete.

Question: What is a ""safe state"" in the context of deadlock avoidance?","A state is safe if there exists at least one safe sequence — an ordering of all processes such that each process's remaining resource need can be satisfied using the currently available resources plus the resources held by processes earlier in the sequence. If the system is in a safe state, deadlock can always be avoided by following that sequence."
"You are an Operating Systems tutor. Answer ONLY using the exact textbook passages provided below. Do NOT add your own examples, do NOT invent information. If the answer is not in the provided text, reply EXACTLY with the word 'OUT_OF_CONTEXT' and nothing else.","Textbook passages:
Optimal (MIN/Belady's) page replacement evicts the page that will not be used again for the longest time in the future (or never used again), when a page fault occurs and all frames are full. It gives the theoretical minimum number of page faults but requires advance knowledge of the full reference string.

Question: A system uses 4 page frames and the Optimal page replacement algorithm. Given the page reference string:
2, 1, 2, 0, 0, 1, 3, 5, 4, 3

Determine, for each reference, whether it is a page hit or a page fault, show the resulting frame contents, and compute the total number of page faults and page hits.","Ref | Frame contents after this reference | Hit/Fault
2   | [2]                   | Fault
1   | [2, 1]                | Fault
2   | [2, 1]                | Hit
0   | [2, 1, 0]             | Fault
0   | [2, 1, 0]             | Hit
1   | [2, 1, 0]             | Hit
3   | [2, 1, 0, 3]          | Fault
5   | [1, 0, 3, 5]          | Fault
4   | [0, 3, 5, 4]          | Fault
3   | [0, 3, 5, 4]          | Hit

Total references = 10
Total page faults = 6
Total page hits = 4
Page fault rate = 6/10 = 0.60"
"You are an Operating Systems tutor. Answer ONLY using the exact textbook passages provided below. Do NOT add your own examples, do NOT invent information. If the answer is not in the provided text, reply EXACTLY with the word 'OUT_OF_CONTEXT' and nothing else.","Textbook passages:
The Banker's algorithm avoids deadlock by only granting a resource request if the resulting state is 'safe'. A state is safe if there is some ordering (safe sequence) of all processes such that each process's remaining Need can be satisfied by the currently Available resources plus what is freed by processes earlier in the sequence. Need[i] = Max[i] - Allocation[i]. The safety algorithm repeatedly finds any unfinished process whose Need is <= Work (initially Available), 'runs' it (adding its Allocation back to Work), and marks it finished, until no more processes can be added (safe if all finish) or no more can be found (unsafe if any remain unfinished).

Question: A system has 4 processes (P0..P3) and 3 resource types (A, B, C). The current Allocation and Max matrices, and the Available vector, are:

Allocation:
Process | A  B  C
P0      | 0  3  1
P1      | 3  2  4
P2      | 5  0  4
P3      | 3  0  5

Max:
Process | A  B  C
P0      | 9  3  7
P1      | 5  3  7
P2      | 8  3  4
P3      | 4  9  7

Available: A=3, B=4, C=6

Compute the Need matrix, and using the Banker's algorithm, determine whether the system is currently in a safe state. If it is, give a valid safe sequence.","Need = Max - Allocation:
Process | A  B  C
P0      | 9  0  6
P1      | 2  1  3
P2      | 3  3  0
P3      | 1  9  2

Need[P1] = [2, 1, 3] <= Work [3, 4, 6] -> P1 can run; Work becomes [6, 6, 10]
Need[P2] = [3, 3, 0] <= Work [6, 6, 10] -> P2 can run; Work becomes [11, 6, 14]
Need[P0] = [9, 0, 6] <= Work [11, 6, 14] -> P0 can run; Work becomes [11, 9, 15]
Need[P3] = [1, 9, 2] <= Work [11, 9, 15] -> P3 can run; Work becomes [14, 9, 20]

All processes finish. The system IS in a safe state.
Safe sequence: P1 -> P2 -> P0 -> P3"
"You are an Operating Systems tutor. Answer ONLY using the exact textbook passages provided below. Do NOT add your own examples, do NOT invent information. If the answer is not in the provided text, reply EXACTLY with the word 'OUT_OF_CONTEXT' and nothing else.","Textbook passages:
In a paged memory system, a logical address is split into a page number and an offset: page number = logical address // page size; offset = logical address % page size. The page table maps each page number to a physical frame number. The physical address is computed as: physical address = (frame number x page size) + offset.

Question: A system uses paging with a page size of 512 bytes. A process has 7 pages, with the following page table: page 0 -> frame 1, page 1 -> frame 4, page 2 -> frame 5, page 3 -> frame 2, page 4 -> frame 0, page 5 -> frame 8, page 6 -> frame 6.

For the logical address 3576, determine: (a) the page number, (b) the offset within the page, (c) the corresponding frame number, and (d) the resulting physical address.","(a) Page number = logical address // page size = 3576 // 512 = 6
(b) Offset = logical address % page size = 3576 % 512 = 504
(c) From the page table, page 6 -> frame 6
(d) Physical address = (frame number x page size) + offset = (6 x 512) + 504 = 3576"
"You are an Operating Systems tutor. Answer ONLY using the exact textbook passages provided below. Do NOT add your own examples, do NOT invent information. If the answer is not in the provided text, reply EXACTLY with the word 'OUT_OF_CONTEXT' and nothing else.","Textbook passages:
SCAN disk scheduling moves the head in one direction, servicing every pending request it passes, continuing all the way to that end of the disk (cylinder 0 or the maximum cylinder) even if no request lies exactly there, then reverses direction and services the remaining requests on the other side, stopping once the last one is serviced.

Question: A disk has 200 cylinders (numbered 0 to 199). The disk head is currently at cylinder 112. The pending requests, in the order they arrived, are: 15, 170, 30, 119, 78, 40, 103.

Using the SCAN (initial direction: decreasing cylinder numbers) disk scheduling algorithm, determine the order in which the requests are serviced and compute the total head movement (in number of cylinders).","Service order: 112 -> 103 -> 78 -> 40 -> 30 -> 15 -> 119 -> 170

Head movement per step: |103-112|=9 + |78-103|=25 + |40-78|=38 + |30-40|=10 + |15-30|=15 + |119-15|=104 + |170-119|=51

Total head movement = 282 cylinders"
"You are an Operating Systems tutor. Answer ONLY using the exact textbook passages provided below. Do NOT add your own examples, do NOT invent information. If the answer is not in the provided text, reply EXACTLY with the word 'OUT_OF_CONTEXT' and nothing else.","Textbook passages:
Bootstrap program: A small initial program stored in ROM/firmware that runs when a computer powers on and loads the operating system kernel into memory.

Question: What is Bootstrap program?",A small initial program stored in ROM/firmware that runs when a computer powers on and loads the operating system kernel into memory.
"You are an Operating Systems tutor. Answer ONLY using the exact textbook passages provided below. Do NOT add your own examples, do NOT invent information. If the answer is not in the provided text, reply EXACTLY with the word 'OUT_OF_CONTEXT' and nothing else.","Textbook passages:
File systems are made available to users through mounting, and their integrity must periodically be checked and repaired using consistency-checking utilities.

Question: Why is file system consistency checking (e.g. fsck) necessary, and when is it typically run?","Because a system crash or power failure can occur while file system metadata (directory entries, free-space lists, inodes) is only partially updated, leaving it in an inconsistent state (e.g. a block marked both free and allocated). A consistency checker (like fsck on Unix or chkdsk on Windows) compares the actual state of blocks/directories against the metadata and repairs inconsistencies, typically run automatically at boot after an unclean shutdown, or manually on demand."
"You are an Operating Systems tutor. Answer ONLY using the exact textbook passages provided below. Do NOT add your own examples, do NOT invent information. If the answer is not in the provided text, reply EXACTLY with the word 'OUT_OF_CONTEXT' and nothing else.","Textbook passages:
Working set: The set of pages a process has referenced within a recent fixed time window, used to estimate the minimum number of frames it needs to run without excessive faulting.

Question: What is Working set?","The set of pages a process has referenced within a recent fixed time window, used to estimate the minimum number of frames it needs to run without excessive faulting."
"You are an Operating Systems tutor. Answer ONLY using the exact textbook passages provided below. Do NOT add your own examples, do NOT invent information. If the answer is not in the provided text, reply EXACTLY with the word 'OUT_OF_CONTEXT' and nothing else.","Textbook passages:
Modern disks are addressed as large one-dimensional arrays of logical blocks. Disk performance depends primarily on seek time (moving the disk arm to the correct cylinder), rotational latency (waiting for the desired sector to rotate under the head), and transfer time.

Question: What are seek time, rotational latency, and transfer time in disk performance?",Seek time is the time for the disk arm to move the read/write head to the cylinder (track) containing the desired sector. Rotational latency is the time waiting for the disk to rotate so the desired sector is under the head. Transfer time is the time actually taken to transfer the data once the head is correctly positioned. Total access time = seek time + rotational latency + transfer time.
"You are an Operating Systems tutor. Answer ONLY using the exact textbook passages provided below. Do NOT add your own examples, do NOT invent information. If the answer is not in the provided text, reply EXACTLY with the word 'OUT_OF_CONTEXT' and nothing else.","Textbook passages:
MCS lock (queued spinlock): A queue-based spinlock where each waiting thread spins on a flag in its own local node rather than a shared variable, so an unlock only invalidates one specific waiter's cache line (O(1) cost) instead of broadcasting to every waiter.

Question: Explain the term MCS lock (queued spinlock) in the context of operating systems.","A queue-based spinlock where each waiting thread spins on a flag in its own local node rather than a shared variable, so an unlock only invalidates one specific waiter's cache line (O(1) cost) instead of broadcasting to every waiter."
"You are an Operating Systems tutor. Answer ONLY using the exact textbook passages provided below. Do NOT add your own examples, do NOT invent information. If the answer is not in the provided text, reply EXACTLY with the word 'OUT_OF_CONTEXT' and nothing else.","Textbook passages:
Shortest Remaining Time First (SRTF) is the preemptive version of SJF: at every instant, the CPU runs whichever ready process has the smallest remaining burst time, preempting the current process if a process with a shorter remaining time becomes ready. Ties are broken by earliest arrival time, then process ID. Completion Time (CT) is when a process finishes; Turnaround Time (TAT) = CT − Arrival Time; Waiting Time (WT) = TAT − Burst Time.

Question: Consider the following processes with their arrival and burst times (all times in milliseconds):

Process | Arrival Time | Burst Time
-----------------------------------
P1      | 6            | 6
P2      | 8            | 9
P3      | 1            | 11
P4      | 6            | 7
P5      | 0            | 3

Using Shortest Remaining Time First (SRTF, preemptive) scheduling, draw the Gantt chart and compute the Completion Time, Turnaround Time, and Waiting Time for each process. Also compute the average waiting time and average turnaround time.","Gantt Chart:
P5[0-3] -> P3[3-6] -> P1[6-12] -> P4[12-19] -> P3[19-27] -> P2[27-36]

Process | CT | TAT (=CT-AT) | WT (=TAT-BT)
P1      | 12  | 6            | 0
P2      | 36  | 28            | 19
P3      | 27  | 26            | 15
P4      | 19  | 13            | 6
P5      | 3  | 3            | 0

Average Turnaround Time = (6 + 28 + 26 + 13 + 3) / 5 = 15.20 ms
Average Waiting Time = (0 + 19 + 15 + 6 + 0) / 5 = 8 ms"
"You are an Operating Systems tutor. Answer ONLY using the exact textbook passages provided below. Do NOT add your own examples, do NOT invent information. If the answer is not in the provided text, reply EXACTLY with the word 'OUT_OF_CONTEXT' and nothing else.","Textbook passages:
Shortest Job First (SJF, non-preemptive) scheduling selects, among all processes that have arrived and are ready, the one with the smallest CPU burst time to run next; once started it runs to completion. Ties are broken by earliest arrival time, then by process ID. Completion Time (CT) is when a process finishes; Turnaround Time (TAT) = CT − Arrival Time; Waiting Time (WT) = TAT − Burst Time.

Question: Consider the following processes with their arrival and burst times (all times in milliseconds):

Process | Arrival Time | Burst Time
-----------------------------------
P1      | 4            | 2
P2      | 6            | 7
P3      | 2            | 5
P4      | 1            | 3

Using Shortest Job First (SJF, non-preemptive) scheduling, draw the Gantt chart and compute the Completion Time, Turnaround Time, and Waiting Time for each process. Also compute the average waiting time and average turnaround time.","Gantt Chart:
Idle[0-1] -> P4[1-4] -> P1[4-6] -> P3[6-11] -> P2[11-18]

Process | CT | TAT (=CT-AT) | WT (=TAT-BT)
P1      | 6  | 2            | 0
P2      | 18  | 12            | 5
P3      | 11  | 9            | 4
P4      | 4  | 3            | 0

Average Turnaround Time = (2 + 12 + 9 + 3) / 4 = 6.50 ms
Average Waiting Time = (0 + 5 + 4 + 0) / 4 = 2.25 ms"
"You are an Operating Systems tutor. Answer ONLY using the exact textbook passages provided below. Do NOT add your own examples, do NOT invent information. If the answer is not in the provided text, reply EXACTLY with the word 'OUT_OF_CONTEXT' and nothing else.","Textbook passages:
The Banker's algorithm avoids deadlock by only granting a resource request if the resulting state is 'safe'. A state is safe if there is some ordering (safe sequence) of all processes such that each process's remaining Need can be satisfied by the currently Available resources plus what is freed by processes earlier in the sequence. Need[i] = Max[i] - Allocation[i]. The safety algorithm repeatedly finds any unfinished process whose Need is <= Work (initially Available), 'runs' it (adding its Allocation back to Work), and marks it finished, until no more processes can be added (safe if all finish) or no more can be found (unsafe if any remain unfinished).

Question: A system has 4 processes (P0..P3) and 3 resource types (A, B, C). The current Allocation and Max matrices, and the Available vector, are:

Allocation:
Process | A  B  C
P0      | 1  4  6
P1      | 2  3  5
P2      | 0  4  1
P3      | 4  1  3

Max:
Process | A  B  C
P0      | 3  4  7
P1      | 4  6  6
P2      | 3  4  8
P3      | 5  3  3

Available: A=2, B=6, C=6

Process P1 now requests additional resources: A=0, B=2, C=1. Using the Banker's algorithm, determine whether this request can be granted immediately.","Need = Max - Allocation:
Process | A  B  C
P0      | 2  0  1
P1      | 2  3  1
P2      | 3  0  7
P3      | 1  2  0

Step 1: Is Request <= Need[P1]? Request=[0, 2, 1], Need[P1]=[2, 3, 1]
-> Yes.

Step 2: Is Request <= Available? Request=[0, 2, 1], Available=[2, 6, 6]
-> Yes. Pretend to allocate and check safety of the resulting state.

Tentative new Available: [2, 4, 5]
The resulting state IS safe (safe sequence: P0 -> P1 -> P2 -> P3). The request is GRANTED immediately."
"You are an Operating Systems tutor. Answer ONLY using the exact textbook passages provided below. Do NOT add your own examples, do NOT invent information. If the answer is not in the provided text, reply EXACTLY with the word 'OUT_OF_CONTEXT' and nothing else.","Textbook passages:
File descriptor: A small non-negative integer that a process uses as a handle to refer to an open file or other I/O resource when making system calls.

Question: What is File descriptor?",A small non-negative integer that a process uses as a handle to refer to an open file or other I/O resource when making system calls.
"You are an Operating Systems tutor. Answer ONLY using the exact textbook passages provided below. Do NOT add your own examples, do NOT invent information. If the answer is not in the provided text, reply EXACTLY with the word 'OUT_OF_CONTEXT' and nothing else.","Textbook passages:
RCU (Read-Copy-Update) is a synchronization technique that lets readers access a shared data structure with no locking at all — reads are essentially free and scale perfectly across cores — by having writers publish updates atomically via a single pointer swap and deferring reclamation of the old version until a 'grace period' guarantees no reader can still be using it.

Question: What is the chemical formula for table salt?",OUT_OF_CONTEXT
"You are an Operating Systems tutor. Answer ONLY using the exact textbook passages provided below. Do NOT add your own examples, do NOT invent information. If the answer is not in the provided text, reply EXACTLY with the word 'OUT_OF_CONTEXT' and nothing else.","Textbook passages:
Operating systems can handle deadlocks in four principal ways: ignore the problem, prevent deadlock by denying one of the four necessary conditions, avoid deadlock using algorithms like the Banker's algorithm, or allow deadlock and use detection and recovery.

Question: How can the ""hold and wait"" condition be prevented?","By requiring a process to request and be allocated all the resources it will ever need before it starts execution, or by requiring it to release all currently held resources before requesting new ones. This guarantees low resource utilization and can cause starvation, since a process may never get all resources it needs at once."
"You are an Operating Systems tutor. Answer ONLY using the exact textbook passages provided below. Do NOT add your own examples, do NOT invent information. If the answer is not in the provided text, reply EXACTLY with the word 'OUT_OF_CONTEXT' and nothing else.","Textbook passages:
FIFO page replacement evicts the page that has been resident in memory the longest, regardless of how recently or often it has been used, when a page fault occurs and all frames are full.

Question: A system uses 4 page frames and the FIFO page replacement algorithm. Given the page reference string:
3, 0, 0, 2, 2, 0, 5, 0, 4, 4, 4, 3, 3

Determine, for each reference, whether it is a page hit or a page fault, show the resulting frame contents, and compute the total number of page faults and page hits.","Ref | Frame contents after this reference | Hit/Fault
3   | [3]                   | Fault
0   | [3, 0]                | Fault
0   | [3, 0]                | Hit
2   | [3, 0, 2]             | Fault
2   | [3, 0, 2]             | Hit
0   | [3, 0, 2]             | Hit
5   | [3, 0, 2, 5]          | Fault
0   | [3, 0, 2, 5]          | Hit
4   | [0, 2, 5, 4]          | Fault
4   | [0, 2, 5, 4]          | Hit
4   | [0, 2, 5, 4]          | Hit
3   | [2, 5, 4, 3]          | Fault
3   | [2, 5, 4, 3]          | Hit

Total references = 13
Total page faults = 6
Total page hits = 7
Page fault rate = 6/13 = 0.46"
"You are an Operating Systems tutor. Answer ONLY using the exact textbook passages provided below. Do NOT add your own examples, do NOT invent information. If the answer is not in the provided text, reply EXACTLY with the word 'OUT_OF_CONTEXT' and nothing else.","Textbook passages:
Operating systems can handle deadlocks in four principal ways: ignore the problem, prevent deadlock by denying one of the four necessary conditions, avoid deadlock using algorithms like the Banker's algorithm, or allow deadlock and use detection and recovery.

Question: What are the four general strategies for handling deadlocks in an OS?","(1) Deadlock ignorance — ignore the problem and assume it never happens (used by most general-purpose OSes like Windows/Linux, the 'ostrich algorithm'). (2) Deadlock prevention — design the system so at least one of the four necessary conditions can never hold. (3) Deadlock avoidance — dynamically check whether granting a resource request could lead to an unsafe state before granting it (e.g. Banker's algorithm). (4) Deadlock detection and recovery — allow deadlocks to occur, periodically check for them, and recover (e.g. by aborting or preempting processes)."
"You are an Operating Systems tutor. Answer ONLY using the exact textbook passages provided below. Do NOT add your own examples, do NOT invent information. If the answer is not in the provided text, reply EXACTLY with the word 'OUT_OF_CONTEXT' and nothing else.","Textbook passages:
A semaphore is an integer synchronization variable accessed only through two atomic operations, wait() (P) and signal() (V), used to control access to shared resources among concurrent processes.

Question: What is the currency used in Japan?",OUT_OF_CONTEXT
"You are an Operating Systems tutor. Answer ONLY using the exact textbook passages provided below. Do NOT add your own examples, do NOT invent information. If the answer is not in the provided text, reply EXACTLY with the word 'OUT_OF_CONTEXT' and nothing else.","Textbook passages:
First-Come, First-Served (FCFS) CPU scheduling allocates the CPU to processes strictly in order of arrival time, using a FIFO ready queue. It is non-preemptive: once a process starts running, it runs to completion. Ties in arrival time are broken by process ID order. Completion Time (CT) is when a process finishes; Turnaround Time (TAT) = CT − Arrival Time; Waiting Time (WT) = TAT − Burst Time.

Question: Consider the following processes with their arrival and burst times (all times in milliseconds):

Process | Arrival Time | Burst Time
-----------------------------------
P1      | 2            | 6
P2      | 3            | 10
P3      | 4            | 12

Using First-Come, First-Served (FCFS) scheduling, draw the Gantt chart and compute the Completion Time, Turnaround Time, and Waiting Time for each process. Also compute the average waiting time and average turnaround time.","Gantt Chart:
Idle[0-2] -> P1[2-8] -> P2[8-18] -> P3[18-30]

Process | CT | TAT (=CT-AT) | WT (=TAT-BT)
P1      | 8  | 6            | 0
P2      | 18  | 15            | 5
P3      | 30  | 26            | 14

Average Turnaround Time = (6 + 15 + 26) / 3 = 15.67 ms
Average Waiting Time = (0 + 5 + 14) / 3 = 6.33 ms"
"You are an Operating Systems tutor. Answer ONLY using the exact textbook passages provided below. Do NOT add your own examples, do NOT invent information. If the answer is not in the provided text, reply EXACTLY with the word 'OUT_OF_CONTEXT' and nothing else.","Textbook passages:
A deadlock is a situation where a set of processes are all blocked, each waiting for a resource held by another process in the set, so none can proceed. Four conditions must hold simultaneously for a deadlock to occur.

Question: What is a Resource Allocation Graph (RAG) and how is it used to detect deadlock?","A RAG is a directed graph with process nodes and resource nodes; a request edge (P → R) means process P is waiting for resource R, and an assignment edge (R → P) means R is currently allocated to P. If the graph contains a cycle, and each resource in the cycle has only one instance, a deadlock exists; if resources have multiple instances, a cycle is necessary but not sufficient for deadlock."
"You are an Operating Systems tutor. Answer ONLY using the exact textbook passages provided below. Do NOT add your own examples, do NOT invent information. If the answer is not in the provided text, reply EXACTLY with the word 'OUT_OF_CONTEXT' and nothing else.","Textbook passages:
Virtualization allows a single physical machine to host multiple isolated virtual machines, each running its own guest operating system, managed by a hypervisor.

Question: What is the largest planet in the solar system?",OUT_OF_CONTEXT
"You are an Operating Systems tutor. Answer ONLY using the exact textbook passages provided below. Do NOT add your own examples, do NOT invent information. If the answer is not in the provided text, reply EXACTLY with the word 'OUT_OF_CONTEXT' and nothing else.","Textbook passages:
On multi-socket systems, physical memory is divided into NUMA nodes, each directly attached to one socket. Any core can access any node's memory, but a remote access (crossing to another socket's node over an inter-socket interconnect) has higher latency and lower bandwidth than a local access, which shapes how a NUMA-aware OS schedules threads and allocates memory.

Question: How does NUMA affect scheduling and memory-allocation decisions in a NUMA-aware OS?","A NUMA-aware scheduler prefers to keep a thread running on cores within the same NUMA node where its memory already lives, rather than freely migrating it to any idle core system-wide — migrating it to a remote node's cores would leave its working data 'behind' on the far node, making every subsequent memory access pay the remote-access latency penalty. Symmetrically, the memory allocator tries to place a thread's memory on the same node it is currently running on. When load-balancing genuinely requires moving a thread to a different node's cores, the OS faces a real trade-off between the load-balancing benefit and the locality cost of leaving its memory far away (or paying to actually migrate the physical pages, which is itself expensive and requires a TLB shootdown). Modern kernels (e.g. Linux's NUMA balancing / AutoNUMA) periodically sample where a task's memory actually resides versus where it's running, and either migrate the task back toward its memory or migrate the memory toward the task, converging toward NUMA-local execution over time."
"You are an Operating Systems tutor. Answer ONLY using the exact textbook passages provided below. Do NOT add your own examples, do NOT invent information. If the answer is not in the provided text, reply EXACTLY with the word 'OUT_OF_CONTEXT' and nothing else.","Textbook passages:
Virtual memory is a technique that allows the execution of processes that are not completely in main memory, giving each process the illusion of a large, contiguous address space backed by disk.

Question: What is virtual memory, and what are its main benefits?","Virtual memory separates a process's logical address space (as seen by the program) from physical memory, allowing a process to run even if its entire memory image doesn't fit in RAM (only actively used parts are kept resident). Benefits include supporting larger programs than physical memory allows, increasing the degree of multiprogramming (more processes fit since each uses less physical RAM), and simplifying programming (no manual overlay management)."
"You are an Operating Systems tutor. Answer ONLY using the exact textbook passages provided below. Do NOT add your own examples, do NOT invent information. If the answer is not in the provided text, reply EXACTLY with the word 'OUT_OF_CONTEXT' and nothing else.","Textbook passages:
Paging is a memory management scheme that permits a process's physical address space to be non-contiguous. Logical memory is divided into fixed-size blocks called pages, and physical memory into equal-size blocks called frames.

Question: What is paging, and how does it eliminate external fragmentation?","Paging divides a process's logical address space into fixed-size blocks called pages and physical memory into equal-size blocks called frames. Any page can be placed in any available frame, so a process's memory need not be contiguous in physical RAM, eliminating external fragmentation entirely (though it can still cause internal fragmentation in the last page)."
"You are an Operating Systems tutor. Answer ONLY using the exact textbook passages provided below. Do NOT add your own examples, do NOT invent information. If the answer is not in the provided text, reply EXACTLY with the word 'OUT_OF_CONTEXT' and nothing else.","Textbook passages:
A thread is the basic unit of CPU utilization, comprising a thread ID, program counter, register set, and stack. Multiple threads within the same process share the process's code section, data section, and other OS resources like open files.

Question: What is a thread and how does it differ from a process?","A thread is a lightweight unit of execution within a process, with its own program counter, register set, and stack, but sharing the code, data, and resources (open files, memory) of its parent process. A process is a heavier, independent unit with its own separate address space; threads within one process can communicate more efficiently since they share memory directly."
"You are an Operating Systems tutor. Answer ONLY using the exact textbook passages provided below. Do NOT add your own examples, do NOT invent information. If the answer is not in the provided text, reply EXACTLY with the word 'OUT_OF_CONTEXT' and nothing else.","Textbook passages:
Naive spinlocks based on a single atomic test-and-set instruction scale poorly under contention because every retry attempt generates cache-coherence traffic. Progressively better designs — test-and-test-and-set, ticket locks, and MCS (queue-based) locks — reduce this coherence traffic, with MCS locks giving each unlock O(1) coherence cost regardless of how many threads are waiting.

Question: Why does a naive test-and-set spinlock scale poorly on a multicore system, and how does test-and-test-and-set (TTAS) improve on it?","A test-and-set spinlock repeatedly executes an atomic test-and-set (or CAS) instruction trying to flip the lock from free to held; if it's already held, the thread loops and retries immediately. The problem is that the atomic instruction itself requires exclusive (Modified-state) ownership of the lock's cache line, so EVERY retry by EVERY waiting core — even the ones that will fail — forces that cache line to bounce between cores, generating heavy coherence traffic and bus contention, and this constant cache-line stealing can even slow down the core that actually HOLDS the lock, delaying its release. Test-and-test-and-set improves this by first spinning on a plain, non-atomic READ of the lock in a loop — this can be served entirely from each waiter's local cache in the Shared coherence state, generating no bus traffic at all while the lock is held — and only attempting the actual atomic test-and-set once that read observes the lock appears free. This eliminates most of the wasted coherence traffic during the waiting phase, though a burst of contention still occurs at the instant the lock is released, since all waiters see it become free at roughly the same time and race to grab it."
"You are an Operating Systems tutor. Answer ONLY using the exact textbook passages provided below. Do NOT add your own examples, do NOT invent information. If the answer is not in the provided text, reply EXACTLY with the word 'OUT_OF_CONTEXT' and nothing else.","Textbook passages:
The Banker's algorithm avoids deadlock by only granting a resource request if the resulting state is 'safe'. A state is safe if there is some ordering (safe sequence) of all processes such that each process's remaining Need can be satisfied by the currently Available resources plus what is freed by processes earlier in the sequence. Need[i] = Max[i] - Allocation[i]. The safety algorithm repeatedly finds any unfinished process whose Need is <= Work (initially Available), 'runs' it (adding its Allocation back to Work), and marks it finished, until no more processes can be added (safe if all finish) or no more can be found (unsafe if any remain unfinished).

Question: A system has 3 processes (P0..P2) and 3 resource types (A, B, C). The current Allocation and Max matrices, and the Available vector, are:

Allocation:
Process | A  B  C
P0      | 5  6  2
P1      | 3  2  3
P2      | 5  1  2

Max:
Process | A  B  C
P0      | 7  7  4
P1      | 6  3  4
P2      | 5  3  6

Available: A=4, B=6, C=7

Process P1 now requests additional resources: A=1, B=1, C=4. Using the Banker's algorithm, determine whether this request can be granted immediately.","Need = Max - Allocation:
Process | A  B  C
P0      | 2  1  2
P1      | 3  1  1
P2      | 0  2  4

Step 1: Is Request <= Need[P1]? Request=[1, 1, 4], Need[P1]=[3, 1, 1]
-> No. The request exceeds P1's declared maximum need, which is an error condition. The request cannot be granted."
"You are an Operating Systems tutor. Answer ONLY using the exact textbook passages provided below. Do NOT add your own examples, do NOT invent information. If the answer is not in the provided text, reply EXACTLY with the word 'OUT_OF_CONTEXT' and nothing else.","Textbook passages:
The critical-section problem is to design a protocol that processes can use to cooperate safely when accessing shared data. A solution must satisfy mutual exclusion, progress, and bounded waiting.

Question: What is a race condition? Give an example.","A race condition occurs when multiple processes/threads access and manipulate shared data concurrently, and the final outcome depends on the particular, unpredictable order in which the accesses happen. Example: two processes increment a shared counter concurrently by reading it, adding 1, and writing it back; if both read the same old value before either writes, one increment is lost."
"You are an Operating Systems tutor. Answer ONLY using the exact textbook passages provided below. Do NOT add your own examples, do NOT invent information. If the answer is not in the provided text, reply EXACTLY with the word 'OUT_OF_CONTEXT' and nothing else.","Textbook passages:
Orphan process: A process whose parent process has terminated before it did; it is typically re-parented to the init process.

Question: Explain the term Orphan process in the context of operating systems.",A process whose parent process has terminated before it did; it is typically re-parented to the init process.
"You are an Operating Systems tutor. Answer ONLY using the exact textbook passages provided below. Do NOT add your own examples, do NOT invent information. If the answer is not in the provided text, reply EXACTLY with the word 'OUT_OF_CONTEXT' and nothing else.","Textbook passages:
The Banker's algorithm avoids deadlock by only granting a resource request if the resulting state is 'safe'. A state is safe if there is some ordering (safe sequence) of all processes such that each process's remaining Need can be satisfied by the currently Available resources plus what is freed by processes earlier in the sequence. Need[i] = Max[i] - Allocation[i]. The safety algorithm repeatedly finds any unfinished process whose Need is <= Work (initially Available), 'runs' it (adding its Allocation back to Work), and marks it finished, until no more processes can be added (safe if all finish) or no more can be found (unsafe if any remain unfinished).

Question: A system has 5 processes (P0..P4) and 2 resource types (A, B). The current Allocation and Max matrices, and the Available vector, are:

Allocation:
Process | A  B
P0      | 0  5
P1      | 1  0
P2      | 3  7
P3      | 1  1
P4      | 4  3

Max:
Process | A  B
P0      | 3  6
P1      | 8  5
P2      | 8  8
P3      | 9  4
P4      | 6  8

Available: A=6, B=7

Process P0 now requests additional resources: A=2, B=0. Using the Banker's algorithm, determine whether this request can be granted immediately.","Need = Max - Allocation:
Process | A  B
P0      | 3  1
P1      | 7  5
P2      | 5  1
P3      | 8  3
P4      | 2  5

Step 1: Is Request <= Need[P0]? Request=[2, 0], Need[P0]=[3, 1]
-> Yes.

Step 2: Is Request <= Available? Request=[2, 0], Available=[6, 7]
-> Yes. Pretend to allocate and check safety of the resulting state.

Tentative new Available: [4, 7]
The resulting state IS safe (safe sequence: P0 -> P2 -> P3 -> P4 -> P1). The request is GRANTED immediately."
"You are an Operating Systems tutor. Answer ONLY using the exact textbook passages provided below. Do NOT add your own examples, do NOT invent information. If the answer is not in the provided text, reply EXACTLY with the word 'OUT_OF_CONTEXT' and nothing else.","Textbook passages:
Priority scheduling (non-preemptive) allocates the CPU to the ready process with the highest priority, where a SMALLER priority number means HIGHER priority. Once started, a process runs to completion. Ties are broken by earliest arrival time, then process ID. Completion Time (CT) is when a process finishes; Turnaround Time (TAT) = CT − Arrival Time; Waiting Time (WT) = TAT − Burst Time.

Question: Consider the following processes with their arrival and burst times (all times in milliseconds):

Process | Arrival Time | Burst Time | Priority
----------------------------------------------
P1      | 4            | 5          | 1
P2      | 0            | 12          | 1
P3      | 1            | 3          | 1

Using Priority (non-preemptive, smaller number = higher priority) scheduling, draw the Gantt chart and compute the Completion Time, Turnaround Time, and Waiting Time for each process. Also compute the average waiting time and average turnaround time.","Gantt Chart:
P2[0-12] -> P3[12-15] -> P1[15-20]

Process | CT | TAT (=CT-AT) | WT (=TAT-BT)
P1      | 20  | 16            | 11
P2      | 12  | 12            | 0
P3      | 15  | 14            | 11

Average Turnaround Time = (16 + 12 + 14) / 3 = 14 ms
Average Waiting Time = (11 + 0 + 11) / 3 = 7.33 ms"
"You are an Operating Systems tutor. Answer ONLY using the exact textbook passages provided below. Do NOT add your own examples, do NOT invent information. If the answer is not in the provided text, reply EXACTLY with the word 'OUT_OF_CONTEXT' and nothing else.","Textbook passages:
LRU (Least Recently Used) page replacement evicts the page that has not been referenced for the longest time, when a page fault occurs and all frames are full — it uses the recent past as an approximation of the near future.

Question: A system uses 3 page frames and the LRU page replacement algorithm. Given the page reference string:
5, 4, 3, 3, 2, 3, 4, 4, 3, 1, 1, 4

Determine, for each reference, whether it is a page hit or a page fault, show the resulting frame contents, and compute the total number of page faults and page hits.","Ref | Frame contents after this reference | Hit/Fault
5   | [5]                   | Fault
4   | [5, 4]                | Fault
3   | [5, 4, 3]             | Fault
3   | [5, 4, 3]             | Hit
2   | [4, 3, 2]             | Fault
3   | [4, 2, 3]             | Hit
4   | [2, 3, 4]             | Hit
4   | [2, 3, 4]             | Hit
3   | [2, 4, 3]             | Hit
1   | [4, 3, 1]             | Fault
1   | [4, 3, 1]             | Hit
4   | [3, 1, 4]             | Hit

Total references = 12
Total page faults = 5
Total page hits = 7
Page fault rate = 5/12 = 0.42"
"You are an Operating Systems tutor. Answer ONLY using the exact textbook passages provided below. Do NOT add your own examples, do NOT invent information. If the answer is not in the provided text, reply EXACTLY with the word 'OUT_OF_CONTEXT' and nothing else.","Textbook passages:
Shortest Job First (SJF, non-preemptive) scheduling selects, among all processes that have arrived and are ready, the one with the smallest CPU burst time to run next; once started it runs to completion. Ties are broken by earliest arrival time, then by process ID. Completion Time (CT) is when a process finishes; Turnaround Time (TAT) = CT − Arrival Time; Waiting Time (WT) = TAT − Burst Time.

Question: Consider the following processes with their arrival and burst times (all times in milliseconds):

Process | Arrival Time | Burst Time
-----------------------------------
P1      | 3            | 3
P2      | 6            | 7
P3      | 7            | 8
P4      | 3            | 8
P5      | 9            | 2

Using Shortest Job First (SJF, non-preemptive) scheduling, draw the Gantt chart and compute the Completion Time, Turnaround Time, and Waiting Time for each process. Also compute the average waiting time and average turnaround time.","Gantt Chart:
Idle[0-3] -> P1[3-6] -> P2[6-13] -> P5[13-15] -> P4[15-23] -> P3[23-31]

Process | CT | TAT (=CT-AT) | WT (=TAT-BT)
P1      | 6  | 3            | 0
P2      | 13  | 7            | 0
P3      | 31  | 24            | 16
P4      | 23  | 20            | 12
P5      | 15  | 6            | 4

Average Turnaround Time = (3 + 7 + 24 + 20 + 6) / 5 = 12 ms
Average Waiting Time = (0 + 0 + 16 + 12 + 4) / 5 = 6.40 ms"
"You are an Operating Systems tutor. Answer ONLY using the exact textbook passages provided below. Do NOT add your own examples, do NOT invent information. If the answer is not in the provided text, reply EXACTLY with the word 'OUT_OF_CONTEXT' and nothing else.","Textbook passages:
Priority inversion occurs when a lower-priority task holds a resource a higher-priority task needs. Without a fix, an unrelated medium-priority task can indefinitely preempt the low-priority holder, delaying the high-priority task by an unbounded amount — this is the scenario the Priority Inheritance Protocol is designed to bound.

Question: How do you convert Celsius to Fahrenheit?",OUT_OF_CONTEXT
"You are an Operating Systems tutor. Answer ONLY using the exact textbook passages provided below. Do NOT add your own examples, do NOT invent information. If the answer is not in the provided text, reply EXACTLY with the word 'OUT_OF_CONTEXT' and nothing else.","Textbook passages:
In contiguous memory allocation, each process is allocated a single contiguous block of main memory. Free memory blocks (holes) are managed and allocated to new processes using strategies like first-fit, best-fit, and worst-fit.

Question: Who won the FIFA World Cup in 2018?",OUT_OF_CONTEXT
"You are an Operating Systems tutor. Answer ONLY using the exact textbook passages provided below. Do NOT add your own examples, do NOT invent information. If the answer is not in the provided text, reply EXACTLY with the word 'OUT_OF_CONTEXT' and nothing else.","Textbook passages:
LRU (Least Recently Used) page replacement evicts the page that has not been referenced for the longest time, when a page fault occurs and all frames are full — it uses the recent past as an approximation of the near future.

Question: A system uses 4 page frames and the LRU page replacement algorithm. Given the page reference string:
5, 0, 5, 5, 4, 5, 1, 3, 3, 1

Determine, for each reference, whether it is a page hit or a page fault, show the resulting frame contents, and compute the total number of page faults and page hits.","Ref | Frame contents after this reference | Hit/Fault
5   | [5]                   | Fault
0   | [5, 0]                | Fault
5   | [0, 5]                | Hit
5   | [0, 5]                | Hit
4   | [0, 5, 4]             | Fault
5   | [0, 4, 5]             | Hit
1   | [0, 4, 5, 1]          | Fault
3   | [4, 5, 1, 3]          | Fault
3   | [4, 5, 1, 3]          | Hit
1   | [4, 5, 3, 1]          | Hit

Total references = 10
Total page faults = 5
Total page hits = 5
Page fault rate = 5/10 = 0.50"
"You are an Operating Systems tutor. Answer ONLY using the exact textbook passages provided below. Do NOT add your own examples, do NOT invent information. If the answer is not in the provided text, reply EXACTLY with the word 'OUT_OF_CONTEXT' and nothing else.","Textbook passages:
Processes are created dynamically using system calls such as fork() and exec() on Unix-like systems, and cooperating processes exchange data using inter-process communication (IPC) mechanisms such as shared memory and message passing.

Question: What is a zombie process, and what is an orphan process?","A zombie process is a process that has finished execution (called exit()) but whose entry still remains in the process table because its parent hasn't yet called wait() to read its exit status — it holds no resources except its slot in the table. An orphan process is one whose parent terminated before it did; orphans are typically re-parented to a special system process (like init/PID 1 on Unix), which periodically calls wait() on them to clean them up."
"You are an Operating Systems tutor. Answer ONLY using the exact textbook passages provided below. Do NOT add your own examples, do NOT invent information. If the answer is not in the provided text, reply EXACTLY with the word 'OUT_OF_CONTEXT' and nothing else.","Textbook passages:
False sharing: A performance problem where two logically unrelated variables accessed by different cores happen to share the same cache line, causing coherence invalidation traffic between the cores even though neither actually touches the other's data.

Question: Define False sharing.","A performance problem where two logically unrelated variables accessed by different cores happen to share the same cache line, causing coherence invalidation traffic between the cores even though neither actually touches the other's data."
"You are an Operating Systems tutor. Answer ONLY using the exact textbook passages provided below. Do NOT add your own examples, do NOT invent information. If the answer is not in the provided text, reply EXACTLY with the word 'OUT_OF_CONTEXT' and nothing else.","Textbook passages:
In contiguous memory allocation, free memory is organized as a list of holes (blocks). First-fit allocates a process into the first hole large enough to hold it (scanning from the start). Best-fit allocates into the smallest hole that is still large enough. Worst-fit allocates into the largest available hole. After allocation, the unused remainder of the chosen hole remains as a smaller free hole.

Question: Free memory consists of the following holes, in this order: B0=298KB, B1=280KB, B2=218KB, B3=365KB, B4=387KB. The following processes arrive in this order and must each be placed into a single contiguous free hole: P0=108KB, P1=216KB, P2=191KB, P3=249KB.

Using the first-fit allocation strategy, determine which memory block (if any) each process is placed into, and the sizes of the remaining free blocks after all allocations.","P0 (108KB): placed in B0 (was 298KB) -> B0 now has 190KB free
P1 (216KB): placed in B1 (was 280KB) -> B1 now has 64KB free
P2 (191KB): placed in B2 (was 218KB) -> B2 now has 27KB free
P3 (249KB): placed in B3 (was 365KB) -> B3 now has 116KB free

Final remaining free block sizes: B0=190KB, B1=64KB, B2=27KB, B3=116KB, B4=387KB"
"You are an Operating Systems tutor. Answer ONLY using the exact textbook passages provided below. Do NOT add your own examples, do NOT invent information. If the answer is not in the provided text, reply EXACTLY with the word 'OUT_OF_CONTEXT' and nothing else.","Textbook passages:
Mutual exclusion: The requirement that only one process/thread can execute in a critical section (accessing a shared resource) at any given time.

Question: Define Mutual exclusion.",The requirement that only one process/thread can execute in a critical section (accessing a shared resource) at any given time.
"You are an Operating Systems tutor. Answer ONLY using the exact textbook passages provided below. Do NOT add your own examples, do NOT invent information. If the answer is not in the provided text, reply EXACTLY with the word 'OUT_OF_CONTEXT' and nothing else.","Textbook passages:
As processes enter the system, they are placed in a job queue. Processes in main memory waiting to run are in the ready queue, and processes waiting for a particular I/O device are placed in a device queue.

Question: How do you bake a chocolate cake?",OUT_OF_CONTEXT
"You are an Operating Systems tutor. Answer ONLY using the exact textbook passages provided below. Do NOT add your own examples, do NOT invent information. If the answer is not in the provided text, reply EXACTLY with the word 'OUT_OF_CONTEXT' and nothing else.","Textbook passages:
Compaction: The technique of relocating allocated memory blocks to be contiguous, consolidating all free memory into a single block to eliminate external fragmentation.

Question: Explain the term Compaction in the context of operating systems.","The technique of relocating allocated memory blocks to be contiguous, consolidating all free memory into a single block to eliminate external fragmentation."
"You are an Operating Systems tutor. Answer ONLY using the exact textbook passages provided below. Do NOT add your own examples, do NOT invent information. If the answer is not in the provided text, reply EXACTLY with the word 'OUT_OF_CONTEXT' and nothing else.","Textbook passages:
In contiguous memory allocation, free memory is organized as a list of holes (blocks). First-fit allocates a process into the first hole large enough to hold it (scanning from the start). Best-fit allocates into the smallest hole that is still large enough. Worst-fit allocates into the largest available hole. After allocation, the unused remainder of the chosen hole remains as a smaller free hole.

Question: Free memory consists of the following holes, in this order: B0=310KB, B1=278KB, B2=299KB, B3=72KB, B4=201KB, B5=383KB. The following processes arrive in this order and must each be placed into a single contiguous free hole: P0=194KB, P1=293KB, P2=72KB.

Using the best-fit allocation strategy, determine which memory block (if any) each process is placed into, and the sizes of the remaining free blocks after all allocations.","P0 (194KB): placed in B4 (was 201KB) -> B4 now has 7KB free
P1 (293KB): placed in B2 (was 299KB) -> B2 now has 6KB free
P2 (72KB): placed in B3 (was 72KB) -> B3 now has 0KB free

Final remaining free block sizes: B0=310KB, B1=278KB, B2=6KB, B3=0KB, B4=7KB, B5=383KB"
"You are an Operating Systems tutor. Answer ONLY using the exact textbook passages provided below. Do NOT add your own examples, do NOT invent information. If the answer is not in the provided text, reply EXACTLY with the word 'OUT_OF_CONTEXT' and nothing else.","Textbook passages:
Paging is a memory management scheme that permits a process's physical address space to be non-contiguous. Logical memory is divided into fixed-size blocks called pages, and physical memory into equal-size blocks called frames.

Question: What is an inverted page table, and what problem does it solve?","An inverted page table has one entry per physical frame (not per logical page), recording which process and which page currently occupies that frame. It solves the problem of page tables growing too large for huge address spaces (since its size depends on physical memory size, not virtual address space size), at the cost of slower lookups (often requiring a hash table) since it's no longer indexed directly by page number."
"You are an Operating Systems tutor. Answer ONLY using the exact textbook passages provided below. Do NOT add your own examples, do NOT invent information. If the answer is not in the provided text, reply EXACTLY with the word 'OUT_OF_CONTEXT' and nothing else.","Textbook passages:
FIFO page replacement evicts the page that has been resident in memory the longest, regardless of how recently or often it has been used, when a page fault occurs and all frames are full.

Question: A system uses 4 page frames and the FIFO page replacement algorithm. Given the page reference string:
4, 0, 2, 1, 1, 4, 2, 1, 0, 5, 0

Determine, for each reference, whether it is a page hit or a page fault, show the resulting frame contents, and compute the total number of page faults and page hits.","Ref | Frame contents after this reference | Hit/Fault
4   | [4]                   | Fault
0   | [4, 0]                | Fault
2   | [4, 0, 2]             | Fault
1   | [4, 0, 2, 1]          | Fault
1   | [4, 0, 2, 1]          | Hit
4   | [4, 0, 2, 1]          | Hit
2   | [4, 0, 2, 1]          | Hit
1   | [4, 0, 2, 1]          | Hit
0   | [4, 0, 2, 1]          | Hit
5   | [0, 2, 1, 5]          | Fault
0   | [0, 2, 1, 5]          | Hit

Total references = 11
Total page faults = 5
Total page hits = 6
Page fault rate = 5/11 = 0.45"
"You are an Operating Systems tutor. Answer ONLY using the exact textbook passages provided below. Do NOT add your own examples, do NOT invent information. If the answer is not in the provided text, reply EXACTLY with the word 'OUT_OF_CONTEXT' and nothing else.","Textbook passages:
Operating systems can be classified by how they schedule and share the CPU among users and processes: batch systems, multiprogrammed systems, time-sharing systems, real-time systems, and distributed systems, each suited to different workloads.

Question: What is a distributed operating system?","A distributed OS manages a group of independent, networked computers and makes them appear to users as a single coherent system, providing resource sharing, transparency, and coordinated computation across multiple physical machines."
"You are an Operating Systems tutor. Answer ONLY using the exact textbook passages provided below. Do NOT add your own examples, do NOT invent information. If the answer is not in the provided text, reply EXACTLY with the word 'OUT_OF_CONTEXT' and nothing else.","Textbook passages:
The statement 'counter++' is not atomic at the machine-instruction level: it typically compiles to a separate load, add, and store, and a race between two threads executing these instructions concurrently can silently lose an update.

Question: Two threads increment a shared global counter using 'counter++;' with no locking, where this compiles to three machine instructions: LOAD counter into a register, ADD 1 to the register, STORE the register back to counter. Starting from counter == 5, give a specific interleaving of these six instructions that causes the final value to be 6 instead of the expected 7, and explain why.","One race interleaving: Thread A: LOAD counter (reg_A = 5). Thread B: LOAD counter (reg_B = 5) — this happens before Thread A has written anything back, so B also reads the old value 5. Thread A: ADD 1 (reg_A = 6). Thread A: STORE reg_A to counter (counter becomes 6). Thread B: ADD 1 (reg_B = 6, using its own stale copy read earlier). Thread B: STORE reg_B to counter (counter becomes 6 again, silently overwriting Thread A's update). Final value: counter == 6, not 7 — one increment is lost. This happens because 'counter++' is not atomic: both threads read the same starting value into their own private registers before either has written a result back, so their increments are each computed independently from the same stale base value, and whichever thread stores last simply overwrites the other's result instead of building on it. The fix is to make the read-modify-write sequence atomic with respect to other threads — e.g. wrapping it in a mutex, or using a hardware atomic instruction such as x86's LOCK XADD or C11's atomic_fetch_add."
"You are an Operating Systems tutor. Answer ONLY using the exact textbook passages provided below. Do NOT add your own examples, do NOT invent information. If the answer is not in the provided text, reply EXACTLY with the word 'OUT_OF_CONTEXT' and nothing else.","Textbook passages:
Thrashing: A state where a system spends more time swapping/paging than executing actual process instructions, caused by insufficient physical memory for the active working sets.

Question: Define Thrashing.","A state where a system spends more time swapping/paging than executing actual process instructions, caused by insufficient physical memory for the active working sets."
"You are an Operating Systems tutor. Answer ONLY using the exact textbook passages provided below. Do NOT add your own examples, do NOT invent information. If the answer is not in the provided text, reply EXACTLY with the word 'OUT_OF_CONTEXT' and nothing else.","Textbook passages:
Shortest Remaining Time First (SRTF) is the preemptive version of SJF: at every instant, the CPU runs whichever ready process has the smallest remaining burst time, preempting the current process if a process with a shorter remaining time becomes ready. Ties are broken by earliest arrival time, then process ID. Completion Time (CT) is when a process finishes; Turnaround Time (TAT) = CT − Arrival Time; Waiting Time (WT) = TAT − Burst Time.

Question: Consider the following processes with their arrival and burst times (all times in milliseconds):

Process | Arrival Time | Burst Time
-----------------------------------
P1      | 5            | 5
P2      | 5            | 7
P3      | 4            | 8
P4      | 1            | 9

Using Shortest Remaining Time First (SRTF, preemptive) scheduling, draw the Gantt chart and compute the Completion Time, Turnaround Time, and Waiting Time for each process. Also compute the average waiting time and average turnaround time.","Gantt Chart:
Idle[0-1] -> P4[1-10] -> P1[10-15] -> P2[15-22] -> P3[22-30]

Process | CT | TAT (=CT-AT) | WT (=TAT-BT)
P1      | 15  | 10            | 5
P2      | 22  | 17            | 10
P3      | 30  | 26            | 18
P4      | 10  | 9            | 0

Average Turnaround Time = (10 + 17 + 26 + 9) / 4 = 15.50 ms
Average Waiting Time = (5 + 10 + 18 + 0) / 4 = 8.25 ms"
"You are an Operating Systems tutor. Answer ONLY using the exact textbook passages provided below. Do NOT add your own examples, do NOT invent information. If the answer is not in the provided text, reply EXACTLY with the word 'OUT_OF_CONTEXT' and nothing else.","Textbook passages:
SSTF (Shortest Seek Time First) disk scheduling always services the pending request whose cylinder is closest to the disk head's current position next, minimizing each individual seek.

Question: A disk has 200 cylinders (numbered 0 to 199). The disk head is currently at cylinder 133. The pending requests, in the order they arrived, are: 174, 81, 170, 88, 181, 16.

Using the SSTF disk scheduling algorithm, determine the order in which the requests are serviced and compute the total head movement (in number of cylinders).","Service order: 133 -> 170 -> 174 -> 181 -> 88 -> 81 -> 16

Head movement per step: |170-133|=37 + |174-170|=4 + |181-174|=7 + |88-181|=93 + |81-88|=7 + |16-81|=65

Total head movement = 213 cylinders"
"You are an Operating Systems tutor. Answer ONLY using the exact textbook passages provided below. Do NOT add your own examples, do NOT invent information. If the answer is not in the provided text, reply EXACTLY with the word 'OUT_OF_CONTEXT' and nothing else.","Textbook passages:
A thread is the basic unit of CPU utilization, comprising a thread ID, program counter, register set, and stack. Multiple threads within the same process share the process's code section, data section, and other OS resources like open files.

Question: Differentiate between user-level threads and kernel-level threads.","User-level threads are managed by a thread library in user space without kernel awareness — fast to create/switch, but the whole process blocks if one thread makes a blocking system call, and they cannot run in parallel on multiple cores. Kernel-level threads are managed and scheduled directly by the OS kernel — slower to create/switch (needs a kernel call), but a blocked thread doesn't block others, and they can run in true parallel on multicore systems."
"You are an Operating Systems tutor. Answer ONLY using the exact textbook passages provided below. Do NOT add your own examples, do NOT invent information. If the answer is not in the provided text, reply EXACTLY with the word 'OUT_OF_CONTEXT' and nothing else.","Textbook passages:
A deadlock is a situation where a set of processes are all blocked, each waiting for a resource held by another process in the set, so none can proceed. Four conditions must hold simultaneously for a deadlock to occur.

Question: List and briefly explain the four necessary conditions for deadlock (Coffman conditions).","(1) Mutual Exclusion — at least one resource must be held in a non-shareable mode. (2) Hold and Wait — a process holding at least one resource is waiting to acquire additional resources held by others. (3) No Preemption — resources cannot be forcibly taken away; they must be released voluntarily by the process holding them. (4) Circular Wait — a set of processes {P0, P1, ..., Pn} exists such that P0 is waiting for a resource held by P1, P1 for one held by P2, ..., and Pn is waiting for one held by P0."
"You are an Operating Systems tutor. Answer ONLY using the exact textbook passages provided below. Do NOT add your own examples, do NOT invent information. If the answer is not in the provided text, reply EXACTLY with the word 'OUT_OF_CONTEXT' and nothing else.","Textbook passages:
LRU (Least Recently Used) page replacement evicts the page that has not been referenced for the longest time, when a page fault occurs and all frames are full — it uses the recent past as an approximation of the near future.

Question: A system uses 4 page frames and the LRU page replacement algorithm. Given the page reference string:
4, 2, 1, 5, 1, 4, 2, 5, 5, 5, 5

Determine, for each reference, whether it is a page hit or a page fault, show the resulting frame contents, and compute the total number of page faults and page hits.","Ref | Frame contents after this reference | Hit/Fault
4   | [4]                   | Fault
2   | [4, 2]                | Fault
1   | [4, 2, 1]             | Fault
5   | [4, 2, 1, 5]          | Fault
1   | [4, 2, 5, 1]          | Hit
4   | [2, 5, 1, 4]          | Hit
2   | [5, 1, 4, 2]          | Hit
5   | [1, 4, 2, 5]          | Hit
5   | [1, 4, 2, 5]          | Hit
5   | [1, 4, 2, 5]          | Hit
5   | [1, 4, 2, 5]          | Hit

Total references = 11
Total page faults = 4
Total page hits = 7
Page fault rate = 4/11 = 0.36"
"You are an Operating Systems tutor. Answer ONLY using the exact textbook passages provided below. Do NOT add your own examples, do NOT invent information. If the answer is not in the provided text, reply EXACTLY with the word 'OUT_OF_CONTEXT' and nothing else.","Textbook passages:
Optimal (MIN/Belady's) page replacement evicts the page that will not be used again for the longest time in the future (or never used again), when a page fault occurs and all frames are full. It gives the theoretical minimum number of page faults but requires advance knowledge of the full reference string.

Question: A system uses 4 page frames and the Optimal page replacement algorithm. Given the page reference string:
2, 0, 2, 2, 1, 1, 2, 3, 1, 1, 1, 1, 0, 2

Determine, for each reference, whether it is a page hit or a page fault, show the resulting frame contents, and compute the total number of page faults and page hits.","Ref | Frame contents after this reference | Hit/Fault
2   | [2]                   | Fault
0   | [2, 0]                | Fault
2   | [2, 0]                | Hit
2   | [2, 0]                | Hit
1   | [2, 0, 1]             | Fault
1   | [2, 0, 1]             | Hit
2   | [2, 0, 1]             | Hit
3   | [2, 0, 1, 3]          | Fault
1   | [2, 0, 1, 3]          | Hit
1   | [2, 0, 1, 3]          | Hit
1   | [2, 0, 1, 3]          | Hit
1   | [2, 0, 1, 3]          | Hit
0   | [2, 0, 1, 3]          | Hit
2   | [2, 0, 1, 3]          | Hit

Total references = 14
Total page faults = 4
Total page hits = 10
Page fault rate = 4/14 = 0.29"
"You are an Operating Systems tutor. Answer ONLY using the exact textbook passages provided below. Do NOT add your own examples, do NOT invent information. If the answer is not in the provided text, reply EXACTLY with the word 'OUT_OF_CONTEXT' and nothing else.","Textbook passages:
When a process calls fork(), copying the entire parent address space immediately would be wasteful in the common case where the child soon calls exec() and discards it. Copy-on-Write (COW) defers the actual copy until a write actually occurs.

Question: Why is Copy-on-Write (COW) used for fork() instead of immediately duplicating the parent's entire address space, and how does it work at the page-table level?","Immediately copying the parent's full address space would be wasteful in the very common case where the child calls exec() right afterward and discards the copy entirely (the typical fork()+exec() pattern for launching a new program), or where parent and child mostly just read shared data. Copy-on-Write avoids this: instead of physically duplicating pages at fork() time, the child's page table is set up to point to the SAME physical frames as the parent, and both processes' page table entries for these shared pages are marked read-only, even for pages that were originally writable. If either process later writes to one of these shared pages, the write triggers a protection-fault trap. The kernel's fault handler recognizes this is a COW page, allocates a fresh physical frame, copies the page's contents into it, updates the faulting process's page table entry to point to this new private frame (now marked writable), and lets the write proceed. Actual physical copying only happens for pages that are actually modified, and only at the moment they're modified — read-only or never-modified pages are never duplicated, drastically reducing the cost of fork() in the common case."
"You are an Operating Systems tutor. Answer ONLY using the exact textbook passages provided below. Do NOT add your own examples, do NOT invent information. If the answer is not in the provided text, reply EXACTLY with the word 'OUT_OF_CONTEXT' and nothing else.","Textbook passages:
C-LOOK disk scheduling behaves like C-SCAN, but instead of jumping to the physical end of the disk, the head jumps directly to the closest pending request on the other side, avoiding unnecessary movement to an empty boundary.

Question: A disk has 200 cylinders (numbered 0 to 199). The disk head is currently at cylinder 55. The pending requests, in the order they arrived, are: 143, 83, 169, 122, 134, 96, 80.

Using the C-LOOK (initial direction: increasing cylinder numbers) disk scheduling algorithm, determine the order in which the requests are serviced and compute the total head movement (in number of cylinders).","Service order: 55 -> 80 -> 83 -> 96 -> 122 -> 134 -> 143 -> 169

Head movement per step: |80-55|=25 + |83-80|=3 + |96-83|=13 + |122-96|=26 + |134-122|=12 + |143-134|=9 + |169-143|=26

Total head movement = 114 cylinders"
"You are an Operating Systems tutor. Answer ONLY using the exact textbook passages provided below. Do NOT add your own examples, do NOT invent information. If the answer is not in the provided text, reply EXACTLY with the word 'OUT_OF_CONTEXT' and nothing else.","Textbook passages:
In a paged memory system, a logical address is split into a page number and an offset: page number = logical address // page size; offset = logical address % page size. The page table maps each page number to a physical frame number. The physical address is computed as: physical address = (frame number x page size) + offset.

Question: A system uses paging with a page size of 1024 bytes. A process has 6 pages, with the following page table: page 0 -> frame 1, page 1 -> frame 0, page 2 -> frame 2, page 3 -> frame 6, page 4 -> frame 3, page 5 -> frame 5.

For the logical address 3552, determine: (a) the page number, (b) the offset within the page, (c) the corresponding frame number, and (d) the resulting physical address.","(a) Page number = logical address // page size = 3552 // 1024 = 3
(b) Offset = logical address % page size = 3552 % 1024 = 480
(c) From the page table, page 3 -> frame 6
(d) Physical address = (frame number x page size) + offset = (6 x 1024) + 480 = 6624"
"You are an Operating Systems tutor. Answer ONLY using the exact textbook passages provided below. Do NOT add your own examples, do NOT invent information. If the answer is not in the provided text, reply EXACTLY with the word 'OUT_OF_CONTEXT' and nothing else.","Textbook passages:
Store buffer: A small per-core hardware structure that holds a core's own pending writes before they are committed to shared memory, allowing StoreLoad reordering where a core's later load can execute before its own earlier store becomes globally visible.

Question: What is Store buffer?","A small per-core hardware structure that holds a core's own pending writes before they are committed to shared memory, allowing StoreLoad reordering where a core's later load can execute before its own earlier store becomes globally visible."
"You are an Operating Systems tutor. Answer ONLY using the exact textbook passages provided below. Do NOT add your own examples, do NOT invent information. If the answer is not in the provided text, reply EXACTLY with the word 'OUT_OF_CONTEXT' and nothing else.","Textbook passages:
Real-time scheduling algorithms like Rate Monotonic Scheduling (RMS) and Earliest Deadline First (EDF) schedule periodic tasks to guarantee that each task's deadline (usually equal to its period) is met. RMS is a fixed-priority algorithm; EDF is a dynamic-priority algorithm and is provably optimal among such algorithms.

Question: What is Rate Monotonic Scheduling (RMS), and what is its utilization-bound schedulability test?","RMS is a fixed-priority preemptive scheduling algorithm for periodic real-time tasks: each task is assigned a static priority inversely proportional to its period — the shorter a task's period, the higher its priority, since it must run more frequently. A sufficient (but not necessary) schedulability test is the Liu & Layland utilization bound: for n periodic tasks with worst-case execution time C_i and period T_i, if total utilization U = sum(C_i / T_i) is less than or equal to n(2^(1/n) - 1), all deadlines are guaranteed to be met under RMS. As n -> infinity this bound approaches ln(2) ≈ 0.693, meaning RMS can only guarantee schedulability up to roughly 69% CPU utilization, even though total demand could technically be less than 100% — RMS can still miss deadlines above this bound because of how fixed priorities interact."
"You are an Operating Systems tutor. Answer ONLY using the exact textbook passages provided below. Do NOT add your own examples, do NOT invent information. If the answer is not in the provided text, reply EXACTLY with the word 'OUT_OF_CONTEXT' and nothing else.","Textbook passages:
Inter-Processor Interrupt (IPI): A hardware interrupt one CPU core sends directly to another (via the Local APIC on x86, or an SGI via the GIC on ARM) to force it to run a specific handler immediately, used e.g. to coordinate TLB shootdowns across cores.

Question: Explain the term Inter-Processor Interrupt (IPI) in the context of operating systems.","A hardware interrupt one CPU core sends directly to another (via the Local APIC on x86, or an SGI via the GIC on ARM) to force it to run a specific handler immediately, used e.g. to coordinate TLB shootdowns across cores."
"You are an Operating Systems tutor. Answer ONLY using the exact textbook passages provided below. Do NOT add your own examples, do NOT invent information. If the answer is not in the provided text, reply EXACTLY with the word 'OUT_OF_CONTEXT' and nothing else.","Textbook passages:
LRU (Least Recently Used) page replacement evicts the page that has not been referenced for the longest time, when a page fault occurs and all frames are full — it uses the recent past as an approximation of the near future.

Question: A system uses 4 page frames and the LRU page replacement algorithm. Given the page reference string:
5, 1, 3, 0, 4, 4, 2, 4, 1, 5

Determine, for each reference, whether it is a page hit or a page fault, show the resulting frame contents, and compute the total number of page faults and page hits.","Ref | Frame contents after this reference | Hit/Fault
5   | [5]                   | Fault
1   | [5, 1]                | Fault
3   | [5, 1, 3]             | Fault
0   | [5, 1, 3, 0]          | Fault
4   | [1, 3, 0, 4]          | Fault
4   | [1, 3, 0, 4]          | Hit
2   | [3, 0, 4, 2]          | Fault
4   | [3, 0, 2, 4]          | Hit
1   | [0, 2, 4, 1]          | Fault
5   | [2, 4, 1, 5]          | Fault

Total references = 10
Total page faults = 8
Total page hits = 2
Page fault rate = 8/10 = 0.80"
"You are an Operating Systems tutor. Answer ONLY using the exact textbook passages provided below. Do NOT add your own examples, do NOT invent information. If the answer is not in the provided text, reply EXACTLY with the word 'OUT_OF_CONTEXT' and nothing else.","Textbook passages:
Convoy effect: A phenomenon in FCFS scheduling where a long CPU-bound process causes many shorter processes behind it to wait an unnecessarily long time.

Question: Explain the term Convoy effect in the context of operating systems.",A phenomenon in FCFS scheduling where a long CPU-bound process causes many shorter processes behind it to wait an unnecessarily long time.
"You are an Operating Systems tutor. Answer ONLY using the exact textbook passages provided below. Do NOT add your own examples, do NOT invent information. If the answer is not in the provided text, reply EXACTLY with the word 'OUT_OF_CONTEXT' and nothing else.","Textbook passages:
Optimal (MIN/Belady's) page replacement evicts the page that will not be used again for the longest time in the future (or never used again), when a page fault occurs and all frames are full. It gives the theoretical minimum number of page faults but requires advance knowledge of the full reference string.

Question: A system uses 3 page frames and the Optimal page replacement algorithm. Given the page reference string:
4, 3, 5, 2, 1, 5, 5, 5, 5, 4, 0, 5

Determine, for each reference, whether it is a page hit or a page fault, show the resulting frame contents, and compute the total number of page faults and page hits.","Ref | Frame contents after this reference | Hit/Fault
4   | [4]                   | Fault
3   | [4, 3]                | Fault
5   | [4, 3, 5]             | Fault
2   | [4, 5, 2]             | Fault
1   | [4, 5, 1]             | Fault
5   | [4, 5, 1]             | Hit
5   | [4, 5, 1]             | Hit
5   | [4, 5, 1]             | Hit
5   | [4, 5, 1]             | Hit
4   | [4, 5, 1]             | Hit
0   | [5, 1, 0]             | Fault
5   | [5, 1, 0]             | Hit

Total references = 12
Total page faults = 6
Total page hits = 6
Page fault rate = 6/12 = 0.50"
"You are an Operating Systems tutor. Answer ONLY using the exact textbook passages provided below. Do NOT add your own examples, do NOT invent information. If the answer is not in the provided text, reply EXACTLY with the word 'OUT_OF_CONTEXT' and nothing else.","Textbook passages:
A process is a program in execution. It is the fundamental unit of work in an operating system and includes the program code, current activity (program counter, registers), and associated resources such as memory and open files.

Question: What is the difference between a process's logical address space and physical address space?","The logical (virtual) address space is the set of addresses generated by the CPU as a process runs, starting typically from 0. The physical address space is the actual set of addresses in main memory (RAM) that these logical addresses are mapped to by the Memory Management Unit (MMU) at run time."
"You are an Operating Systems tutor. Answer ONLY using the exact textbook passages provided below. Do NOT add your own examples, do NOT invent information. If the answer is not in the provided text, reply EXACTLY with the word 'OUT_OF_CONTEXT' and nothing else.","Textbook passages:
SCAN disk scheduling moves the head in one direction, servicing every pending request it passes, continuing all the way to that end of the disk (cylinder 0 or the maximum cylinder) even if no request lies exactly there, then reverses direction and services the remaining requests on the other side, stopping once the last one is serviced.

Question: A disk has 200 cylinders (numbered 0 to 199). The disk head is currently at cylinder 106. The pending requests, in the order they arrived, are: 193, 36, 50, 154, 130, 102, 128, 10.

Using the SCAN (initial direction: increasing cylinder numbers) disk scheduling algorithm, determine the order in which the requests are serviced and compute the total head movement (in number of cylinders).","Service order: 106 -> 128 -> 130 -> 154 -> 193 -> 102 -> 50 -> 36 -> 10

Head movement per step: |128-106|=22 + |130-128|=2 + |154-130|=24 + |193-154|=39 + |102-193|=91 + |50-102|=52 + |36-50|=14 + |10-36|=26

Total head movement = 282 cylinders"
"You are an Operating Systems tutor. Answer ONLY using the exact textbook passages provided below. Do NOT add your own examples, do NOT invent information. If the answer is not in the provided text, reply EXACTLY with the word 'OUT_OF_CONTEXT' and nothing else.","Textbook passages:
Store buffer: A small per-core hardware structure that holds a core's own pending writes before they are committed to shared memory, allowing StoreLoad reordering where a core's later load can execute before its own earlier store becomes globally visible.

Question: Define Store buffer.","A small per-core hardware structure that holds a core's own pending writes before they are committed to shared memory, allowing StoreLoad reordering where a core's later load can execute before its own earlier store becomes globally visible."
"You are an Operating Systems tutor. Answer ONLY using the exact textbook passages provided below. Do NOT add your own examples, do NOT invent information. If the answer is not in the provided text, reply EXACTLY with the word 'OUT_OF_CONTEXT' and nothing else.","Textbook passages:
Optimal (MIN/Belady's) page replacement evicts the page that will not be used again for the longest time in the future (or never used again), when a page fault occurs and all frames are full. It gives the theoretical minimum number of page faults but requires advance knowledge of the full reference string.

Question: A system uses 4 page frames and the Optimal page replacement algorithm. Given the page reference string:
3, 2, 1, 3, 3, 0, 1, 3, 4, 2, 4, 2

Determine, for each reference, whether it is a page hit or a page fault, show the resulting frame contents, and compute the total number of page faults and page hits.","Ref | Frame contents after this reference | Hit/Fault
3   | [3]                   | Fault
2   | [3, 2]                | Fault
1   | [3, 2, 1]             | Fault
3   | [3, 2, 1]             | Hit
3   | [3, 2, 1]             | Hit
0   | [3, 2, 1, 0]          | Fault
1   | [3, 2, 1, 0]          | Hit
3   | [3, 2, 1, 0]          | Hit
4   | [2, 1, 0, 4]          | Fault
2   | [2, 1, 0, 4]          | Hit
4   | [2, 1, 0, 4]          | Hit
2   | [2, 1, 0, 4]          | Hit

Total references = 12
Total page faults = 5
Total page hits = 7
Page fault rate = 5/12 = 0.42"
"You are an Operating Systems tutor. Answer ONLY using the exact textbook passages provided below. Do NOT add your own examples, do NOT invent information. If the answer is not in the provided text, reply EXACTLY with the word 'OUT_OF_CONTEXT' and nothing else.","Textbook passages:
The producer-consumer, readers-writers, and dining philosophers problems are classic synchronization problems used to illustrate and test solutions to concurrent resource-sharing challenges.

Question: Describe the dining philosophers problem and one common solution to avoid deadlock.","Five philosophers sit around a table with one fork between each pair (5 forks total); each needs both adjacent forks to eat. If every philosopher picks up their left fork simultaneously, all wait forever for the right fork — a deadlock. One common solution is to allow at most four philosophers to try picking up forks simultaneously (a resource-limiting solution), or to have one philosopher pick up their right fork first while the others pick up left first, breaking the circular wait."
"You are an Operating Systems tutor. Answer ONLY using the exact textbook passages provided below. Do NOT add your own examples, do NOT invent information. If the answer is not in the provided text, reply EXACTLY with the word 'OUT_OF_CONTEXT' and nothing else.","Textbook passages:
The Banker's algorithm avoids deadlock by only granting a resource request if the resulting state is 'safe'. A state is safe if there is some ordering (safe sequence) of all processes such that each process's remaining Need can be satisfied by the currently Available resources plus what is freed by processes earlier in the sequence. Need[i] = Max[i] - Allocation[i]. The safety algorithm repeatedly finds any unfinished process whose Need is <= Work (initially Available), 'runs' it (adding its Allocation back to Work), and marks it finished, until no more processes can be added (safe if all finish) or no more can be found (unsafe if any remain unfinished).

Question: A system has 5 processes (P0..P4) and 2 resource types (A, B). The current Allocation and Max matrices, and the Available vector, are:

Allocation:
Process | A  B
P0      | 0  2
P1      | 3  0
P2      | 4  5
P3      | 2  2
P4      | 3  2

Max:
Process | A  B
P0      | 5  8
P1      | 5  5
P2      | 7  5
P3      | 9  7
P4      | 8  9

Available: A=7, B=4

Compute the Need matrix, and using the Banker's algorithm, determine whether the system is currently in a safe state. If it is, give a valid safe sequence.","Need = Max - Allocation:
Process | A  B
P0      | 5  6
P1      | 2  5
P2      | 3  0
P3      | 7  5
P4      | 5  7

Need[P2] = [3, 0] <= Work [7, 4] -> P2 can run; Work becomes [11, 9]
Need[P3] = [7, 5] <= Work [11, 9] -> P3 can run; Work becomes [13, 11]
Need[P4] = [5, 7] <= Work [13, 11] -> P4 can run; Work becomes [16, 13]
Need[P0] = [5, 6] <= Work [16, 13] -> P0 can run; Work becomes [16, 15]
Need[P1] = [2, 5] <= Work [16, 15] -> P1 can run; Work becomes [19, 15]

All processes finish. The system IS in a safe state.
Safe sequence: P2 -> P3 -> P4 -> P0 -> P1"
"You are an Operating Systems tutor. Answer ONLY using the exact textbook passages provided below. Do NOT add your own examples, do NOT invent information. If the answer is not in the provided text, reply EXACTLY with the word 'OUT_OF_CONTEXT' and nothing else.","Textbook passages:
FCFS disk scheduling services pending I/O requests strictly in the order they arrived, regardless of cylinder position. Total head movement is the sum of the absolute differences between consecutively serviced cylinders, starting from the initial head position.

Question: A disk has 200 cylinders (numbered 0 to 199). The disk head is currently at cylinder 40. The pending requests, in the order they arrived, are: 164, 197, 147, 67, 166, 53.

Using the FCFS disk scheduling algorithm, determine the order in which the requests are serviced and compute the total head movement (in number of cylinders).","Service order: 40 -> 164 -> 197 -> 147 -> 67 -> 166 -> 53

Head movement per step: |164-40|=124 + |197-164|=33 + |147-197|=50 + |67-147|=80 + |166-67|=99 + |53-166|=113

Total head movement = 499 cylinders"
"You are an Operating Systems tutor. Answer ONLY using the exact textbook passages provided below. Do NOT add your own examples, do NOT invent information. If the answer is not in the provided text, reply EXACTLY with the word 'OUT_OF_CONTEXT' and nothing else.","Textbook passages:
Fragmentation: Wasted memory that accumulates over time due to allocation and deallocation patterns; can be internal (wasted space inside an allocated block) or external (wasted space between allocated blocks).

Question: What is Fragmentation?",Wasted memory that accumulates over time due to allocation and deallocation patterns; can be internal (wasted space inside an allocated block) or external (wasted space between allocated blocks).
"You are an Operating Systems tutor. Answer ONLY using the exact textbook passages provided below. Do NOT add your own examples, do NOT invent information. If the answer is not in the provided text, reply EXACTLY with the word 'OUT_OF_CONTEXT' and nothing else.","Textbook passages:
Operating systems can be structured in several ways, including the simple/monolithic structure, layered approach, microkernel architecture, and modular approach, each trading off performance against maintainability and reliability.

Question: How do you convert Celsius to Fahrenheit?",OUT_OF_CONTEXT
"You are an Operating Systems tutor. Answer ONLY using the exact textbook passages provided below. Do NOT add your own examples, do NOT invent information. If the answer is not in the provided text, reply EXACTLY with the word 'OUT_OF_CONTEXT' and nothing else.","Textbook passages:
The Banker's algorithm avoids deadlock by only granting a resource request if the resulting state is 'safe'. A state is safe if there is some ordering (safe sequence) of all processes such that each process's remaining Need can be satisfied by the currently Available resources plus what is freed by processes earlier in the sequence. Need[i] = Max[i] - Allocation[i]. The safety algorithm repeatedly finds any unfinished process whose Need is <= Work (initially Available), 'runs' it (adding its Allocation back to Work), and marks it finished, until no more processes can be added (safe if all finish) or no more can be found (unsafe if any remain unfinished).

Question: A system has 5 processes (P0..P4) and 3 resource types (A, B, C). The current Allocation and Max matrices, and the Available vector, are:

Allocation:
Process | A  B  C
P0      | 3  4  1
P1      | 2  2  6
P2      | 3  4  0
P3      | 5  0  7
P4      | 1  3  3

Max:
Process | A  B  C
P0      | 6  7  4
P1      | 7  6  6
P2      | 4  6  8
P3      | 7  8  8
P4      | 4  7  4

Available: A=6, B=6, C=7

Process P3 now requests additional resources: A=1, B=7, C=2. Using the Banker's algorithm, determine whether this request can be granted immediately.","Need = Max - Allocation:
Process | A  B  C
P0      | 3  3  3
P1      | 5  4  0
P2      | 1  2  8
P3      | 2  8  1
P4      | 3  4  1

Step 1: Is Request <= Need[P3]? Request=[1, 7, 2], Need[P3]=[2, 8, 1]
-> No. The request exceeds P3's declared maximum need, which is an error condition. The request cannot be granted."
"You are an Operating Systems tutor. Answer ONLY using the exact textbook passages provided below. Do NOT add your own examples, do NOT invent information. If the answer is not in the provided text, reply EXACTLY with the word 'OUT_OF_CONTEXT' and nothing else.","Textbook passages:
The Banker's algorithm is a deadlock-avoidance algorithm that treats resource allocation like a banker extending credit: it only grants a resource request if the system remains in a safe state afterward, i.e., there exists some order in which all processes can complete.

Question: What is the chemical formula for table salt?",OUT_OF_CONTEXT
"You are an Operating Systems tutor. Answer ONLY using the exact textbook passages provided below. Do NOT add your own examples, do NOT invent information. If the answer is not in the provided text, reply EXACTLY with the word 'OUT_OF_CONTEXT' and nothing else.","Textbook passages:
FCFS disk scheduling services pending I/O requests strictly in the order they arrived, regardless of cylinder position. Total head movement is the sum of the absolute differences between consecutively serviced cylinders, starting from the initial head position.

Question: A disk has 200 cylinders (numbered 0 to 199). The disk head is currently at cylinder 92. The pending requests, in the order they arrived, are: 152, 167, 172, 120, 73, 137, 2, 27, 110.

Using the FCFS disk scheduling algorithm, determine the order in which the requests are serviced and compute the total head movement (in number of cylinders).","Service order: 92 -> 152 -> 167 -> 172 -> 120 -> 73 -> 137 -> 2 -> 27 -> 110

Head movement per step: |152-92|=60 + |167-152|=15 + |172-167|=5 + |120-172|=52 + |73-120|=47 + |137-73|=64 + |2-137|=135 + |27-2|=25 + |110-27|=83

Total head movement = 486 cylinders"
"You are an Operating Systems tutor. Answer ONLY using the exact textbook passages provided below. Do NOT add your own examples, do NOT invent information. If the answer is not in the provided text, reply EXACTLY with the word 'OUT_OF_CONTEXT' and nothing else.","Textbook passages:
The Banker's algorithm avoids deadlock by only granting a resource request if the resulting state is 'safe'. A state is safe if there is some ordering (safe sequence) of all processes such that each process's remaining Need can be satisfied by the currently Available resources plus what is freed by processes earlier in the sequence. Need[i] = Max[i] - Allocation[i]. The safety algorithm repeatedly finds any unfinished process whose Need is <= Work (initially Available), 'runs' it (adding its Allocation back to Work), and marks it finished, until no more processes can be added (safe if all finish) or no more can be found (unsafe if any remain unfinished).

Question: A system has 3 processes (P0..P2) and 3 resource types (A, B, C). The current Allocation and Max matrices, and the Available vector, are:

Allocation:
Process | A  B  C
P0      | 1  4  0
P1      | 1  5  2
P2      | 1  3  1

Max:
Process | A  B  C
P0      | 7  6  6
P1      | 3  8  4
P2      | 4  5  9

Available: A=4, B=7, C=8

Process P2 now requests additional resources: A=2, B=2, C=6. Using the Banker's algorithm, determine whether this request can be granted immediately.","Need = Max - Allocation:
Process | A  B  C
P0      | 6  2  6
P1      | 2  3  2
P2      | 3  2  8

Step 1: Is Request <= Need[P2]? Request=[2, 2, 6], Need[P2]=[3, 2, 8]
-> Yes.

Step 2: Is Request <= Available? Request=[2, 2, 6], Available=[4, 7, 8]
-> Yes. Pretend to allocate and check safety of the resulting state.

Tentative new Available: [2, 5, 2]
The resulting state IS safe (safe sequence: P1 -> P2 -> P0). The request is GRANTED immediately."
"You are an Operating Systems tutor. Answer ONLY using the exact textbook passages provided below. Do NOT add your own examples, do NOT invent information. If the answer is not in the provided text, reply EXACTLY with the word 'OUT_OF_CONTEXT' and nothing else.","Textbook passages:
Protection mechanisms control access of processes and users to system resources according to policy, while security defends the whole system against internal and external threats.

Question: What is the difference between protection and security in an operating system?","Protection refers to internal mechanisms that control access of processes/users to resources within a system as defined by policy (e.g. file permissions, access control lists) — it deals with legitimate users misusing their granted access. Security is a broader concern that also defends the system against external threats — unauthorized/malicious access, viruses, worms, denial-of-service attacks — from both inside and outside the system."
"You are an Operating Systems tutor. Answer ONLY using the exact textbook passages provided below. Do NOT add your own examples, do NOT invent information. If the answer is not in the provided text, reply EXACTLY with the word 'OUT_OF_CONTEXT' and nothing else.","Textbook passages:
The Banker's algorithm avoids deadlock by only granting a resource request if the resulting state is 'safe'. A state is safe if there is some ordering (safe sequence) of all processes such that each process's remaining Need can be satisfied by the currently Available resources plus what is freed by processes earlier in the sequence. Need[i] = Max[i] - Allocation[i]. The safety algorithm repeatedly finds any unfinished process whose Need is <= Work (initially Available), 'runs' it (adding its Allocation back to Work), and marks it finished, until no more processes can be added (safe if all finish) or no more can be found (unsafe if any remain unfinished).

Question: A system has 3 processes (P0..P2) and 3 resource types (A, B, C). The current Allocation and Max matrices, and the Available vector, are:

Allocation:
Process | A  B  C
P0      | 3  3  0
P1      | 3  3  2
P2      | 2  3  2

Max:
Process | A  B  C
P0      | 3  3  6
P1      | 3  4  7
P2      | 6  9  8

Available: A=4, B=4, C=5

Compute the Need matrix, and using the Banker's algorithm, determine whether the system is currently in a safe state. If it is, give a valid safe sequence.","Need = Max - Allocation:
Process | A  B  C
P0      | 0  0  6
P1      | 0  1  5
P2      | 4  6  6

Need[P1] = [0, 1, 5] <= Work [4, 4, 5] -> P1 can run; Work becomes [7, 7, 7]
Need[P2] = [4, 6, 6] <= Work [7, 7, 7] -> P2 can run; Work becomes [9, 10, 9]
Need[P0] = [0, 0, 6] <= Work [9, 10, 9] -> P0 can run; Work becomes [12, 13, 9]

All processes finish. The system IS in a safe state.
Safe sequence: P1 -> P2 -> P0"
"You are an Operating Systems tutor. Answer ONLY using the exact textbook passages provided below. Do NOT add your own examples, do NOT invent information. If the answer is not in the provided text, reply EXACTLY with the word 'OUT_OF_CONTEXT' and nothing else.","Textbook passages:
Priority scheduling (non-preemptive) allocates the CPU to the ready process with the highest priority, where a SMALLER priority number means HIGHER priority. Once started, a process runs to completion. Ties are broken by earliest arrival time, then process ID. Completion Time (CT) is when a process finishes; Turnaround Time (TAT) = CT − Arrival Time; Waiting Time (WT) = TAT − Burst Time.

Question: Consider the following processes with their arrival and burst times (all times in milliseconds):

Process | Arrival Time | Burst Time | Priority
----------------------------------------------
P1      | 1            | 8          | 4
P2      | 4            | 2          | 7
P3      | 0            | 10          | 9
P4      | 10            | 12          | 4
P5      | 5            | 8          | 2

Using Priority (non-preemptive, smaller number = higher priority) scheduling, draw the Gantt chart and compute the Completion Time, Turnaround Time, and Waiting Time for each process. Also compute the average waiting time and average turnaround time.","Gantt Chart:
P3[0-10] -> P5[10-18] -> P1[18-26] -> P4[26-38] -> P2[38-40]

Process | CT | TAT (=CT-AT) | WT (=TAT-BT)
P1      | 26  | 25            | 17
P2      | 40  | 36            | 34
P3      | 10  | 10            | 0
P4      | 38  | 28            | 16
P5      | 18  | 13            | 5

Average Turnaround Time = (25 + 36 + 10 + 28 + 13) / 5 = 22.40 ms
Average Waiting Time = (17 + 34 + 0 + 16 + 5) / 5 = 14.40 ms"
"You are an Operating Systems tutor. Answer ONLY using the exact textbook passages provided below. Do NOT add your own examples, do NOT invent information. If the answer is not in the provided text, reply EXACTLY with the word 'OUT_OF_CONTEXT' and nothing else.","Textbook passages:
Priority Inheritance Protocol: A real-time scheduling technique where a low-priority task holding a resource temporarily inherits the priority of the highest-priority task blocked waiting for that resource, bounding the delay caused by priority inversion.

Question: Define Priority Inheritance Protocol.","A real-time scheduling technique where a low-priority task holding a resource temporarily inherits the priority of the highest-priority task blocked waiting for that resource, bounding the delay caused by priority inversion."
"You are an Operating Systems tutor. Answer ONLY using the exact textbook passages provided below. Do NOT add your own examples, do NOT invent information. If the answer is not in the provided text, reply EXACTLY with the word 'OUT_OF_CONTEXT' and nothing else.","Textbook passages:
When a page fault occurs and no free frame is available, the OS must select an existing page to evict from memory using a page-replacement algorithm, such as FIFO, LRU, or Optimal.

Question: What is thrashing, and what causes it?","Thrashing is a condition where a process (or system) spends more time paging (swapping pages in and out) than executing actual instructions, causing CPU utilization to collapse. It is caused by over-committing memory — too many processes running with too little physical memory, so each process doesn't have enough frames to hold its actively used pages (its 'working set'), causing continuous page faults."
"You are an Operating Systems tutor. Answer ONLY using the exact textbook passages provided below. Do NOT add your own examples, do NOT invent information. If the answer is not in the provided text, reply EXACTLY with the word 'OUT_OF_CONTEXT' and nothing else.","Textbook passages:
Virtual memory is a technique that allows the execution of processes that are not completely in main memory, giving each process the illusion of a large, contiguous address space backed by disk.

Question: What is demand paging?","Demand paging is a virtual memory technique where a page is only loaded into physical memory when it is actually referenced (demanded) by the running process, rather than loading the entire process at start. This reduces memory usage and speeds up process start-up, since unused pages (e.g. rarely-executed error-handling code) are never loaded."
"You are an Operating Systems tutor. Answer ONLY using the exact textbook passages provided below. Do NOT add your own examples, do NOT invent information. If the answer is not in the provided text, reply EXACTLY with the word 'OUT_OF_CONTEXT' and nothing else.","Textbook passages:
In a paged memory system, a logical address is split into a page number and an offset: page number = logical address // page size; offset = logical address % page size. The page table maps each page number to a physical frame number. The physical address is computed as: physical address = (frame number x page size) + offset.

Question: A system uses paging with a page size of 1024 bytes. A process has 7 pages, with the following page table: page 0 -> frame 7, page 1 -> frame 5, page 2 -> frame 3, page 3 -> frame 0, page 4 -> frame 6, page 5 -> frame 8, page 6 -> frame 4.

For the logical address 6842, determine: (a) the page number, (b) the offset within the page, (c) the corresponding frame number, and (d) the resulting physical address.","(a) Page number = logical address // page size = 6842 // 1024 = 6
(b) Offset = logical address % page size = 6842 % 1024 = 698
(c) From the page table, page 6 -> frame 4
(d) Physical address = (frame number x page size) + offset = (4 x 1024) + 698 = 4794"
"You are an Operating Systems tutor. Answer ONLY using the exact textbook passages provided below. Do NOT add your own examples, do NOT invent information. If the answer is not in the provided text, reply EXACTLY with the word 'OUT_OF_CONTEXT' and nothing else.","Textbook passages:
The Banker's algorithm avoids deadlock by only granting a resource request if the resulting state is 'safe'. A state is safe if there is some ordering (safe sequence) of all processes such that each process's remaining Need can be satisfied by the currently Available resources plus what is freed by processes earlier in the sequence. Need[i] = Max[i] - Allocation[i]. The safety algorithm repeatedly finds any unfinished process whose Need is <= Work (initially Available), 'runs' it (adding its Allocation back to Work), and marks it finished, until no more processes can be added (safe if all finish) or no more can be found (unsafe if any remain unfinished).

Question: A system has 4 processes (P0..P3) and 3 resource types (A, B, C). The current Allocation and Max matrices, and the Available vector, are:

Allocation:
Process | A  B  C
P0      | 5  1  5
P1      | 1  8  2
P2      | 1  2  8
P3      | 3  7  1

Max:
Process | A  B  C
P0      | 5  3  5
P1      | 3  9  8
P2      | 3  3  9
P3      | 5  8  3

Available: A=8, B=5, C=7

Process P3 now requests additional resources: A=1, B=0, C=2. Using the Banker's algorithm, determine whether this request can be granted immediately.","Need = Max - Allocation:
Process | A  B  C
P0      | 0  2  0
P1      | 2  1  6
P2      | 2  1  1
P3      | 2  1  2

Step 1: Is Request <= Need[P3]? Request=[1, 0, 2], Need[P3]=[2, 1, 2]
-> Yes.

Step 2: Is Request <= Available? Request=[1, 0, 2], Available=[8, 5, 7]
-> Yes. Pretend to allocate and check safety of the resulting state.

Tentative new Available: [7, 5, 5]
The resulting state IS safe (safe sequence: P0 -> P1 -> P2 -> P3). The request is GRANTED immediately."
"You are an Operating Systems tutor. Answer ONLY using the exact textbook passages provided below. Do NOT add your own examples, do NOT invent information. If the answer is not in the provided text, reply EXACTLY with the word 'OUT_OF_CONTEXT' and nothing else.","Textbook passages:
In a paged memory system, a logical address is split into a page number and an offset: page number = logical address // page size; offset = logical address % page size. The page table maps each page number to a physical frame number. The physical address is computed as: physical address = (frame number x page size) + offset.

Question: A system uses paging with a page size of 256 bytes. A process has 6 pages, with the following page table: page 0 -> frame 4, page 1 -> frame 2, page 2 -> frame 0, page 3 -> frame 12, page 4 -> frame 3, page 5 -> frame 10.

For the logical address 734, determine: (a) the page number, (b) the offset within the page, (c) the corresponding frame number, and (d) the resulting physical address.","(a) Page number = logical address // page size = 734 // 256 = 2
(b) Offset = logical address % page size = 734 % 256 = 222
(c) From the page table, page 2 -> frame 0
(d) Physical address = (frame number x page size) + offset = (0 x 256) + 222 = 222"
"You are an Operating Systems tutor. Answer ONLY using the exact textbook passages provided below. Do NOT add your own examples, do NOT invent information. If the answer is not in the provided text, reply EXACTLY with the word 'OUT_OF_CONTEXT' and nothing else.","Textbook passages:
Busy waiting: A situation where a process repeatedly checks a condition in a loop (spinning) while waiting for it to become true, wasting CPU cycles instead of blocking.

Question: Explain the term Busy waiting in the context of operating systems.","A situation where a process repeatedly checks a condition in a loop (spinning) while waiting for it to become true, wasting CPU cycles instead of blocking."
"You are an Operating Systems tutor. Answer ONLY using the exact textbook passages provided below. Do NOT add your own examples, do NOT invent information. If the answer is not in the provided text, reply EXACTLY with the word 'OUT_OF_CONTEXT' and nothing else.","Textbook passages:
Priority inversion: A scheduling anomaly where a higher-priority process is indirectly delayed by a lower-priority process holding a resource it needs, while an unrelated medium-priority process runs in between.

Question: Define Priority inversion.","A scheduling anomaly where a higher-priority process is indirectly delayed by a lower-priority process holding a resource it needs, while an unrelated medium-priority process runs in between."
"You are an Operating Systems tutor. Answer ONLY using the exact textbook passages provided below. Do NOT add your own examples, do NOT invent information. If the answer is not in the provided text, reply EXACTLY with the word 'OUT_OF_CONTEXT' and nothing else.","Textbook passages:
C-SCAN (Circular SCAN) disk scheduling moves the head in one direction, servicing every pending request it passes, all the way to that end of the disk; it then jumps immediately to the opposite end of the disk (this jump counts toward total head movement) and continues scanning in the SAME original direction, servicing the remaining requests, ensuring more uniform wait times than SCAN.

Question: A disk has 200 cylinders (numbered 0 to 199). The disk head is currently at cylinder 140. The pending requests, in the order they arrived, are: 162, 99, 95, 64, 191, 4.

Using the C-SCAN (initial direction: decreasing cylinder numbers) disk scheduling algorithm, determine the order in which the requests are serviced and compute the total head movement (in number of cylinders).","Service order: 140 -> 99 -> 95 -> 64 -> 4 -> 191 -> 162

Head movement per step: |99-140|=41 + |95-99|=4 + |64-95|=31 + |4-64|=60 + |191-4|=187 + |162-191|=29

Total head movement = 376 cylinders"
"You are an Operating Systems tutor. Answer ONLY using the exact textbook passages provided below. Do NOT add your own examples, do NOT invent information. If the answer is not in the provided text, reply EXACTLY with the word 'OUT_OF_CONTEXT' and nothing else.","Textbook passages:
NUMA (Non-Uniform Memory Access): A multi-socket memory architecture where each socket has its own directly-attached memory node, and accessing another socket's (remote) node over the inter-socket interconnect is slower than accessing the local node.

Question: Explain the term NUMA (Non-Uniform Memory Access) in the context of operating systems.","A multi-socket memory architecture where each socket has its own directly-attached memory node, and accessing another socket's (remote) node over the inter-socket interconnect is slower than accessing the local node."
"You are an Operating Systems tutor. Answer ONLY using the exact textbook passages provided below. Do NOT add your own examples, do NOT invent information. If the answer is not in the provided text, reply EXACTLY with the word 'OUT_OF_CONTEXT' and nothing else.","Textbook passages:
Shortest Job First (SJF) scheduling selects the ready process with the smallest next CPU burst time. It can be implemented as non-preemptive (classic SJF) or preemptive (Shortest Remaining Time First, SRTF).

Question: How does SJF (Shortest Job First) scheduling work, and why is it considered optimal?","SJF selects, among all processes currently in the ready queue, the one with the smallest CPU burst time to run next. It is provably optimal for minimizing average waiting time for a given set of processes, because scheduling shorter jobs first reduces the total time other jobs spend waiting behind them."
"You are an Operating Systems tutor. Answer ONLY using the exact textbook passages provided below. Do NOT add your own examples, do NOT invent information. If the answer is not in the provided text, reply EXACTLY with the word 'OUT_OF_CONTEXT' and nothing else.","Textbook passages:
Daemon process: A background process that runs without direct user interaction, typically providing a system service (e.g. a print spooler or web server).

Question: Explain the term Daemon process in the context of operating systems.","A background process that runs without direct user interaction, typically providing a system service (e.g. a print spooler or web server)."
"You are an Operating Systems tutor. Answer ONLY using the exact textbook passages provided below. Do NOT add your own examples, do NOT invent information. If the answer is not in the provided text, reply EXACTLY with the word 'OUT_OF_CONTEXT' and nothing else.","Textbook passages:
Round Robin (RR) scheduling gives each ready process a fixed time quantum to run. If a process does not finish within its quantum, it is preempted and placed at the back of the (circular) ready queue. Newly-arriving processes are added to the back of the queue before the just-preempted process is re-added. Completion Time (CT) is when a process finishes; Turnaround Time (TAT) = CT − Arrival Time; Waiting Time (WT) = TAT − Burst Time.

Question: Consider the following processes with their arrival and burst times (all times in milliseconds):

Process | Arrival Time | Burst Time
-----------------------------------
P1      | 6            | 9
P2      | 4            | 11
P3      | 6            | 9

Using Round Robin (time quantum = 3) scheduling, draw the Gantt chart and compute the Completion Time, Turnaround Time, and Waiting Time for each process. Also compute the average waiting time and average turnaround time.","Gantt Chart:
P2[4-7] -> P1[7-10] -> P3[10-13] -> P2[13-16] -> P1[16-19] -> P3[19-22] -> P2[22-25] -> P1[25-28] -> P3[28-31] -> P2[31-33]

Process | CT | TAT (=CT-AT) | WT (=TAT-BT)
P1      | 28  | 22            | 13
P2      | 33  | 29            | 18
P3      | 31  | 25            | 16

Average Turnaround Time = (22 + 29 + 25) / 3 = 25.33 ms
Average Waiting Time = (13 + 18 + 16) / 3 = 15.67 ms"
"You are an Operating Systems tutor. Answer ONLY using the exact textbook passages provided below. Do NOT add your own examples, do NOT invent information. If the answer is not in the provided text, reply EXACTLY with the word 'OUT_OF_CONTEXT' and nothing else.","Textbook passages:
In a paged memory system, a logical address is split into a page number and an offset: page number = logical address // page size; offset = logical address % page size. The page table maps each page number to a physical frame number. The physical address is computed as: physical address = (frame number x page size) + offset.

Question: A system uses paging with a page size of 512 bytes. A process has 6 pages, with the following page table: page 0 -> frame 4, page 1 -> frame 2, page 2 -> frame 10, page 3 -> frame 11, page 4 -> frame 0, page 5 -> frame 9.

For the logical address 1910, determine: (a) the page number, (b) the offset within the page, (c) the corresponding frame number, and (d) the resulting physical address.","(a) Page number = logical address // page size = 1910 // 512 = 3
(b) Offset = logical address % page size = 1910 % 512 = 374
(c) From the page table, page 3 -> frame 11
(d) Physical address = (frame number x page size) + offset = (11 x 512) + 374 = 6006"
"You are an Operating Systems tutor. Answer ONLY using the exact textbook passages provided below. Do NOT add your own examples, do NOT invent information. If the answer is not in the provided text, reply EXACTLY with the word 'OUT_OF_CONTEXT' and nothing else.","Textbook passages:
RCU (Read-Copy-Update) is a synchronization technique that lets readers access a shared data structure with no locking at all — reads are essentially free and scale perfectly across cores — by having writers publish updates atomically via a single pointer swap and deferring reclamation of the old version until a 'grace period' guarantees no reader can still be using it.

Question: Why is RCU well suited to read-mostly data structures (e.g. routing tables, syscall dispatch tables) but poorly suited to write-heavy ones?","RCU makes the read side essentially free, but it shifts real cost onto the write side: a writer must wait out a grace period before reclaiming old versions, potentially keeping multiple stale versions of the structure alive in memory simultaneously, and concurrent writers still need their own separate mutual exclusion between each other (e.g. an ordinary lock) since RCU only protects readers against a writer, not writers against each other. For a read-mostly workload, eliminating almost all reader overhead is an enormous win that dwarfs the occasional write's extra cost. For a write-heavy workload, the benefit to readers is small relative to how often it occurs, while every single write now pays the grace-period-wait and versioning overhead — so RCU brings little benefit and real extra cost."
"You are an Operating Systems tutor. Answer ONLY using the exact textbook passages provided below. Do NOT add your own examples, do NOT invent information. If the answer is not in the provided text, reply EXACTLY with the word 'OUT_OF_CONTEXT' and nothing else.","Textbook passages:
Virtualization allows a single physical machine to host multiple isolated virtual machines, each running its own guest operating system, managed by a hypervisor.

Question: What is a virtual machine, and what is a hypervisor?","A virtual machine (VM) is a software-based emulation of a complete physical computer, allowing an entire guest operating system to run isolated on top of a host system as if it had its own dedicated hardware. A hypervisor (Virtual Machine Monitor) is the software layer that creates and manages VMs, allocating and multiplexing the underlying physical hardware resources (CPU, memory, I/O) among them."
"You are an Operating Systems tutor. Answer ONLY using the exact textbook passages provided below. Do NOT add your own examples, do NOT invent information. If the answer is not in the provided text, reply EXACTLY with the word 'OUT_OF_CONTEXT' and nothing else.","Textbook passages:
FIFO page replacement evicts the page that has been resident in memory the longest, regardless of how recently or often it has been used, when a page fault occurs and all frames are full.

Question: A system uses 3 page frames and the FIFO page replacement algorithm. Given the page reference string:
2, 3, 0, 4, 2, 5, 1, 0, 2, 2

Determine, for each reference, whether it is a page hit or a page fault, show the resulting frame contents, and compute the total number of page faults and page hits.","Ref | Frame contents after this reference | Hit/Fault
2   | [2]                   | Fault
3   | [2, 3]                | Fault
0   | [2, 3, 0]             | Fault
4   | [3, 0, 4]             | Fault
2   | [0, 4, 2]             | Fault
5   | [4, 2, 5]             | Fault
1   | [2, 5, 1]             | Fault
0   | [5, 1, 0]             | Fault
2   | [1, 0, 2]             | Fault
2   | [1, 0, 2]             | Hit

Total references = 10
Total page faults = 9
Total page hits = 1
Page fault rate = 9/10 = 0.90"
"You are an Operating Systems tutor. Answer ONLY using the exact textbook passages provided below. Do NOT add your own examples, do NOT invent information. If the answer is not in the provided text, reply EXACTLY with the word 'OUT_OF_CONTEXT' and nothing else.","Textbook passages:
Operating systems can be classified by how they schedule and share the CPU among users and processes: batch systems, multiprogrammed systems, time-sharing systems, real-time systems, and distributed systems, each suited to different workloads.

Question: What is a batch operating system?","A batch operating system groups similar jobs together and executes them one after another without user interaction during execution. Jobs are collected, batched, and processed sequentially by an operator or job scheduler, which is efficient for repetitive, non-interactive tasks but offers no interactivity."
"You are an Operating Systems tutor. Answer ONLY using the exact textbook passages provided below. Do NOT add your own examples, do NOT invent information. If the answer is not in the provided text, reply EXACTLY with the word 'OUT_OF_CONTEXT' and nothing else.","Textbook passages:
SCAN disk scheduling moves the head in one direction, servicing every pending request it passes, continuing all the way to that end of the disk (cylinder 0 or the maximum cylinder) even if no request lies exactly there, then reverses direction and services the remaining requests on the other side, stopping once the last one is serviced.

Question: A disk has 200 cylinders (numbered 0 to 199). The disk head is currently at cylinder 60. The pending requests, in the order they arrived, are: 92, 130, 57, 31, 51, 35, 60.

Using the SCAN (initial direction: decreasing cylinder numbers) disk scheduling algorithm, determine the order in which the requests are serviced and compute the total head movement (in number of cylinders).","Service order: 60 -> 60 -> 57 -> 51 -> 35 -> 31 -> 92 -> 130

Head movement per step: |60-60|=0 + |57-60|=3 + |51-57|=6 + |35-51|=16 + |31-35|=4 + |92-31|=61 + |130-92|=38

Total head movement = 190 cylinders"
"You are an Operating Systems tutor. Answer ONLY using the exact textbook passages provided below. Do NOT add your own examples, do NOT invent information. If the answer is not in the provided text, reply EXACTLY with the word 'OUT_OF_CONTEXT' and nothing else.","Textbook passages:
The Banker's algorithm avoids deadlock by only granting a resource request if the resulting state is 'safe'. A state is safe if there is some ordering (safe sequence) of all processes such that each process's remaining Need can be satisfied by the currently Available resources plus what is freed by processes earlier in the sequence. Need[i] = Max[i] - Allocation[i]. The safety algorithm repeatedly finds any unfinished process whose Need is <= Work (initially Available), 'runs' it (adding its Allocation back to Work), and marks it finished, until no more processes can be added (safe if all finish) or no more can be found (unsafe if any remain unfinished).

Question: A system has 3 processes (P0..P2) and 3 resource types (A, B, C). The current Allocation and Max matrices, and the Available vector, are:

Allocation:
Process | A  B  C
P0      | 7  9  0
P1      | 1  0  3
P2      | 3  3  1

Max:
Process | A  B  C
P0      | 7  9  3
P1      | 4  4  3
P2      | 3  7  3

Available: A=8, B=8, C=8

Process P2 now requests additional resources: A=0, B=1, C=2. Using the Banker's algorithm, determine whether this request can be granted immediately.","Need = Max - Allocation:
Process | A  B  C
P0      | 0  0  3
P1      | 3  4  0
P2      | 0  4  2

Step 1: Is Request <= Need[P2]? Request=[0, 1, 2], Need[P2]=[0, 4, 2]
-> Yes.

Step 2: Is Request <= Available? Request=[0, 1, 2], Available=[8, 8, 8]
-> Yes. Pretend to allocate and check safety of the resulting state.

Tentative new Available: [8, 7, 6]
The resulting state IS safe (safe sequence: P0 -> P1 -> P2). The request is GRANTED immediately."
"You are an Operating Systems tutor. Answer ONLY using the exact textbook passages provided below. Do NOT add your own examples, do NOT invent information. If the answer is not in the provided text, reply EXACTLY with the word 'OUT_OF_CONTEXT' and nothing else.","Textbook passages:
Optimal (MIN/Belady's) page replacement evicts the page that will not be used again for the longest time in the future (or never used again), when a page fault occurs and all frames are full. It gives the theoretical minimum number of page faults but requires advance knowledge of the full reference string.

Question: A system uses 4 page frames and the Optimal page replacement algorithm. Given the page reference string:
5, 2, 3, 3, 3, 1, 3, 4, 1, 3, 1, 4, 4, 5

Determine, for each reference, whether it is a page hit or a page fault, show the resulting frame contents, and compute the total number of page faults and page hits.","Ref | Frame contents after this reference | Hit/Fault
5   | [5]                   | Fault
2   | [5, 2]                | Fault
3   | [5, 2, 3]             | Fault
3   | [5, 2, 3]             | Hit
3   | [5, 2, 3]             | Hit
1   | [5, 2, 3, 1]          | Fault
3   | [5, 2, 3, 1]          | Hit
4   | [5, 3, 1, 4]          | Fault
1   | [5, 3, 1, 4]          | Hit
3   | [5, 3, 1, 4]          | Hit
1   | [5, 3, 1, 4]          | Hit
4   | [5, 3, 1, 4]          | Hit
4   | [5, 3, 1, 4]          | Hit
5   | [5, 3, 1, 4]          | Hit

Total references = 14
Total page faults = 5
Total page hits = 9
Page fault rate = 5/14 = 0.36"
"You are an Operating Systems tutor. Answer ONLY using the exact textbook passages provided below. Do NOT add your own examples, do NOT invent information. If the answer is not in the provided text, reply EXACTLY with the word 'OUT_OF_CONTEXT' and nothing else.","Textbook passages:
SCAN disk scheduling moves the head in one direction, servicing every pending request it passes, continuing all the way to that end of the disk (cylinder 0 or the maximum cylinder) even if no request lies exactly there, then reverses direction and services the remaining requests on the other side, stopping once the last one is serviced.

Question: A disk has 200 cylinders (numbered 0 to 199). The disk head is currently at cylinder 111. The pending requests, in the order they arrived, are: 167, 84, 69, 31, 94, 111.

Using the SCAN (initial direction: decreasing cylinder numbers) disk scheduling algorithm, determine the order in which the requests are serviced and compute the total head movement (in number of cylinders).","Service order: 111 -> 111 -> 94 -> 84 -> 69 -> 31 -> 167

Head movement per step: |111-111|=0 + |94-111|=17 + |84-94|=10 + |69-84|=15 + |31-69|=38 + |167-31|=136

Total head movement = 278 cylinders"
"You are an Operating Systems tutor. Answer ONLY using the exact textbook passages provided below. Do NOT add your own examples, do NOT invent information. If the answer is not in the provided text, reply EXACTLY with the word 'OUT_OF_CONTEXT' and nothing else.","Textbook passages:
SCAN disk scheduling moves the head in one direction, servicing every pending request it passes, continuing all the way to that end of the disk (cylinder 0 or the maximum cylinder) even if no request lies exactly there, then reverses direction and services the remaining requests on the other side, stopping once the last one is serviced.

Question: A disk has 200 cylinders (numbered 0 to 199). The disk head is currently at cylinder 81. The pending requests, in the order they arrived, are: 31, 68, 115, 63, 36, 24, 12, 74, 98.

Using the SCAN (initial direction: decreasing cylinder numbers) disk scheduling algorithm, determine the order in which the requests are serviced and compute the total head movement (in number of cylinders).","Service order: 81 -> 74 -> 68 -> 63 -> 36 -> 31 -> 24 -> 12 -> 98 -> 115

Head movement per step: |74-81|=7 + |68-74|=6 + |63-68|=5 + |36-63|=27 + |31-36|=5 + |24-31|=7 + |12-24|=12 + |98-12|=86 + |115-98|=17

Total head movement = 196 cylinders"
"You are an Operating Systems tutor. Answer ONLY using the exact textbook passages provided below. Do NOT add your own examples, do NOT invent information. If the answer is not in the provided text, reply EXACTLY with the word 'OUT_OF_CONTEXT' and nothing else.","Textbook passages:
Optimal (MIN/Belady's) page replacement evicts the page that will not be used again for the longest time in the future (or never used again), when a page fault occurs and all frames are full. It gives the theoretical minimum number of page faults but requires advance knowledge of the full reference string.

Question: A system uses 3 page frames and the Optimal page replacement algorithm. Given the page reference string:
5, 3, 3, 4, 4, 3, 5, 4, 5, 5, 4

Determine, for each reference, whether it is a page hit or a page fault, show the resulting frame contents, and compute the total number of page faults and page hits.","Ref | Frame contents after this reference | Hit/Fault
5   | [5]                   | Fault
3   | [5, 3]                | Fault
3   | [5, 3]                | Hit
4   | [5, 3, 4]             | Fault
4   | [5, 3, 4]             | Hit
3   | [5, 3, 4]             | Hit
5   | [5, 3, 4]             | Hit
4   | [5, 3, 4]             | Hit
5   | [5, 3, 4]             | Hit
5   | [5, 3, 4]             | Hit
4   | [5, 3, 4]             | Hit

Total references = 11
Total page faults = 3
Total page hits = 8
Page fault rate = 3/11 = 0.27"
"You are an Operating Systems tutor. Answer ONLY using the exact textbook passages provided below. Do NOT add your own examples, do NOT invent information. If the answer is not in the provided text, reply EXACTLY with the word 'OUT_OF_CONTEXT' and nothing else.","Textbook passages:
Disk scheduling algorithms decide the order in which pending I/O requests (each targeting a specific cylinder) are serviced, aiming to minimize total head movement and/or provide fairness.

Question: What is the difference between SCAN and C-SCAN (Circular SCAN) disk scheduling?","SCAN services requests while moving in one direction to the end of the disk, then reverses and services requests while moving back in the other direction (both directions service requests). C-SCAN only services requests while moving in one direction; when it reaches the end, it immediately jumps back (without servicing) to the beginning and starts scanning in the same direction again, treating the disk as circular — this gives more uniform wait times since it doesn't 'double service' the middle cylinders like SCAN does."
"You are an Operating Systems tutor. Answer ONLY using the exact textbook passages provided below. Do NOT add your own examples, do NOT invent information. If the answer is not in the provided text, reply EXACTLY with the word 'OUT_OF_CONTEXT' and nothing else.","Textbook passages:
Livelock: A situation where two or more processes continuously change their state in response to each other without making any real progress, unlike deadlock where they are simply blocked.

Question: Define Livelock.","A situation where two or more processes continuously change their state in response to each other without making any real progress, unlike deadlock where they are simply blocked."
"You are an Operating Systems tutor. Answer ONLY using the exact textbook passages provided below. Do NOT add your own examples, do NOT invent information. If the answer is not in the provided text, reply EXACTLY with the word 'OUT_OF_CONTEXT' and nothing else.","Textbook passages:
CPU scheduling algorithms are compared using several criteria: CPU utilization, throughput, turnaround time, waiting time, and response time. Different algorithms optimize different criteria, and no single algorithm is best for every situation.

Question: Define turnaround time and waiting time for a process.","Turnaround time = Completion Time − Arrival Time (the total time the process spends in the system). Waiting time = Turnaround Time − Burst Time (the total time the process spends waiting in the ready queue, not running or doing I/O)."
"You are an Operating Systems tutor. Answer ONLY using the exact textbook passages provided below. Do NOT add your own examples, do NOT invent information. If the answer is not in the provided text, reply EXACTLY with the word 'OUT_OF_CONTEXT' and nothing else.","Textbook passages:
On multi-core processors, each core often has a private store buffer that lets writes complete locally before they become visible to other cores, and a relaxed memory model may allow the CPU to reorder a store followed by an unrelated load unless an explicit memory barrier forbids it. This StoreLoad reordering is the one reordering even relatively strong models like x86-TSO still permit.

Question: What is the difference between a store buffer and an invalidation queue, and how does each contribute to memory reordering?","A store buffer is a small, per-core hardware structure that holds a core's own pending writes before they are committed to the shared cache/memory hierarchy, letting the core keep executing without stalling on every write; it causes StoreLoad reordering because a core's own later load can execute before an earlier store from the same core has drained out and become visible elsewhere. An invalidation queue sits on the receiving side of a cache-coherence protocol: when another core's write invalidates a cache line this core holds, the invalidation can be queued and acknowledged immediately rather than applied right away, letting this core continue reading a stale (not-yet-invalidated) cached value for a short window even though another core has already written a new value. Both effects combine to produce the reordering/staleness that a memory consistency model must define rules for, and that memory barriers exist to control."
"You are an Operating Systems tutor. Answer ONLY using the exact textbook passages provided below. Do NOT add your own examples, do NOT invent information. If the answer is not in the provided text, reply EXACTLY with the word 'OUT_OF_CONTEXT' and nothing else.","Textbook passages:
Shortest Remaining Time First (SRTF) is the preemptive version of SJF: at every instant, the CPU runs whichever ready process has the smallest remaining burst time, preempting the current process if a process with a shorter remaining time becomes ready. Ties are broken by earliest arrival time, then process ID. Completion Time (CT) is when a process finishes; Turnaround Time (TAT) = CT − Arrival Time; Waiting Time (WT) = TAT − Burst Time.

Question: Consider the following processes with their arrival and burst times (all times in milliseconds):

Process | Arrival Time | Burst Time
-----------------------------------
P1      | 4            | 2
P2      | 8            | 3
P3      | 1            | 10
P4      | 5            | 11

Using Shortest Remaining Time First (SRTF, preemptive) scheduling, draw the Gantt chart and compute the Completion Time, Turnaround Time, and Waiting Time for each process. Also compute the average waiting time and average turnaround time.","Gantt Chart:
Idle[0-1] -> P3[1-4] -> P1[4-6] -> P3[6-8] -> P2[8-11] -> P3[11-16] -> P4[16-27]

Process | CT | TAT (=CT-AT) | WT (=TAT-BT)
P1      | 6  | 2            | 0
P2      | 11  | 3            | 0
P3      | 16  | 15            | 5
P4      | 27  | 22            | 11

Average Turnaround Time = (2 + 3 + 15 + 22) / 4 = 10.50 ms
Average Waiting Time = (0 + 0 + 5 + 11) / 4 = 4 ms"
"You are an Operating Systems tutor. Answer ONLY using the exact textbook passages provided below. Do NOT add your own examples, do NOT invent information. If the answer is not in the provided text, reply EXACTLY with the word 'OUT_OF_CONTEXT' and nothing else.","Textbook passages:
Race condition: A flaw where the outcome of concurrent execution depends on the unpredictable timing/order of accesses to shared data by multiple processes or threads.

Question: Define Race condition.",A flaw where the outcome of concurrent execution depends on the unpredictable timing/order of accesses to shared data by multiple processes or threads.
"You are an Operating Systems tutor. Answer ONLY using the exact textbook passages provided below. Do NOT add your own examples, do NOT invent information. If the answer is not in the provided text, reply EXACTLY with the word 'OUT_OF_CONTEXT' and nothing else.","Textbook passages:
System calls provide the interface between a running program and the operating system, allowing user programs to request kernel services such as file operations, process control, and communication.

Question: What are the major categories of system calls?","Process control (fork, exec, exit, wait), file management (open, read, write, close), device management (request, release, read, write), information maintenance (getpid, alarm, time), and communication (pipe, send, receive, shared memory)."
"You are an Operating Systems tutor. Answer ONLY using the exact textbook passages provided below. Do NOT add your own examples, do NOT invent information. If the answer is not in the provided text, reply EXACTLY with the word 'OUT_OF_CONTEXT' and nothing else.","Textbook passages:
Shortest Remaining Time First (SRTF) is the preemptive version of SJF: at every instant, the CPU runs whichever ready process has the smallest remaining burst time, preempting the current process if a process with a shorter remaining time becomes ready. Ties are broken by earliest arrival time, then process ID. Completion Time (CT) is when a process finishes; Turnaround Time (TAT) = CT − Arrival Time; Waiting Time (WT) = TAT − Burst Time.

Question: Consider the following processes with their arrival and burst times (all times in milliseconds):

Process | Arrival Time | Burst Time
-----------------------------------
P1      | 5            | 12
P2      | 4            | 10
P3      | 10            | 8
P4      | 6            | 6
P5      | 2            | 5

Using Shortest Remaining Time First (SRTF, preemptive) scheduling, draw the Gantt chart and compute the Completion Time, Turnaround Time, and Waiting Time for each process. Also compute the average waiting time and average turnaround time.","Gantt Chart:
Idle[0-2] -> P5[2-7] -> P4[7-13] -> P3[13-21] -> P2[21-31] -> P1[31-43]

Process | CT | TAT (=CT-AT) | WT (=TAT-BT)
P1      | 43  | 38            | 26
P2      | 31  | 27            | 17
P3      | 21  | 11            | 3
P4      | 13  | 7            | 1
P5      | 7  | 5            | 0

Average Turnaround Time = (38 + 27 + 11 + 7 + 5) / 5 = 17.60 ms
Average Waiting Time = (26 + 17 + 3 + 1 + 0) / 5 = 9.40 ms"
"You are an Operating Systems tutor. Answer ONLY using the exact textbook passages provided below. Do NOT add your own examples, do NOT invent information. If the answer is not in the provided text, reply EXACTLY with the word 'OUT_OF_CONTEXT' and nothing else.","Textbook passages:
The Banker's algorithm avoids deadlock by only granting a resource request if the resulting state is 'safe'. A state is safe if there is some ordering (safe sequence) of all processes such that each process's remaining Need can be satisfied by the currently Available resources plus what is freed by processes earlier in the sequence. Need[i] = Max[i] - Allocation[i]. The safety algorithm repeatedly finds any unfinished process whose Need is <= Work (initially Available), 'runs' it (adding its Allocation back to Work), and marks it finished, until no more processes can be added (safe if all finish) or no more can be found (unsafe if any remain unfinished).

Question: A system has 3 processes (P0..P2) and 3 resource types (A, B, C). The current Allocation and Max matrices, and the Available vector, are:

Allocation:
Process | A  B  C
P0      | 3  4  4
P1      | 1  4  0
P2      | 4  6  5

Max:
Process | A  B  C
P0      | 3  5  4
P1      | 7  5  4
P2      | 9  6  7

Available: A=6, B=8, C=8

Process P2 now requests additional resources: A=3, B=0, C=2. Using the Banker's algorithm, determine whether this request can be granted immediately.","Need = Max - Allocation:
Process | A  B  C
P0      | 0  1  0
P1      | 6  1  4
P2      | 5  0  2

Step 1: Is Request <= Need[P2]? Request=[3, 0, 2], Need[P2]=[5, 0, 2]
-> Yes.

Step 2: Is Request <= Available? Request=[3, 0, 2], Available=[6, 8, 8]
-> Yes. Pretend to allocate and check safety of the resulting state.

Tentative new Available: [3, 8, 6]
The resulting state IS safe (safe sequence: P0 -> P1 -> P2). The request is GRANTED immediately."
"You are an Operating Systems tutor. Answer ONLY using the exact textbook passages provided below. Do NOT add your own examples, do NOT invent information. If the answer is not in the provided text, reply EXACTLY with the word 'OUT_OF_CONTEXT' and nothing else.","Textbook passages:
SCAN disk scheduling moves the head in one direction, servicing every pending request it passes, continuing all the way to that end of the disk (cylinder 0 or the maximum cylinder) even if no request lies exactly there, then reverses direction and services the remaining requests on the other side, stopping once the last one is serviced.

Question: A disk has 200 cylinders (numbered 0 to 199). The disk head is currently at cylinder 117. The pending requests, in the order they arrived, are: 96, 20, 174, 169, 138, 34, 167, 89, 30.

Using the SCAN (initial direction: increasing cylinder numbers) disk scheduling algorithm, determine the order in which the requests are serviced and compute the total head movement (in number of cylinders).","Service order: 117 -> 138 -> 167 -> 169 -> 174 -> 96 -> 89 -> 34 -> 30 -> 20

Head movement per step: |138-117|=21 + |167-138|=29 + |169-167|=2 + |174-169|=5 + |96-174|=78 + |89-96|=7 + |34-89|=55 + |30-34|=4 + |20-30|=10

Total head movement = 261 cylinders"
"You are an Operating Systems tutor. Answer ONLY using the exact textbook passages provided below. Do NOT add your own examples, do NOT invent information. If the answer is not in the provided text, reply EXACTLY with the word 'OUT_OF_CONTEXT' and nothing else.","Textbook passages:
LRU (Least Recently Used) page replacement evicts the page that has not been referenced for the longest time, when a page fault occurs and all frames are full — it uses the recent past as an approximation of the near future.

Question: A system uses 3 page frames and the LRU page replacement algorithm. Given the page reference string:
5, 5, 2, 0, 1, 2, 5, 2, 2, 2, 0, 1, 1, 4

Determine, for each reference, whether it is a page hit or a page fault, show the resulting frame contents, and compute the total number of page faults and page hits.","Ref | Frame contents after this reference | Hit/Fault
5   | [5]                   | Fault
5   | [5]                   | Hit
2   | [5, 2]                | Fault
0   | [5, 2, 0]             | Fault
1   | [2, 0, 1]             | Fault
2   | [0, 1, 2]             | Hit
5   | [1, 2, 5]             | Fault
2   | [1, 5, 2]             | Hit
2   | [1, 5, 2]             | Hit
2   | [1, 5, 2]             | Hit
0   | [5, 2, 0]             | Fault
1   | [2, 0, 1]             | Fault
1   | [2, 0, 1]             | Hit
4   | [0, 1, 4]             | Fault

Total references = 14
Total page faults = 8
Total page hits = 6
Page fault rate = 8/14 = 0.57"
"You are an Operating Systems tutor. Answer ONLY using the exact textbook passages provided below. Do NOT add your own examples, do NOT invent information. If the answer is not in the provided text, reply EXACTLY with the word 'OUT_OF_CONTEXT' and nothing else.","Textbook passages:
Protection mechanisms control access of processes and users to system resources according to policy, while security defends the whole system against internal and external threats.

Question: What is an access matrix, and what does it represent?","An access matrix is a conceptual model representing the protection state of a system as rows (domains/subjects, e.g. users or processes) and columns (objects, e.g. files or devices), where each cell lists the operations (read, write, execute, etc.) that domain is permitted to perform on that object."
"You are an Operating Systems tutor. Answer ONLY using the exact textbook passages provided below. Do NOT add your own examples, do NOT invent information. If the answer is not in the provided text, reply EXACTLY with the word 'OUT_OF_CONTEXT' and nothing else.","Textbook passages:
FIFO page replacement evicts the page that has been resident in memory the longest, regardless of how recently or often it has been used, when a page fault occurs and all frames are full.

Question: A system uses 4 page frames and the FIFO page replacement algorithm. Given the page reference string:
5, 1, 5, 3, 3, 4, 0, 0, 0, 2, 1, 1, 4

Determine, for each reference, whether it is a page hit or a page fault, show the resulting frame contents, and compute the total number of page faults and page hits.","Ref | Frame contents after this reference | Hit/Fault
5   | [5]                   | Fault
1   | [5, 1]                | Fault
5   | [5, 1]                | Hit
3   | [5, 1, 3]             | Fault
3   | [5, 1, 3]             | Hit
4   | [5, 1, 3, 4]          | Fault
0   | [1, 3, 4, 0]          | Fault
0   | [1, 3, 4, 0]          | Hit
0   | [1, 3, 4, 0]          | Hit
2   | [3, 4, 0, 2]          | Fault
1   | [4, 0, 2, 1]          | Fault
1   | [4, 0, 2, 1]          | Hit
4   | [4, 0, 2, 1]          | Hit

Total references = 13
Total page faults = 7
Total page hits = 6
Page fault rate = 7/13 = 0.54"
"You are an Operating Systems tutor. Answer ONLY using the exact textbook passages provided below. Do NOT add your own examples, do NOT invent information. If the answer is not in the provided text, reply EXACTLY with the word 'OUT_OF_CONTEXT' and nothing else.","Textbook passages:
Operating systems can be classified by how they schedule and share the CPU among users and processes: batch systems, multiprogrammed systems, time-sharing systems, real-time systems, and distributed systems, each suited to different workloads.

Question: How do you convert Celsius to Fahrenheit?",OUT_OF_CONTEXT
"You are an Operating Systems tutor. Answer ONLY using the exact textbook passages provided below. Do NOT add your own examples, do NOT invent information. If the answer is not in the provided text, reply EXACTLY with the word 'OUT_OF_CONTEXT' and nothing else.","Textbook passages:
Starvation: A situation where a process is perpetually denied the resources it needs to proceed, often because other processes are repeatedly given priority.

Question: Explain the term Starvation in the context of operating systems.","A situation where a process is perpetually denied the resources it needs to proceed, often because other processes are repeatedly given priority."
"You are an Operating Systems tutor. Answer ONLY using the exact textbook passages provided below. Do NOT add your own examples, do NOT invent information. If the answer is not in the provided text, reply EXACTLY with the word 'OUT_OF_CONTEXT' and nothing else.","Textbook passages:
Time-sharing: A technique that rapidly switches the CPU between multiple users' processes, giving each the illusion of a dedicated, responsive system.

Question: Explain the term Time-sharing in the context of operating systems.","A technique that rapidly switches the CPU between multiple users' processes, giving each the illusion of a dedicated, responsive system."
"You are an Operating Systems tutor. Answer ONLY using the exact textbook passages provided below. Do NOT add your own examples, do NOT invent information. If the answer is not in the provided text, reply EXACTLY with the word 'OUT_OF_CONTEXT' and nothing else.","Textbook passages:
Virtualization allows a single physical machine to host multiple isolated virtual machines, each running its own guest operating system, managed by a hypervisor.

Question: What is the difference between a Type 1 and a Type 2 hypervisor?","A Type 1 (bare-metal) hypervisor runs directly on the physical hardware, with no underlying host OS — it is the 'OS' for VMs (e.g. VMware ESXi, Microsoft Hyper-V), generally giving better performance. A Type 2 (hosted) hypervisor runs as an application on top of a conventional host operating system (e.g. VirtualBox, VMware Workstation running on Windows/Linux), which is easier to set up but adds an extra layer of overhead."
"You are an Operating Systems tutor. Answer ONLY using the exact textbook passages provided below. Do NOT add your own examples, do NOT invent information. If the answer is not in the provided text, reply EXACTLY with the word 'OUT_OF_CONTEXT' and nothing else.","Textbook passages:
C-SCAN (Circular SCAN) disk scheduling moves the head in one direction, servicing every pending request it passes, all the way to that end of the disk; it then jumps immediately to the opposite end of the disk (this jump counts toward total head movement) and continues scanning in the SAME original direction, servicing the remaining requests, ensuring more uniform wait times than SCAN.

Question: A disk has 200 cylinders (numbered 0 to 199). The disk head is currently at cylinder 156. The pending requests, in the order they arrived, are: 139, 90, 173, 197, 184, 174, 164, 177.

Using the C-SCAN (initial direction: decreasing cylinder numbers) disk scheduling algorithm, determine the order in which the requests are serviced and compute the total head movement (in number of cylinders).","Service order: 156 -> 139 -> 90 -> 197 -> 184 -> 177 -> 174 -> 173 -> 164

Head movement per step: |139-156|=17 + |90-139|=49 + |197-90|=107 + |184-197|=13 + |177-184|=7 + |174-177|=3 + |173-174|=1 + |164-173|=9

Total head movement = 390 cylinders"
"You are an Operating Systems tutor. Answer ONLY using the exact textbook passages provided below. Do NOT add your own examples, do NOT invent information. If the answer is not in the provided text, reply EXACTLY with the word 'OUT_OF_CONTEXT' and nothing else.","Textbook passages:
MCS lock (queued spinlock): A queue-based spinlock where each waiting thread spins on a flag in its own local node rather than a shared variable, so an unlock only invalidates one specific waiter's cache line (O(1) cost) instead of broadcasting to every waiter.

Question: What is MCS lock (queued spinlock)?","A queue-based spinlock where each waiting thread spins on a flag in its own local node rather than a shared variable, so an unlock only invalidates one specific waiter's cache line (O(1) cost) instead of broadcasting to every waiter."
"You are an Operating Systems tutor. Answer ONLY using the exact textbook passages provided below. Do NOT add your own examples, do NOT invent information. If the answer is not in the provided text, reply EXACTLY with the word 'OUT_OF_CONTEXT' and nothing else.","Textbook passages:
C-SCAN (Circular SCAN) disk scheduling moves the head in one direction, servicing every pending request it passes, all the way to that end of the disk; it then jumps immediately to the opposite end of the disk (this jump counts toward total head movement) and continues scanning in the SAME original direction, servicing the remaining requests, ensuring more uniform wait times than SCAN.

Question: A disk has 200 cylinders (numbered 0 to 199). The disk head is currently at cylinder 108. The pending requests, in the order they arrived, are: 74, 10, 73, 182, 20, 88, 113.

Using the C-SCAN (initial direction: decreasing cylinder numbers) disk scheduling algorithm, determine the order in which the requests are serviced and compute the total head movement (in number of cylinders).","Service order: 108 -> 88 -> 74 -> 73 -> 20 -> 10 -> 182 -> 113

Head movement per step: |88-108|=20 + |74-88|=14 + |73-74|=1 + |20-73|=53 + |10-20|=10 + |182-10|=172 + |113-182|=69

Total head movement = 393 cylinders"
"You are an Operating Systems tutor. Answer ONLY using the exact textbook passages provided below. Do NOT add your own examples, do NOT invent information. If the answer is not in the provided text, reply EXACTLY with the word 'OUT_OF_CONTEXT' and nothing else.","Textbook passages:
Address Space Layout Randomization (ASLR): An OS security defense that randomizes the base addresses of a process's stack, heap, and shared libraries on each execution, making it harder for an attacker to predict addresses for exploits like buffer overflows.

Question: Explain the term Address Space Layout Randomization (ASLR) in the context of operating systems.","An OS security defense that randomizes the base addresses of a process's stack, heap, and shared libraries on each execution, making it harder for an attacker to predict addresses for exploits like buffer overflows."
"You are an Operating Systems tutor. Answer ONLY using the exact textbook passages provided below. Do NOT add your own examples, do NOT invent information. If the answer is not in the provided text, reply EXACTLY with the word 'OUT_OF_CONTEXT' and nothing else.","Textbook passages:
The producer-consumer, readers-writers, and dining philosophers problems are classic synchronization problems used to illustrate and test solutions to concurrent resource-sharing challenges.

Question: Explain the producer-consumer (bounded-buffer) problem and how semaphores solve it.","Producers generate data items and place them into a fixed-size shared buffer; consumers remove and process items from the buffer. The solution uses three semaphores: `mutex` (binary, for mutual exclusion on the buffer), `empty` (counts empty slots, initialized to buffer size N), and `full` (counts filled slots, initialized to 0). A producer waits on `empty` and signals `full`; a consumer waits on `full` and signals `empty`; both use `mutex` around the actual buffer access."
"You are an Operating Systems tutor. Answer ONLY using the exact textbook passages provided below. Do NOT add your own examples, do NOT invent information. If the answer is not in the provided text, reply EXACTLY with the word 'OUT_OF_CONTEXT' and nothing else.","Textbook passages:
The Banker's algorithm avoids deadlock by only granting a resource request if the resulting state is 'safe'. A state is safe if there is some ordering (safe sequence) of all processes such that each process's remaining Need can be satisfied by the currently Available resources plus what is freed by processes earlier in the sequence. Need[i] = Max[i] - Allocation[i]. The safety algorithm repeatedly finds any unfinished process whose Need is <= Work (initially Available), 'runs' it (adding its Allocation back to Work), and marks it finished, until no more processes can be added (safe if all finish) or no more can be found (unsafe if any remain unfinished).

Question: A system has 5 processes (P0..P4) and 2 resource types (A, B). The current Allocation and Max matrices, and the Available vector, are:

Allocation:
Process | A  B
P0      | 0  7
P1      | 4  0
P2      | 4  1
P3      | 0  0
P4      | 1  5

Max:
Process | A  B
P0      | 5  8
P1      | 6  8
P2      | 9  4
P3      | 3  4
P4      | 3  6

Available: A=2, B=3

Process P2 now requests additional resources: A=7, B=2. Using the Banker's algorithm, determine whether this request can be granted immediately.","Need = Max - Allocation:
Process | A  B
P0      | 5  1
P1      | 2  8
P2      | 5  3
P3      | 3  4
P4      | 2  1

Step 1: Is Request <= Need[P2]? Request=[7, 2], Need[P2]=[5, 3]
-> No. The request exceeds P2's declared maximum need, which is an error condition. The request cannot be granted."
"You are an Operating Systems tutor. Answer ONLY using the exact textbook passages provided below. Do NOT add your own examples, do NOT invent information. If the answer is not in the provided text, reply EXACTLY with the word 'OUT_OF_CONTEXT' and nothing else.","Textbook passages:
The Banker's algorithm avoids deadlock by only granting a resource request if the resulting state is 'safe'. A state is safe if there is some ordering (safe sequence) of all processes such that each process's remaining Need can be satisfied by the currently Available resources plus what is freed by processes earlier in the sequence. Need[i] = Max[i] - Allocation[i]. The safety algorithm repeatedly finds any unfinished process whose Need is <= Work (initially Available), 'runs' it (adding its Allocation back to Work), and marks it finished, until no more processes can be added (safe if all finish) or no more can be found (unsafe if any remain unfinished).

Question: A system has 3 processes (P0..P2) and 3 resource types (A, B, C). The current Allocation and Max matrices, and the Available vector, are:

Allocation:
Process | A  B  C
P0      | 5  0  0
P1      | 1  4  2
P2      | 0  8  5

Max:
Process | A  B  C
P0      | 7  4  9
P1      | 4  5  8
P2      | 4  9  9

Available: A=2, B=4, C=7

Compute the Need matrix, and using the Banker's algorithm, determine whether the system is currently in a safe state. If it is, give a valid safe sequence.","Need = Max - Allocation:
Process | A  B  C
P0      | 2  4  9
P1      | 3  1  6
P2      | 4  1  4

No unfinished process has Need <= Work at any point, so no process beyond the ones above can be scheduled. The system is NOT in a safe state (it may deadlock)."
"You are an Operating Systems tutor. Answer ONLY using the exact textbook passages provided below. Do NOT add your own examples, do NOT invent information. If the answer is not in the provided text, reply EXACTLY with the word 'OUT_OF_CONTEXT' and nothing else.","Textbook passages:
In a paged memory system, a logical address is split into a page number and an offset: page number = logical address // page size; offset = logical address % page size. The page table maps each page number to a physical frame number. The physical address is computed as: physical address = (frame number x page size) + offset.

Question: A system uses paging with a page size of 512 bytes. A process has 6 pages, with the following page table: page 0 -> frame 5, page 1 -> frame 4, page 2 -> frame 0, page 3 -> frame 7, page 4 -> frame 1, page 5 -> frame 3.

For the logical address 1651, determine: (a) the page number, (b) the offset within the page, (c) the corresponding frame number, and (d) the resulting physical address.","(a) Page number = logical address // page size = 1651 // 512 = 3
(b) Offset = logical address % page size = 1651 % 512 = 115
(c) From the page table, page 3 -> frame 7
(d) Physical address = (frame number x page size) + offset = (7 x 512) + 115 = 3699"
"You are an Operating Systems tutor. Answer ONLY using the exact textbook passages provided below. Do NOT add your own examples, do NOT invent information. If the answer is not in the provided text, reply EXACTLY with the word 'OUT_OF_CONTEXT' and nothing else.","Textbook passages:
First-Come, First-Served (FCFS) scheduling allocates the CPU to processes in the order they arrive in the ready queue. It is implemented with a simple FIFO queue and is non-preemptive.

Question: What is the main drawback of FCFS scheduling?","FCFS suffers from the convoy effect — if a long CPU-bound process runs first, all the shorter processes behind it in the queue must wait a long time, drastically increasing average waiting time even though the short processes individually need very little CPU time."
"You are an Operating Systems tutor. Answer ONLY using the exact textbook passages provided below. Do NOT add your own examples, do NOT invent information. If the answer is not in the provided text, reply EXACTLY with the word 'OUT_OF_CONTEXT' and nothing else.","Textbook passages:
C-SCAN (Circular SCAN) disk scheduling moves the head in one direction, servicing every pending request it passes, all the way to that end of the disk; it then jumps immediately to the opposite end of the disk (this jump counts toward total head movement) and continues scanning in the SAME original direction, servicing the remaining requests, ensuring more uniform wait times than SCAN.

Question: A disk has 200 cylinders (numbered 0 to 199). The disk head is currently at cylinder 98. The pending requests, in the order they arrived, are: 5, 23, 100, 129, 117, 61, 55, 149, 90.

Using the C-SCAN (initial direction: increasing cylinder numbers) disk scheduling algorithm, determine the order in which the requests are serviced and compute the total head movement (in number of cylinders).","Service order: 98 -> 100 -> 117 -> 129 -> 149 -> 5 -> 23 -> 55 -> 61 -> 90

Head movement per step: |100-98|=2 + |117-100|=17 + |129-117|=12 + |149-129|=20 + |5-149|=144 + |23-5|=18 + |55-23|=32 + |61-55|=6 + |90-61|=29

Total head movement = 390 cylinders"
"You are an Operating Systems tutor. Answer ONLY using the exact textbook passages provided below. Do NOT add your own examples, do NOT invent information. If the answer is not in the provided text, reply EXACTLY with the word 'OUT_OF_CONTEXT' and nothing else.","Textbook passages:
In contiguous memory allocation, free memory is organized as a list of holes (blocks). First-fit allocates a process into the first hole large enough to hold it (scanning from the start). Best-fit allocates into the smallest hole that is still large enough. Worst-fit allocates into the largest available hole. After allocation, the unused remainder of the chosen hole remains as a smaller free hole.

Question: Free memory consists of the following holes, in this order: B0=84KB, B1=308KB, B2=131KB, B3=262KB, B4=328KB, B5=324KB. The following processes arrive in this order and must each be placed into a single contiguous free hole: P0=77KB, P1=208KB, P2=143KB, P3=139KB.

Using the first-fit allocation strategy, determine which memory block (if any) each process is placed into, and the sizes of the remaining free blocks after all allocations.","P0 (77KB): placed in B0 (was 84KB) -> B0 now has 7KB free
P1 (208KB): placed in B1 (was 308KB) -> B1 now has 100KB free
P2 (143KB): placed in B3 (was 262KB) -> B3 now has 119KB free
P3 (139KB): placed in B4 (was 328KB) -> B4 now has 189KB free

Final remaining free block sizes: B0=7KB, B1=100KB, B2=131KB, B3=119KB, B4=189KB, B5=324KB"
"You are an Operating Systems tutor. Answer ONLY using the exact textbook passages provided below. Do NOT add your own examples, do NOT invent information. If the answer is not in the provided text, reply EXACTLY with the word 'OUT_OF_CONTEXT' and nothing else.","Textbook passages:
Copy-on-Write (COW): A memory-management optimization where two processes (e.g. after fork()) share the same physical pages read-only until one attempts to write, at which point a private copy of just that page is made.

Question: Explain the term Copy-on-Write (COW) in the context of operating systems.","A memory-management optimization where two processes (e.g. after fork()) share the same physical pages read-only until one attempts to write, at which point a private copy of just that page is made."
"You are an Operating Systems tutor. Answer ONLY using the exact textbook passages provided below. Do NOT add your own examples, do NOT invent information. If the answer is not in the provided text, reply EXACTLY with the word 'OUT_OF_CONTEXT' and nothing else.","Textbook passages:
Valid-invalid bit: A page table entry flag indicating whether the associated page is currently loaded in physical memory (valid) or not (invalid, causing a page fault if referenced).

Question: Explain the term Valid-invalid bit in the context of operating systems.","A page table entry flag indicating whether the associated page is currently loaded in physical memory (valid) or not (invalid, causing a page fault if referenced)."
"You are an Operating Systems tutor. Answer ONLY using the exact textbook passages provided below. Do NOT add your own examples, do NOT invent information. If the answer is not in the provided text, reply EXACTLY with the word 'OUT_OF_CONTEXT' and nothing else.","Textbook passages:
SSTF (Shortest Seek Time First) disk scheduling always services the pending request whose cylinder is closest to the disk head's current position next, minimizing each individual seek.

Question: A disk has 200 cylinders (numbered 0 to 199). The disk head is currently at cylinder 21. The pending requests, in the order they arrived, are: 98, 60, 114, 192, 68, 84, 77, 149.

Using the SSTF disk scheduling algorithm, determine the order in which the requests are serviced and compute the total head movement (in number of cylinders).","Service order: 21 -> 60 -> 68 -> 77 -> 84 -> 98 -> 114 -> 149 -> 192

Head movement per step: |60-21|=39 + |68-60|=8 + |77-68|=9 + |84-77|=7 + |98-84|=14 + |114-98|=16 + |149-114|=35 + |192-149|=43

Total head movement = 171 cylinders"
"You are an Operating Systems tutor. Answer ONLY using the exact textbook passages provided below. Do NOT add your own examples, do NOT invent information. If the answer is not in the provided text, reply EXACTLY with the word 'OUT_OF_CONTEXT' and nothing else.","Textbook passages:
LOOK disk scheduling behaves like SCAN, but instead of travelling all the way to the physical end of the disk, the head reverses direction as soon as it services the last pending request in the current direction, avoiding unnecessary movement.

Question: A disk has 200 cylinders (numbered 0 to 199). The disk head is currently at cylinder 125. The pending requests, in the order they arrived, are: 147, 18, 32, 81, 164, 115, 119, 174, 132.

Using the LOOK (initial direction: decreasing cylinder numbers) disk scheduling algorithm, determine the order in which the requests are serviced and compute the total head movement (in number of cylinders).","Service order: 125 -> 119 -> 115 -> 81 -> 32 -> 18 -> 132 -> 147 -> 164 -> 174

Head movement per step: |119-125|=6 + |115-119|=4 + |81-115|=34 + |32-81|=49 + |18-32|=14 + |132-18|=114 + |147-132|=15 + |164-147|=17 + |174-164|=10

Total head movement = 263 cylinders"
"You are an Operating Systems tutor. Answer ONLY using the exact textbook passages provided below. Do NOT add your own examples, do NOT invent information. If the answer is not in the provided text, reply EXACTLY with the word 'OUT_OF_CONTEXT' and nothing else.","Textbook passages:
Optimal (MIN/Belady's) page replacement evicts the page that will not be used again for the longest time in the future (or never used again), when a page fault occurs and all frames are full. It gives the theoretical minimum number of page faults but requires advance knowledge of the full reference string.

Question: A system uses 3 page frames and the Optimal page replacement algorithm. Given the page reference string:
2, 1, 1, 4, 1, 0, 4, 1, 4, 1

Determine, for each reference, whether it is a page hit or a page fault, show the resulting frame contents, and compute the total number of page faults and page hits.","Ref | Frame contents after this reference | Hit/Fault
2   | [2]                   | Fault
1   | [2, 1]                | Fault
1   | [2, 1]                | Hit
4   | [2, 1, 4]             | Fault
1   | [2, 1, 4]             | Hit
0   | [1, 4, 0]             | Fault
4   | [1, 4, 0]             | Hit
1   | [1, 4, 0]             | Hit
4   | [1, 4, 0]             | Hit
1   | [1, 4, 0]             | Hit

Total references = 10
Total page faults = 4
Total page hits = 6
Page fault rate = 4/10 = 0.40"
"You are an Operating Systems tutor. Answer ONLY using the exact textbook passages provided below. Do NOT add your own examples, do NOT invent information. If the answer is not in the provided text, reply EXACTLY with the word 'OUT_OF_CONTEXT' and nothing else.","Textbook passages:
The I/O subsystem manages communication between the CPU and peripheral devices using techniques such as polling, interrupts, DMA, spooling, buffering, and caching.

Question: What is the speed of light in a vacuum?",OUT_OF_CONTEXT
"You are an Operating Systems tutor. Answer ONLY using the exact textbook passages provided below. Do NOT add your own examples, do NOT invent information. If the answer is not in the provided text, reply EXACTLY with the word 'OUT_OF_CONTEXT' and nothing else.","Textbook passages:
Valid-invalid bit: A page table entry flag indicating whether the associated page is currently loaded in physical memory (valid) or not (invalid, causing a page fault if referenced).

Question: What is Valid-invalid bit?","A page table entry flag indicating whether the associated page is currently loaded in physical memory (valid) or not (invalid, causing a page fault if referenced)."
"You are an Operating Systems tutor. Answer ONLY using the exact textbook passages provided below. Do NOT add your own examples, do NOT invent information. If the answer is not in the provided text, reply EXACTLY with the word 'OUT_OF_CONTEXT' and nothing else.","Textbook passages:
Mount point: The directory within an existing file system hierarchy where a separate file system (from a disk, partition, or network share) is attached and made accessible.

Question: Explain the term Mount point in the context of operating systems.","The directory within an existing file system hierarchy where a separate file system (from a disk, partition, or network share) is attached and made accessible."
"You are an Operating Systems tutor. Answer ONLY using the exact textbook passages provided below. Do NOT add your own examples, do NOT invent information. If the answer is not in the provided text, reply EXACTLY with the word 'OUT_OF_CONTEXT' and nothing else.","Textbook passages:
Shortest Remaining Time First (SRTF) is the preemptive version of SJF: at every instant, the CPU runs whichever ready process has the smallest remaining burst time, preempting the current process if a process with a shorter remaining time becomes ready. Ties are broken by earliest arrival time, then process ID. Completion Time (CT) is when a process finishes; Turnaround Time (TAT) = CT − Arrival Time; Waiting Time (WT) = TAT − Burst Time.

Question: Consider the following processes with their arrival and burst times (all times in milliseconds):

Process | Arrival Time | Burst Time
-----------------------------------
P1      | 0            | 10
P2      | 5            | 4
P3      | 0            | 2

Using Shortest Remaining Time First (SRTF, preemptive) scheduling, draw the Gantt chart and compute the Completion Time, Turnaround Time, and Waiting Time for each process. Also compute the average waiting time and average turnaround time.","Gantt Chart:
P3[0-2] -> P1[2-5] -> P2[5-9] -> P1[9-16]

Process | CT | TAT (=CT-AT) | WT (=TAT-BT)
P1      | 16  | 16            | 6
P2      | 9  | 4            | 0
P3      | 2  | 2            | 0

Average Turnaround Time = (16 + 4 + 2) / 3 = 7.33 ms
Average Waiting Time = (6 + 0 + 0) / 3 = 2 ms"
"You are an Operating Systems tutor. Answer ONLY using the exact textbook passages provided below. Do NOT add your own examples, do NOT invent information. If the answer is not in the provided text, reply EXACTLY with the word 'OUT_OF_CONTEXT' and nothing else.","Textbook passages:
A function's stack frame holds local variables followed by the saved return address. Writing past an unbounded local buffer can overwrite that return address, letting an attacker hijack control flow when the function returns. ASLR and the NX bit are standard OS/hardware defenses.

Question: Who wrote the novel Pride and Prejudice?",OUT_OF_CONTEXT
"You are an Operating Systems tutor. Answer ONLY using the exact textbook passages provided below. Do NOT add your own examples, do NOT invent information. If the answer is not in the provided text, reply EXACTLY with the word 'OUT_OF_CONTEXT' and nothing else.","Textbook passages:
RAID (Redundant Array of Independent Disks) uses multiple physical disks to improve performance and/or reliability through techniques such as striping, mirroring, and parity.

Question: What is RAID, and what are its two main goals?",RAID (Redundant Array of Independent/Inexpensive Disks) combines multiple physical disks into one logical unit to improve performance (by striping data across disks for parallel I/O) and/or reliability (by storing redundant data — mirrors or parity — so the array survives one or more disk failures without data loss).
"You are an Operating Systems tutor. Answer ONLY using the exact textbook passages provided below. Do NOT add your own examples, do NOT invent information. If the answer is not in the provided text, reply EXACTLY with the word 'OUT_OF_CONTEXT' and nothing else.","Textbook passages:
Priority scheduling (non-preemptive) allocates the CPU to the ready process with the highest priority, where a SMALLER priority number means HIGHER priority. Once started, a process runs to completion. Ties are broken by earliest arrival time, then process ID. Completion Time (CT) is when a process finishes; Turnaround Time (TAT) = CT − Arrival Time; Waiting Time (WT) = TAT − Burst Time.

Question: Consider the following processes with their arrival and burst times (all times in milliseconds):

Process | Arrival Time | Burst Time | Priority
----------------------------------------------
P1      | 2            | 9          | 8
P2      | 4            | 5          | 5
P3      | 8            | 9          | 4
P4      | 4            | 9          | 2

Using Priority (non-preemptive, smaller number = higher priority) scheduling, draw the Gantt chart and compute the Completion Time, Turnaround Time, and Waiting Time for each process. Also compute the average waiting time and average turnaround time.","Gantt Chart:
Idle[0-2] -> P1[2-11] -> P4[11-20] -> P3[20-29] -> P2[29-34]

Process | CT | TAT (=CT-AT) | WT (=TAT-BT)
P1      | 11  | 9            | 0
P2      | 34  | 30            | 25
P3      | 29  | 21            | 12
P4      | 20  | 16            | 7

Average Turnaround Time = (9 + 30 + 21 + 16) / 4 = 19 ms
Average Waiting Time = (0 + 25 + 12 + 7) / 4 = 11 ms"
"You are an Operating Systems tutor. Answer ONLY using the exact textbook passages provided below. Do NOT add your own examples, do NOT invent information. If the answer is not in the provided text, reply EXACTLY with the word 'OUT_OF_CONTEXT' and nothing else.","Textbook passages:
Interrupt vector table: A table of pointers (addresses) to interrupt service routines, indexed by interrupt number, used by the CPU to quickly locate the correct handler for an interrupt.

Question: Define Interrupt vector table.","A table of pointers (addresses) to interrupt service routines, indexed by interrupt number, used by the CPU to quickly locate the correct handler for an interrupt."
"You are an Operating Systems tutor. Answer ONLY using the exact textbook passages provided below. Do NOT add your own examples, do NOT invent information. If the answer is not in the provided text, reply EXACTLY with the word 'OUT_OF_CONTEXT' and nothing else.","Textbook passages:
In contiguous memory allocation, free memory is organized as a list of holes (blocks). First-fit allocates a process into the first hole large enough to hold it (scanning from the start). Best-fit allocates into the smallest hole that is still large enough. Worst-fit allocates into the largest available hole. After allocation, the unused remainder of the chosen hole remains as a smaller free hole.

Question: Free memory consists of the following holes, in this order: B0=113KB, B1=280KB, B2=284KB, B3=387KB, B4=351KB, B5=308KB. The following processes arrive in this order and must each be placed into a single contiguous free hole: P0=285KB, P1=32KB, P2=54KB.

Using the worst-fit allocation strategy, determine which memory block (if any) each process is placed into, and the sizes of the remaining free blocks after all allocations.","P0 (285KB): placed in B3 (was 387KB) -> B3 now has 102KB free
P1 (32KB): placed in B4 (was 351KB) -> B4 now has 319KB free
P2 (54KB): placed in B4 (was 319KB) -> B4 now has 265KB free

Final remaining free block sizes: B0=113KB, B1=280KB, B2=284KB, B3=102KB, B4=265KB, B5=308KB"
"You are an Operating Systems tutor. Answer ONLY using the exact textbook passages provided below. Do NOT add your own examples, do NOT invent information. If the answer is not in the provided text, reply EXACTLY with the word 'OUT_OF_CONTEXT' and nothing else.","Textbook passages:
Protection mechanisms control access of processes and users to system resources according to policy, while security defends the whole system against internal and external threats.

Question: What is the boiling point of water at sea level?",OUT_OF_CONTEXT
"You are an Operating Systems tutor. Answer ONLY using the exact textbook passages provided below. Do NOT add your own examples, do NOT invent information. If the answer is not in the provided text, reply EXACTLY with the word 'OUT_OF_CONTEXT' and nothing else.","Textbook passages:
FIFO page replacement evicts the page that has been resident in memory the longest, regardless of how recently or often it has been used, when a page fault occurs and all frames are full.

Question: A system uses 3 page frames and the FIFO page replacement algorithm. Given the page reference string:
4, 4, 0, 5, 4, 4, 1, 5, 1, 2, 3, 0, 4

Determine, for each reference, whether it is a page hit or a page fault, show the resulting frame contents, and compute the total number of page faults and page hits.","Ref | Frame contents after this reference | Hit/Fault
4   | [4]                   | Fault
4   | [4]                   | Hit
0   | [4, 0]                | Fault
5   | [4, 0, 5]             | Fault
4   | [4, 0, 5]             | Hit
4   | [4, 0, 5]             | Hit
1   | [0, 5, 1]             | Fault
5   | [0, 5, 1]             | Hit
1   | [0, 5, 1]             | Hit
2   | [5, 1, 2]             | Fault
3   | [1, 2, 3]             | Fault
0   | [2, 3, 0]             | Fault
4   | [3, 0, 4]             | Fault

Total references = 13
Total page faults = 8
Total page hits = 5
Page fault rate = 8/13 = 0.62"
"You are an Operating Systems tutor. Answer ONLY using the exact textbook passages provided below. Do NOT add your own examples, do NOT invent information. If the answer is not in the provided text, reply EXACTLY with the word 'OUT_OF_CONTEXT' and nothing else.","Textbook passages:
SSTF (Shortest Seek Time First) disk scheduling always services the pending request whose cylinder is closest to the disk head's current position next, minimizing each individual seek.

Question: A disk has 200 cylinders (numbered 0 to 199). The disk head is currently at cylinder 126. The pending requests, in the order they arrived, are: 9, 101, 126, 47, 191, 74, 2.

Using the SSTF disk scheduling algorithm, determine the order in which the requests are serviced and compute the total head movement (in number of cylinders).","Service order: 126 -> 126 -> 101 -> 74 -> 47 -> 9 -> 2 -> 191

Head movement per step: |126-126|=0 + |101-126|=25 + |74-101|=27 + |47-74|=27 + |9-47|=38 + |2-9|=7 + |191-2|=189

Total head movement = 313 cylinders"
"You are an Operating Systems tutor. Answer ONLY using the exact textbook passages provided below. Do NOT add your own examples, do NOT invent information. If the answer is not in the provided text, reply EXACTLY with the word 'OUT_OF_CONTEXT' and nothing else.","Textbook passages:
Optimal (MIN/Belady's) page replacement evicts the page that will not be used again for the longest time in the future (or never used again), when a page fault occurs and all frames are full. It gives the theoretical minimum number of page faults but requires advance knowledge of the full reference string.

Question: A system uses 4 page frames and the Optimal page replacement algorithm. Given the page reference string:
3, 2, 5, 3, 5, 0, 2, 4, 2, 2

Determine, for each reference, whether it is a page hit or a page fault, show the resulting frame contents, and compute the total number of page faults and page hits.","Ref | Frame contents after this reference | Hit/Fault
3   | [3]                   | Fault
2   | [3, 2]                | Fault
5   | [3, 2, 5]             | Fault
3   | [3, 2, 5]             | Hit
5   | [3, 2, 5]             | Hit
0   | [3, 2, 5, 0]          | Fault
2   | [3, 2, 5, 0]          | Hit
4   | [2, 5, 0, 4]          | Fault
2   | [2, 5, 0, 4]          | Hit
2   | [2, 5, 0, 4]          | Hit

Total references = 10
Total page faults = 5
Total page hits = 5
Page fault rate = 5/10 = 0.50"
"You are an Operating Systems tutor. Answer ONLY using the exact textbook passages provided below. Do NOT add your own examples, do NOT invent information. If the answer is not in the provided text, reply EXACTLY with the word 'OUT_OF_CONTEXT' and nothing else.","Textbook passages:
The Banker's algorithm avoids deadlock by only granting a resource request if the resulting state is 'safe'. A state is safe if there is some ordering (safe sequence) of all processes such that each process's remaining Need can be satisfied by the currently Available resources plus what is freed by processes earlier in the sequence. Need[i] = Max[i] - Allocation[i]. The safety algorithm repeatedly finds any unfinished process whose Need is <= Work (initially Available), 'runs' it (adding its Allocation back to Work), and marks it finished, until no more processes can be added (safe if all finish) or no more can be found (unsafe if any remain unfinished).

Question: A system has 3 processes (P0..P2) and 2 resource types (A, B). The current Allocation and Max matrices, and the Available vector, are:

Allocation:
Process | A  B
P0      | 1  3
P1      | 5  1
P2      | 4  4

Max:
Process | A  B
P0      | 3  3
P1      | 9  9
P2      | 4  4

Available: A=4, B=8

Process P0 now requests additional resources: A=0, B=0. Using the Banker's algorithm, determine whether this request can be granted immediately.","Need = Max - Allocation:
Process | A  B
P0      | 2  0
P1      | 4  8
P2      | 0  0

Step 1: Is Request <= Need[P0]? Request=[0, 0], Need[P0]=[2, 0]
-> Yes.

Step 2: Is Request <= Available? Request=[0, 0], Available=[4, 8]
-> Yes. Pretend to allocate and check safety of the resulting state.

Tentative new Available: [4, 8]
The resulting state IS safe (safe sequence: P0 -> P1 -> P2). The request is GRANTED immediately."
"You are an Operating Systems tutor. Answer ONLY using the exact textbook passages provided below. Do NOT add your own examples, do NOT invent information. If the answer is not in the provided text, reply EXACTLY with the word 'OUT_OF_CONTEXT' and nothing else.","Textbook passages:
CPU scheduling algorithms are compared using several criteria: CPU utilization, throughput, turnaround time, waiting time, and response time. Different algorithms optimize different criteria, and no single algorithm is best for every situation.

Question: What is the difference between preemptive and non-preemptive scheduling?","In non-preemptive scheduling, once the CPU is allocated to a process, it keeps the CPU until it terminates or switches to the waiting state voluntarily. In preemptive scheduling, the OS can forcibly take the CPU away from a running process (e.g. when a higher-priority process arrives or a time quantum expires) and give it to another process."
"You are an Operating Systems tutor. Answer ONLY using the exact textbook passages provided below. Do NOT add your own examples, do NOT invent information. If the answer is not in the provided text, reply EXACTLY with the word 'OUT_OF_CONTEXT' and nothing else.","Textbook passages:
Operating systems can be classified by how they schedule and share the CPU among users and processes: batch systems, multiprogrammed systems, time-sharing systems, real-time systems, and distributed systems, each suited to different workloads.

Question: What distinguishes a hard real-time system from a soft real-time system?","A hard real-time system must meet its deadlines absolutely — missing a deadline is considered a total system failure (e.g. flight control, pacemakers). A soft real-time system prefers to meet deadlines but tolerates occasional misses with degraded (not catastrophic) results, e.g. multimedia streaming."
"You are an Operating Systems tutor. Answer ONLY using the exact textbook passages provided below. Do NOT add your own examples, do NOT invent information. If the answer is not in the provided text, reply EXACTLY with the word 'OUT_OF_CONTEXT' and nothing else.","Textbook passages:
In a paged memory system, a logical address is split into a page number and an offset: page number = logical address // page size; offset = logical address % page size. The page table maps each page number to a physical frame number. The physical address is computed as: physical address = (frame number x page size) + offset.

Question: A system uses paging with a page size of 1024 bytes. A process has 4 pages, with the following page table: page 0 -> frame 5, page 1 -> frame 1, page 2 -> frame 3, page 3 -> frame 4.

For the logical address 1354, determine: (a) the page number, (b) the offset within the page, (c) the corresponding frame number, and (d) the resulting physical address.","(a) Page number = logical address // page size = 1354 // 1024 = 1
(b) Offset = logical address % page size = 1354 % 1024 = 330
(c) From the page table, page 1 -> frame 1
(d) Physical address = (frame number x page size) + offset = (1 x 1024) + 330 = 1354"
"You are an Operating Systems tutor. Answer ONLY using the exact textbook passages provided below. Do NOT add your own examples, do NOT invent information. If the answer is not in the provided text, reply EXACTLY with the word 'OUT_OF_CONTEXT' and nothing else.","Textbook passages:
File allocation methods determine how disk blocks are allocated to files: contiguous allocation, linked allocation, and indexed allocation, each with different trade-offs for access speed and fragmentation.

Question: Compare contiguous, linked, and indexed file allocation methods.","Contiguous allocation stores each file in a set of contiguous disk blocks — supports fast sequential and direct access, but suffers from external fragmentation and requires knowing the file size in advance. Linked allocation stores each file as a linked list of disk blocks scattered anywhere on disk — no external fragmentation and files can grow easily, but only supports efficient sequential access (direct access requires traversing the list) and is vulnerable to pointer corruption. Indexed allocation stores all block pointers for a file in a separate index block — supports efficient direct access without external fragmentation, but wastes some space on the index block itself and may need multiple levels of indexing for very large files."
"You are an Operating Systems tutor. Answer ONLY using the exact textbook passages provided below. Do NOT add your own examples, do NOT invent information. If the answer is not in the provided text, reply EXACTLY with the word 'OUT_OF_CONTEXT' and nothing else.","Textbook passages:
A cycle in the resource-allocation graph is necessary but not always sufficient for deadlock: it is both necessary and sufficient only when every resource type in the cycle has a single instance. With multiple instances, a cycle may not force deadlock if a request can still be satisfied from an available instance.

Question: What is the tallest mountain in the world?",OUT_OF_CONTEXT
"You are an Operating Systems tutor. Answer ONLY using the exact textbook passages provided below. Do NOT add your own examples, do NOT invent information. If the answer is not in the provided text, reply EXACTLY with the word 'OUT_OF_CONTEXT' and nothing else.","Textbook passages:
The Banker's algorithm avoids deadlock by only granting a resource request if the resulting state is 'safe'. A state is safe if there is some ordering (safe sequence) of all processes such that each process's remaining Need can be satisfied by the currently Available resources plus what is freed by processes earlier in the sequence. Need[i] = Max[i] - Allocation[i]. The safety algorithm repeatedly finds any unfinished process whose Need is <= Work (initially Available), 'runs' it (adding its Allocation back to Work), and marks it finished, until no more processes can be added (safe if all finish) or no more can be found (unsafe if any remain unfinished).

Question: A system has 4 processes (P0..P3) and 2 resource types (A, B). The current Allocation and Max matrices, and the Available vector, are:

Allocation:
Process | A  B
P0      | 0  9
P1      | 3  5
P2      | 6  0
P3      | 0  1

Max:
Process | A  B
P0      | 3  9
P1      | 4  8
P2      | 8  5
P3      | 4  8

Available: A=4, B=3

Compute the Need matrix, and using the Banker's algorithm, determine whether the system is currently in a safe state. If it is, give a valid safe sequence.","Need = Max - Allocation:
Process | A  B
P0      | 3  0
P1      | 1  3
P2      | 2  5
P3      | 4  7

Need[P0] = [3, 0] <= Work [4, 3] -> P0 can run; Work becomes [4, 12]
Need[P1] = [1, 3] <= Work [4, 12] -> P1 can run; Work becomes [7, 17]
Need[P2] = [2, 5] <= Work [7, 17] -> P2 can run; Work becomes [13, 17]
Need[P3] = [4, 7] <= Work [13, 17] -> P3 can run; Work becomes [13, 18]

All processes finish. The system IS in a safe state.
Safe sequence: P0 -> P1 -> P2 -> P3"
"You are an Operating Systems tutor. Answer ONLY using the exact textbook passages provided below. Do NOT add your own examples, do NOT invent information. If the answer is not in the provided text, reply EXACTLY with the word 'OUT_OF_CONTEXT' and nothing else.","Textbook passages:
Dirty bit (modified bit): A page table entry flag indicating that a page has been written to since it was loaded, so it must be written back to disk before being evicted.

Question: Explain the term Dirty bit (modified bit) in the context of operating systems.","A page table entry flag indicating that a page has been written to since it was loaded, so it must be written back to disk before being evicted."
"You are an Operating Systems tutor. Answer ONLY using the exact textbook passages provided below. Do NOT add your own examples, do NOT invent information. If the answer is not in the provided text, reply EXACTLY with the word 'OUT_OF_CONTEXT' and nothing else.","Textbook passages:
First-Come, First-Served (FCFS) CPU scheduling allocates the CPU to processes strictly in order of arrival time, using a FIFO ready queue. It is non-preemptive: once a process starts running, it runs to completion. Ties in arrival time are broken by process ID order. Completion Time (CT) is when a process finishes; Turnaround Time (TAT) = CT − Arrival Time; Waiting Time (WT) = TAT − Burst Time.

Question: Consider the following processes with their arrival and burst times (all times in milliseconds):

Process | Arrival Time | Burst Time
-----------------------------------
P1      | 3            | 6
P2      | 3            | 10
P3      | 9            | 11
P4      | 3            | 9
P5      | 3            | 3

Using First-Come, First-Served (FCFS) scheduling, draw the Gantt chart and compute the Completion Time, Turnaround Time, and Waiting Time for each process. Also compute the average waiting time and average turnaround time.","Gantt Chart:
Idle[0-3] -> P1[3-9] -> P2[9-19] -> P4[19-28] -> P5[28-31] -> P3[31-42]

Process | CT | TAT (=CT-AT) | WT (=TAT-BT)
P1      | 9  | 6            | 0
P2      | 19  | 16            | 6
P3      | 42  | 33            | 22
P4      | 28  | 25            | 16
P5      | 31  | 28            | 25

Average Turnaround Time = (6 + 16 + 33 + 25 + 28) / 5 = 21.60 ms
Average Waiting Time = (0 + 6 + 22 + 16 + 25) / 5 = 13.80 ms"
"You are an Operating Systems tutor. Answer ONLY using the exact textbook passages provided below. Do NOT add your own examples, do NOT invent information. If the answer is not in the provided text, reply EXACTLY with the word 'OUT_OF_CONTEXT' and nothing else.","Textbook passages:
Bootstrap program: A small initial program stored in ROM/firmware that runs when a computer powers on and loads the operating system kernel into memory.

Question: Define Bootstrap program.",A small initial program stored in ROM/firmware that runs when a computer powers on and loads the operating system kernel into memory.
"You are an Operating Systems tutor. Answer ONLY using the exact textbook passages provided below. Do NOT add your own examples, do NOT invent information. If the answer is not in the provided text, reply EXACTLY with the word 'OUT_OF_CONTEXT' and nothing else.","Textbook passages:
Reference bit: A page table entry flag set by hardware whenever a page is accessed, used by approximation algorithms like Second-Chance/Clock to estimate recent usage for page replacement.

Question: Define Reference bit.","A page table entry flag set by hardware whenever a page is accessed, used by approximation algorithms like Second-Chance/Clock to estimate recent usage for page replacement."
"You are an Operating Systems tutor. Answer ONLY using the exact textbook passages provided below. Do NOT add your own examples, do NOT invent information. If the answer is not in the provided text, reply EXACTLY with the word 'OUT_OF_CONTEXT' and nothing else.","Textbook passages:
FCFS disk scheduling services pending I/O requests strictly in the order they arrived, regardless of cylinder position. Total head movement is the sum of the absolute differences between consecutively serviced cylinders, starting from the initial head position.

Question: A disk has 200 cylinders (numbered 0 to 199). The disk head is currently at cylinder 56. The pending requests, in the order they arrived, are: 8, 32, 17, 60, 199, 165, 93, 92, 98.

Using the FCFS disk scheduling algorithm, determine the order in which the requests are serviced and compute the total head movement (in number of cylinders).","Service order: 56 -> 8 -> 32 -> 17 -> 60 -> 199 -> 165 -> 93 -> 92 -> 98

Head movement per step: |8-56|=48 + |32-8|=24 + |17-32|=15 + |60-17|=43 + |199-60|=139 + |165-199|=34 + |93-165|=72 + |92-93|=1 + |98-92|=6

Total head movement = 382 cylinders"
"You are an Operating Systems tutor. Answer ONLY using the exact textbook passages provided below. Do NOT add your own examples, do NOT invent information. If the answer is not in the provided text, reply EXACTLY with the word 'OUT_OF_CONTEXT' and nothing else.","Textbook passages:
LOOK disk scheduling behaves like SCAN, but instead of travelling all the way to the physical end of the disk, the head reverses direction as soon as it services the last pending request in the current direction, avoiding unnecessary movement.

Question: A disk has 200 cylinders (numbered 0 to 199). The disk head is currently at cylinder 117. The pending requests, in the order they arrived, are: 63, 117, 88, 39, 70, 48, 185.

Using the LOOK (initial direction: increasing cylinder numbers) disk scheduling algorithm, determine the order in which the requests are serviced and compute the total head movement (in number of cylinders).","Service order: 117 -> 117 -> 185 -> 88 -> 70 -> 63 -> 48 -> 39

Head movement per step: |117-117|=0 + |185-117|=68 + |88-185|=97 + |70-88|=18 + |63-70|=7 + |48-63|=15 + |39-48|=9

Total head movement = 214 cylinders"
"You are an Operating Systems tutor. Answer ONLY using the exact textbook passages provided below. Do NOT add your own examples, do NOT invent information. If the answer is not in the provided text, reply EXACTLY with the word 'OUT_OF_CONTEXT' and nothing else.","Textbook passages:
In contiguous memory allocation, each process is allocated a single contiguous block of main memory. Free memory blocks (holes) are managed and allocated to new processes using strategies like first-fit, best-fit, and worst-fit.

Question: Explain first-fit, best-fit, and worst-fit memory allocation strategies.","First-fit allocates the first free hole that is large enough for the request, scanning from the start of memory — fast but can leave odd fragments near the front. Best-fit searches the entire list and allocates the smallest hole big enough — minimizes wasted space per allocation but tends to leave many tiny unusable fragments and is slower (must search the whole list). Worst-fit allocates the largest available hole, leaving the biggest possible leftover fragment — reduces the number of tiny fragments but tends to waste large amounts of memory."
"You are an Operating Systems tutor. Answer ONLY using the exact textbook passages provided below. Do NOT add your own examples, do NOT invent information. If the answer is not in the provided text, reply EXACTLY with the word 'OUT_OF_CONTEXT' and nothing else.","Textbook passages:
An operating system (OS) is system software that acts as an intermediary between computer hardware and the user, managing hardware resources (CPU, memory, I/O devices, storage) and providing a convenient environment for executing programs. Its two primary goals are convenience for the user and efficient utilization of hardware resources.

Question: What is an operating system?","An operating system is system software that manages computer hardware and software resources and provides common services for computer programs. It acts as an intermediary between the user/application programs and the hardware, handling tasks such as process management, memory management, file management, and I/O control."
"You are an Operating Systems tutor. Answer ONLY using the exact textbook passages provided below. Do NOT add your own examples, do NOT invent information. If the answer is not in the provided text, reply EXACTLY with the word 'OUT_OF_CONTEXT' and nothing else.","Textbook passages:
LRU (Least Recently Used) page replacement evicts the page that has not been referenced for the longest time, when a page fault occurs and all frames are full — it uses the recent past as an approximation of the near future.

Question: A system uses 3 page frames and the LRU page replacement algorithm. Given the page reference string:
5, 3, 5, 3, 3, 5, 5, 1, 3, 0, 1, 4

Determine, for each reference, whether it is a page hit or a page fault, show the resulting frame contents, and compute the total number of page faults and page hits.","Ref | Frame contents after this reference | Hit/Fault
5   | [5]                   | Fault
3   | [5, 3]                | Fault
5   | [3, 5]                | Hit
3   | [5, 3]                | Hit
3   | [5, 3]                | Hit
5   | [3, 5]                | Hit
5   | [3, 5]                | Hit
1   | [3, 5, 1]             | Fault
3   | [5, 1, 3]             | Hit
0   | [1, 3, 0]             | Fault
1   | [3, 0, 1]             | Hit
4   | [0, 1, 4]             | Fault

Total references = 12
Total page faults = 5
Total page hits = 7
Page fault rate = 5/12 = 0.42"
"You are an Operating Systems tutor. Answer ONLY using the exact textbook passages provided below. Do NOT add your own examples, do NOT invent information. If the answer is not in the provided text, reply EXACTLY with the word 'OUT_OF_CONTEXT' and nothing else.","Textbook passages:
The I/O subsystem manages communication between the CPU and peripheral devices using techniques such as polling, interrupts, DMA, spooling, buffering, and caching.

Question: What is the difference between buffering and caching in I/O systems?","Buffering temporarily holds data during transfer between two devices/processes with different speeds or data-transfer sizes (e.g. smoothing out data flow between a producer and consumer). Caching keeps a copy of data that already exists elsewhere (typically slower storage) in a faster area, purely to speed up repeated access to that same data — a buffer may sometimes serve double duty as a cache if it holds the only copy of data currently in use."
"You are an Operating Systems tutor. Answer ONLY using the exact textbook passages provided below. Do NOT add your own examples, do NOT invent information. If the answer is not in the provided text, reply EXACTLY with the word 'OUT_OF_CONTEXT' and nothing else.","Textbook passages:
The Banker's algorithm avoids deadlock by only granting a resource request if the resulting state is 'safe'. A state is safe if there is some ordering (safe sequence) of all processes such that each process's remaining Need can be satisfied by the currently Available resources plus what is freed by processes earlier in the sequence. Need[i] = Max[i] - Allocation[i]. The safety algorithm repeatedly finds any unfinished process whose Need is <= Work (initially Available), 'runs' it (adding its Allocation back to Work), and marks it finished, until no more processes can be added (safe if all finish) or no more can be found (unsafe if any remain unfinished).

Question: A system has 3 processes (P0..P2) and 2 resource types (A, B). The current Allocation and Max matrices, and the Available vector, are:

Allocation:
Process | A  B
P0      | 0  0
P1      | 2  3
P2      | 2  3

Max:
Process | A  B
P0      | 8  5
P1      | 6  6
P2      | 7  6

Available: A=3, B=7

Compute the Need matrix, and using the Banker's algorithm, determine whether the system is currently in a safe state. If it is, give a valid safe sequence.","Need = Max - Allocation:
Process | A  B
P0      | 8  5
P1      | 4  3
P2      | 5  3

No unfinished process has Need <= Work at any point, so no process beyond the ones above can be scheduled. The system is NOT in a safe state (it may deadlock)."
"You are an Operating Systems tutor. Answer ONLY using the exact textbook passages provided below. Do NOT add your own examples, do NOT invent information. If the answer is not in the provided text, reply EXACTLY with the word 'OUT_OF_CONTEXT' and nothing else.","Textbook passages:
A process is a program in execution. It is the fundamental unit of work in an operating system and includes the program code, current activity (program counter, registers), and associated resources such as memory and open files.

Question: What is a Process Control Block (PCB) and what does it contain?","A PCB is a kernel data structure that stores all the information needed to manage a specific process: process ID, process state, program counter, CPU registers, CPU scheduling information (priority), memory management information (base/limit registers, page tables), accounting information, and I/O status information (open files, allocated devices)."
"You are an Operating Systems tutor. Answer ONLY using the exact textbook passages provided below. Do NOT add your own examples, do NOT invent information. If the answer is not in the provided text, reply EXACTLY with the word 'OUT_OF_CONTEXT' and nothing else.","Textbook passages:
First-Come, First-Served (FCFS) CPU scheduling allocates the CPU to processes strictly in order of arrival time, using a FIFO ready queue. It is non-preemptive: once a process starts running, it runs to completion. Ties in arrival time are broken by process ID order. Completion Time (CT) is when a process finishes; Turnaround Time (TAT) = CT − Arrival Time; Waiting Time (WT) = TAT − Burst Time.

Question: Consider the following processes with their arrival and burst times (all times in milliseconds):

Process | Arrival Time | Burst Time
-----------------------------------
P1      | 1            | 8
P2      | 3            | 5
P3      | 0            | 4

Using First-Come, First-Served (FCFS) scheduling, draw the Gantt chart and compute the Completion Time, Turnaround Time, and Waiting Time for each process. Also compute the average waiting time and average turnaround time.","Gantt Chart:
P3[0-4] -> P1[4-12] -> P2[12-17]

Process | CT | TAT (=CT-AT) | WT (=TAT-BT)
P1      | 12  | 11            | 3
P2      | 17  | 14            | 9
P3      | 4  | 4            | 0

Average Turnaround Time = (11 + 14 + 4) / 3 = 9.67 ms
Average Waiting Time = (3 + 9 + 0) / 3 = 4 ms"
"You are an Operating Systems tutor. Answer ONLY using the exact textbook passages provided below. Do NOT add your own examples, do NOT invent information. If the answer is not in the provided text, reply EXACTLY with the word 'OUT_OF_CONTEXT' and nothing else.","Textbook passages:
Paging is a memory management scheme that permits a process's physical address space to be non-contiguous. Logical memory is divided into fixed-size blocks called pages, and physical memory into equal-size blocks called frames.

Question: What is a Translation Look-aside Buffer (TLB), and why is it used?","A TLB is a small, fast, associative (content-addressable) hardware cache that stores recent page-number-to-frame-number translations. It is used to avoid the extra memory access required to consult the full page table in main memory for every reference — a TLB hit gives the frame number immediately, while a TLB miss requires walking the page table (and then caching the result in the TLB)."
"You are an Operating Systems tutor. Answer ONLY using the exact textbook passages provided below. Do NOT add your own examples, do NOT invent information. If the answer is not in the provided text, reply EXACTLY with the word 'OUT_OF_CONTEXT' and nothing else.","Textbook passages:
Optimal (MIN/Belady's) page replacement evicts the page that will not be used again for the longest time in the future (or never used again), when a page fault occurs and all frames are full. It gives the theoretical minimum number of page faults but requires advance knowledge of the full reference string.

Question: A system uses 4 page frames and the Optimal page replacement algorithm. Given the page reference string:
3, 0, 4, 3, 0, 5, 1, 3, 5, 1

Determine, for each reference, whether it is a page hit or a page fault, show the resulting frame contents, and compute the total number of page faults and page hits.","Ref | Frame contents after this reference | Hit/Fault
3   | [3]                   | Fault
0   | [3, 0]                | Fault
4   | [3, 0, 4]             | Fault
3   | [3, 0, 4]             | Hit
0   | [3, 0, 4]             | Hit
5   | [3, 0, 4, 5]          | Fault
1   | [3, 4, 5, 1]          | Fault
3   | [3, 4, 5, 1]          | Hit
5   | [3, 4, 5, 1]          | Hit
1   | [3, 4, 5, 1]          | Hit

Total references = 10
Total page faults = 5
Total page hits = 5
Page fault rate = 5/10 = 0.50"
"You are an Operating Systems tutor. Answer ONLY using the exact textbook passages provided below. Do NOT add your own examples, do NOT invent information. If the answer is not in the provided text, reply EXACTLY with the word 'OUT_OF_CONTEXT' and nothing else.","Textbook passages:
Booting a computer and handling defective disk sectors are low-level responsibilities closely tied to disk and mass storage management.

Question: How does an OS typically handle bad blocks/sectors on a disk?","Modern disk controllers maintain a list of bad (defective) sectors and transparently remap them to spare sectors set aside for this purpose during low-level formatting, so the OS and file system usually never see the bad sectors at all (sector sparing/forwarding). Older or simpler systems handled this at the OS level, marking bad blocks in the file system's free-space structures so they are never allocated to a file."
"You are an Operating Systems tutor. Answer ONLY using the exact textbook passages provided below. Do NOT add your own examples, do NOT invent information. If the answer is not in the provided text, reply EXACTLY with the word 'OUT_OF_CONTEXT' and nothing else.","Textbook passages:
Shortest Job First (SJF, non-preemptive) scheduling selects, among all processes that have arrived and are ready, the one with the smallest CPU burst time to run next; once started it runs to completion. Ties are broken by earliest arrival time, then by process ID. Completion Time (CT) is when a process finishes; Turnaround Time (TAT) = CT − Arrival Time; Waiting Time (WT) = TAT − Burst Time.

Question: Consider the following processes with their arrival and burst times (all times in milliseconds):

Process | Arrival Time | Burst Time
-----------------------------------
P1      | 5            | 6
P2      | 3            | 2
P3      | 6            | 7
P4      | 1            | 6

Using Shortest Job First (SJF, non-preemptive) scheduling, draw the Gantt chart and compute the Completion Time, Turnaround Time, and Waiting Time for each process. Also compute the average waiting time and average turnaround time.","Gantt Chart:
Idle[0-1] -> P4[1-7] -> P2[7-9] -> P1[9-15] -> P3[15-22]

Process | CT | TAT (=CT-AT) | WT (=TAT-BT)
P1      | 15  | 10            | 4
P2      | 9  | 6            | 4
P3      | 22  | 16            | 9
P4      | 7  | 6            | 0

Average Turnaround Time = (10 + 6 + 16 + 6) / 4 = 9.50 ms
Average Waiting Time = (4 + 4 + 9 + 0) / 4 = 4.25 ms"
"You are an Operating Systems tutor. Answer ONLY using the exact textbook passages provided below. Do NOT add your own examples, do NOT invent information. If the answer is not in the provided text, reply EXACTLY with the word 'OUT_OF_CONTEXT' and nothing else.","Textbook passages:
The Banker's algorithm avoids deadlock by only granting a resource request if the resulting state is 'safe'. A state is safe if there is some ordering (safe sequence) of all processes such that each process's remaining Need can be satisfied by the currently Available resources plus what is freed by processes earlier in the sequence. Need[i] = Max[i] - Allocation[i]. The safety algorithm repeatedly finds any unfinished process whose Need is <= Work (initially Available), 'runs' it (adding its Allocation back to Work), and marks it finished, until no more processes can be added (safe if all finish) or no more can be found (unsafe if any remain unfinished).

Question: A system has 5 processes (P0..P4) and 2 resource types (A, B). The current Allocation and Max matrices, and the Available vector, are:

Allocation:
Process | A  B
P0      | 8  7
P1      | 5  9
P2      | 2  3
P3      | 4  2
P4      | 0  2

Max:
Process | A  B
P0      | 8  9
P1      | 7  9
P2      | 3  6
P3      | 9  8
P4      | 5  6

Available: A=6, B=3

Process P2 now requests additional resources: A=0, B=3. Using the Banker's algorithm, determine whether this request can be granted immediately.","Need = Max - Allocation:
Process | A  B
P0      | 0  2
P1      | 2  0
P2      | 1  3
P3      | 5  6
P4      | 5  4

Step 1: Is Request <= Need[P2]? Request=[0, 3], Need[P2]=[1, 3]
-> Yes.

Step 2: Is Request <= Available? Request=[0, 3], Available=[6, 3]
-> Yes. Pretend to allocate and check safety of the resulting state.

Tentative new Available: [6, 0]
The resulting state IS safe (safe sequence: P1 -> P2 -> P3 -> P4 -> P0). The request is GRANTED immediately."
"You are an Operating Systems tutor. Answer ONLY using the exact textbook passages provided below. Do NOT add your own examples, do NOT invent information. If the answer is not in the provided text, reply EXACTLY with the word 'OUT_OF_CONTEXT' and nothing else.","Textbook passages:
Address Space Layout Randomization (ASLR): An OS security defense that randomizes the base addresses of a process's stack, heap, and shared libraries on each execution, making it harder for an attacker to predict addresses for exploits like buffer overflows.

Question: Define Address Space Layout Randomization (ASLR).","An OS security defense that randomizes the base addresses of a process's stack, heap, and shared libraries on each execution, making it harder for an attacker to predict addresses for exploits like buffer overflows."
"You are an Operating Systems tutor. Answer ONLY using the exact textbook passages provided below. Do NOT add your own examples, do NOT invent information. If the answer is not in the provided text, reply EXACTLY with the word 'OUT_OF_CONTEXT' and nothing else.","Textbook passages:
SCAN disk scheduling moves the head in one direction, servicing every pending request it passes, continuing all the way to that end of the disk (cylinder 0 or the maximum cylinder) even if no request lies exactly there, then reverses direction and services the remaining requests on the other side, stopping once the last one is serviced.

Question: A disk has 200 cylinders (numbered 0 to 199). The disk head is currently at cylinder 102. The pending requests, in the order they arrived, are: 165, 15, 196, 22, 166, 146, 59, 136.

Using the SCAN (initial direction: increasing cylinder numbers) disk scheduling algorithm, determine the order in which the requests are serviced and compute the total head movement (in number of cylinders).","Service order: 102 -> 136 -> 146 -> 165 -> 166 -> 196 -> 59 -> 22 -> 15

Head movement per step: |136-102|=34 + |146-136|=10 + |165-146|=19 + |166-165|=1 + |196-166|=30 + |59-196|=137 + |22-59|=37 + |15-22|=7

Total head movement = 281 cylinders"
"You are an Operating Systems tutor. Answer ONLY using the exact textbook passages provided below. Do NOT add your own examples, do NOT invent information. If the answer is not in the provided text, reply EXACTLY with the word 'OUT_OF_CONTEXT' and nothing else.","Textbook passages:
A process is a program in execution. It is the fundamental unit of work in an operating system and includes the program code, current activity (program counter, registers), and associated resources such as memory and open files.

Question: What is the difference between a process and a program?","A program is a passive entity — static executable code stored on disk. A process is an active entity — a program in execution, with its own program counter, registers, memory space, and execution state. One program can be launched multiple times, creating multiple separate processes."
"You are an Operating Systems tutor. Answer ONLY using the exact textbook passages provided below. Do NOT add your own examples, do NOT invent information. If the answer is not in the provided text, reply EXACTLY with the word 'OUT_OF_CONTEXT' and nothing else.","Textbook passages:
When a page fault occurs and no free frame is available, the OS must select an existing page to evict from memory using a page-replacement algorithm, such as FIFO, LRU, or Optimal.

Question: What is the difference between local and global page replacement?","In local replacement, a process can only replace pages that belong to itself (from its own allocated frame set) when it faults, ensuring predictable performance per process but limiting its allocation to a fixed number of frames. In global replacement, a process can select a victim frame from any process in the system, which can lead to better overall throughput but means one process's paging behavior can affect the performance of unrelated processes."
"You are an Operating Systems tutor. Answer ONLY using the exact textbook passages provided below. Do NOT add your own examples, do NOT invent information. If the answer is not in the provided text, reply EXACTLY with the word 'OUT_OF_CONTEXT' and nothing else.","Textbook passages:
FCFS disk scheduling services pending I/O requests strictly in the order they arrived, regardless of cylinder position. Total head movement is the sum of the absolute differences between consecutively serviced cylinders, starting from the initial head position.

Question: A disk has 200 cylinders (numbered 0 to 199). The disk head is currently at cylinder 55. The pending requests, in the order they arrived, are: 140, 40, 104, 167, 121, 122.

Using the FCFS disk scheduling algorithm, determine the order in which the requests are serviced and compute the total head movement (in number of cylinders).","Service order: 55 -> 140 -> 40 -> 104 -> 167 -> 121 -> 122

Head movement per step: |140-55|=85 + |40-140|=100 + |104-40|=64 + |167-104|=63 + |121-167|=46 + |122-121|=1

Total head movement = 359 cylinders"
"You are an Operating Systems tutor. Answer ONLY using the exact textbook passages provided below. Do NOT add your own examples, do NOT invent information. If the answer is not in the provided text, reply EXACTLY with the word 'OUT_OF_CONTEXT' and nothing else.","Textbook passages:
Earliest Deadline First (EDF): A dynamic-priority real-time scheduling algorithm that always runs the ready task with the nearest absolute deadline; it is provably optimal and can guarantee schedulability up to 100% CPU utilization.

Question: Explain the term Earliest Deadline First (EDF) in the context of operating systems.",A dynamic-priority real-time scheduling algorithm that always runs the ready task with the nearest absolute deadline; it is provably optimal and can guarantee schedulability up to 100% CPU utilization.
"You are an Operating Systems tutor. Answer ONLY using the exact textbook passages provided below. Do NOT add your own examples, do NOT invent information. If the answer is not in the provided text, reply EXACTLY with the word 'OUT_OF_CONTEXT' and nothing else.","Textbook passages:
Shortest Job First (SJF, non-preemptive) scheduling selects, among all processes that have arrived and are ready, the one with the smallest CPU burst time to run next; once started it runs to completion. Ties are broken by earliest arrival time, then by process ID. Completion Time (CT) is when a process finishes; Turnaround Time (TAT) = CT − Arrival Time; Waiting Time (WT) = TAT − Burst Time.

Question: Consider the following processes with their arrival and burst times (all times in milliseconds):

Process | Arrival Time | Burst Time
-----------------------------------
P1      | 7            | 3
P2      | 1            | 4
P3      | 10            | 8
P4      | 6            | 8
P5      | 8            | 6

Using Shortest Job First (SJF, non-preemptive) scheduling, draw the Gantt chart and compute the Completion Time, Turnaround Time, and Waiting Time for each process. Also compute the average waiting time and average turnaround time.","Gantt Chart:
Idle[0-1] -> P2[1-5] -> Idle[5-6] -> P4[6-14] -> P1[14-17] -> P5[17-23] -> P3[23-31]

Process | CT | TAT (=CT-AT) | WT (=TAT-BT)
P1      | 17  | 10            | 7
P2      | 5  | 4            | 0
P3      | 31  | 21            | 13
P4      | 14  | 8            | 0
P5      | 23  | 15            | 9

Average Turnaround Time = (10 + 4 + 21 + 8 + 15) / 5 = 11.60 ms
Average Waiting Time = (7 + 0 + 13 + 0 + 9) / 5 = 5.80 ms"
"You are an Operating Systems tutor. Answer ONLY using the exact textbook passages provided below. Do NOT add your own examples, do NOT invent information. If the answer is not in the provided text, reply EXACTLY with the word 'OUT_OF_CONTEXT' and nothing else.","Textbook passages:
File allocation methods determine how disk blocks are allocated to files: contiguous allocation, linked allocation, and indexed allocation, each with different trade-offs for access speed and fragmentation.

Question: What is the FAT (File Allocation Table) method, and how does it relate to linked allocation?","FAT is a variation of linked allocation where, instead of storing the 'next block' pointer inside each data block itself, a separate table (the FAT) at the start of the disk holds one entry per block, pointing to the next block of each file. This keeps the pointer chain out of the data blocks and allows the whole FAT to be cached in memory for faster traversal, at the cost of needing to keep the FAT itself safe and space for it."
"You are an Operating Systems tutor. Answer ONLY using the exact textbook passages provided below. Do NOT add your own examples, do NOT invent information. If the answer is not in the provided text, reply EXACTLY with the word 'OUT_OF_CONTEXT' and nothing else.","Textbook passages:
Operating systems can be classified by how they schedule and share the CPU among users and processes: batch systems, multiprogrammed systems, time-sharing systems, real-time systems, and distributed systems, each suited to different workloads.

Question: What is multiprogramming and why is it used?","Multiprogramming is the technique of keeping multiple jobs in main memory simultaneously so that the CPU always has a job to execute. When one job needs to wait for I/O, the CPU switches to another job instead of sitting idle, which increases CPU utilization and system throughput."
"You are an Operating Systems tutor. Answer ONLY using the exact textbook passages provided below. Do NOT add your own examples, do NOT invent information. If the answer is not in the provided text, reply EXACTLY with the word 'OUT_OF_CONTEXT' and nothing else.","Textbook passages:
The Banker's algorithm avoids deadlock by only granting a resource request if the resulting state is 'safe'. A state is safe if there is some ordering (safe sequence) of all processes such that each process's remaining Need can be satisfied by the currently Available resources plus what is freed by processes earlier in the sequence. Need[i] = Max[i] - Allocation[i]. The safety algorithm repeatedly finds any unfinished process whose Need is <= Work (initially Available), 'runs' it (adding its Allocation back to Work), and marks it finished, until no more processes can be added (safe if all finish) or no more can be found (unsafe if any remain unfinished).

Question: A system has 4 processes (P0..P3) and 3 resource types (A, B, C). The current Allocation and Max matrices, and the Available vector, are:

Allocation:
Process | A  B  C
P0      | 2  4  1
P1      | 4  0  4
P2      | 3  6  1
P3      | 8  5  6

Max:
Process | A  B  C
P0      | 8  8  7
P1      | 9  6  6
P2      | 8  6  3
P3      | 8  7  7

Available: A=6, B=7, C=8

Compute the Need matrix, and using the Banker's algorithm, determine whether the system is currently in a safe state. If it is, give a valid safe sequence.","Need = Max - Allocation:
Process | A  B  C
P0      | 6  4  6
P1      | 5  6  2
P2      | 5  0  2
P3      | 0  2  1

Need[P0] = [6, 4, 6] <= Work [6, 7, 8] -> P0 can run; Work becomes [8, 11, 9]
Need[P1] = [5, 6, 2] <= Work [8, 11, 9] -> P1 can run; Work becomes [12, 11, 13]
Need[P2] = [5, 0, 2] <= Work [12, 11, 13] -> P2 can run; Work becomes [15, 17, 14]
Need[P3] = [0, 2, 1] <= Work [15, 17, 14] -> P3 can run; Work becomes [23, 22, 20]

All processes finish. The system IS in a safe state.
Safe sequence: P0 -> P1 -> P2 -> P3"
"You are an Operating Systems tutor. Answer ONLY using the exact textbook passages provided below. Do NOT add your own examples, do NOT invent information. If the answer is not in the provided text, reply EXACTLY with the word 'OUT_OF_CONTEXT' and nothing else.","Textbook passages:
Store buffer: A small per-core hardware structure that holds a core's own pending writes before they are committed to shared memory, allowing StoreLoad reordering where a core's later load can execute before its own earlier store becomes globally visible.

Question: Explain the term Store buffer in the context of operating systems.","A small per-core hardware structure that holds a core's own pending writes before they are committed to shared memory, allowing StoreLoad reordering where a core's later load can execute before its own earlier store becomes globally visible."
"You are an Operating Systems tutor. Answer ONLY using the exact textbook passages provided below. Do NOT add your own examples, do NOT invent information. If the answer is not in the provided text, reply EXACTLY with the word 'OUT_OF_CONTEXT' and nothing else.","Textbook passages:
First-Come, First-Served (FCFS) CPU scheduling allocates the CPU to processes strictly in order of arrival time, using a FIFO ready queue. It is non-preemptive: once a process starts running, it runs to completion. Ties in arrival time are broken by process ID order. Completion Time (CT) is when a process finishes; Turnaround Time (TAT) = CT − Arrival Time; Waiting Time (WT) = TAT − Burst Time.

Question: Consider the following processes with their arrival and burst times (all times in milliseconds):

Process | Arrival Time | Burst Time
-----------------------------------
P1      | 5            | 6
P2      | 1            | 4
P3      | 5            | 10

Using First-Come, First-Served (FCFS) scheduling, draw the Gantt chart and compute the Completion Time, Turnaround Time, and Waiting Time for each process. Also compute the average waiting time and average turnaround time.","Gantt Chart:
Idle[0-1] -> P2[1-5] -> P1[5-11] -> P3[11-21]

Process | CT | TAT (=CT-AT) | WT (=TAT-BT)
P1      | 11  | 6            | 0
P2      | 5  | 4            | 0
P3      | 21  | 16            | 6

Average Turnaround Time = (6 + 4 + 16) / 3 = 8.67 ms
Average Waiting Time = (0 + 0 + 6) / 3 = 2 ms"
"You are an Operating Systems tutor. Answer ONLY using the exact textbook passages provided below. Do NOT add your own examples, do NOT invent information. If the answer is not in the provided text, reply EXACTLY with the word 'OUT_OF_CONTEXT' and nothing else.","Textbook passages:
Segmentation is a memory management scheme that supports the programmer's view of memory as a collection of variable-sized logical segments, such as code, stack, and data, rather than a single linear array.

Question: What is segmentation, and how does it differ from paging?","Segmentation divides a process's logical address space into variable-sized, logically meaningful segments (e.g. code, data, stack, heap), each with its own base and limit. Paging divides memory into fixed-size pages/frames with no inherent logical meaning. Segmentation matches the programmer's logical view of a program but can suffer from external fragmentation (since segments are variable-sized), while paging avoids external fragmentation but has no logical structure."
"You are an Operating Systems tutor. Answer ONLY using the exact textbook passages provided below. Do NOT add your own examples, do NOT invent information. If the answer is not in the provided text, reply EXACTLY with the word 'OUT_OF_CONTEXT' and nothing else.","Textbook passages:
Processes are created dynamically using system calls such as fork() and exec() on Unix-like systems, and cooperating processes exchange data using inter-process communication (IPC) mechanisms such as shared memory and message passing.

Question: What is the difference between fork() and exec() in process creation?","fork() creates a new process (the child) by duplicating the calling (parent) process — the child gets a copy of the parent's memory, and after fork() both continue executing from the same point, distinguished by the return value (0 in the child, the child's PID in the parent). exec() replaces the calling process's own memory image (code, data, stack) with a new program, without creating a new process — commonly, a child calls fork() then immediately calls exec() to run a completely different program in place of its copy of the parent."
"You are an Operating Systems tutor. Answer ONLY using the exact textbook passages provided below. Do NOT add your own examples, do NOT invent information. If the answer is not in the provided text, reply EXACTLY with the word 'OUT_OF_CONTEXT' and nothing else.","Textbook passages:
An operating system (OS) is system software that acts as an intermediary between computer hardware and the user, managing hardware resources (CPU, memory, I/O devices, storage) and providing a convenient environment for executing programs. Its two primary goals are convenience for the user and efficient utilization of hardware resources.

Question: What is the currency used in Japan?",OUT_OF_CONTEXT
"You are an Operating Systems tutor. Answer ONLY using the exact textbook passages provided below. Do NOT add your own examples, do NOT invent information. If the answer is not in the provided text, reply EXACTLY with the word 'OUT_OF_CONTEXT' and nothing else.","Textbook passages:
First-Come, First-Served (FCFS) CPU scheduling allocates the CPU to processes strictly in order of arrival time, using a FIFO ready queue. It is non-preemptive: once a process starts running, it runs to completion. Ties in arrival time are broken by process ID order. Completion Time (CT) is when a process finishes; Turnaround Time (TAT) = CT − Arrival Time; Waiting Time (WT) = TAT − Burst Time.

Question: Consider the following processes with their arrival and burst times (all times in milliseconds):

Process | Arrival Time | Burst Time
-----------------------------------
P1      | 6            | 8
P2      | 1            | 10
P3      | 0            | 10

Using First-Come, First-Served (FCFS) scheduling, draw the Gantt chart and compute the Completion Time, Turnaround Time, and Waiting Time for each process. Also compute the average waiting time and average turnaround time.","Gantt Chart:
P3[0-10] -> P2[10-20] -> P1[20-28]

Process | CT | TAT (=CT-AT) | WT (=TAT-BT)
P1      | 28  | 22            | 14
P2      | 20  | 19            | 9
P3      | 10  | 10            | 0

Average Turnaround Time = (22 + 19 + 10) / 3 = 17 ms
Average Waiting Time = (14 + 9 + 0) / 3 = 7.67 ms"
"You are an Operating Systems tutor. Answer ONLY using the exact textbook passages provided below. Do NOT add your own examples, do NOT invent information. If the answer is not in the provided text, reply EXACTLY with the word 'OUT_OF_CONTEXT' and nothing else.","Textbook passages:
The Banker's algorithm avoids deadlock by only granting a resource request if the resulting state is 'safe'. A state is safe if there is some ordering (safe sequence) of all processes such that each process's remaining Need can be satisfied by the currently Available resources plus what is freed by processes earlier in the sequence. Need[i] = Max[i] - Allocation[i]. The safety algorithm repeatedly finds any unfinished process whose Need is <= Work (initially Available), 'runs' it (adding its Allocation back to Work), and marks it finished, until no more processes can be added (safe if all finish) or no more can be found (unsafe if any remain unfinished).

Question: A system has 3 processes (P0..P2) and 3 resource types (A, B, C). The current Allocation and Max matrices, and the Available vector, are:

Allocation:
Process | A  B  C
P0      | 0  2  1
P1      | 3  6  4
P2      | 0  3  3

Max:
Process | A  B  C
P0      | 8  3  4
P1      | 7  7  7
P2      | 8  7  5

Available: A=5, B=2, C=3

Process P2 now requests additional resources: A=1, B=4, C=0. Using the Banker's algorithm, determine whether this request can be granted immediately.","Need = Max - Allocation:
Process | A  B  C
P0      | 8  1  3
P1      | 4  1  3
P2      | 8  4  2

Step 1: Is Request <= Need[P2]? Request=[1, 4, 0], Need[P2]=[8, 4, 2]
-> Yes.

Step 2: Is Request <= Available? Request=[1, 4, 0], Available=[5, 2, 3]
-> No. Available cannot satisfy the request, so P2 must wait until enough resources are free."
"You are an Operating Systems tutor. Answer ONLY using the exact textbook passages provided below. Do NOT add your own examples, do NOT invent information. If the answer is not in the provided text, reply EXACTLY with the word 'OUT_OF_CONTEXT' and nothing else.","Textbook passages:
The Banker's algorithm avoids deadlock by only granting a resource request if the resulting state is 'safe'. A state is safe if there is some ordering (safe sequence) of all processes such that each process's remaining Need can be satisfied by the currently Available resources plus what is freed by processes earlier in the sequence. Need[i] = Max[i] - Allocation[i]. The safety algorithm repeatedly finds any unfinished process whose Need is <= Work (initially Available), 'runs' it (adding its Allocation back to Work), and marks it finished, until no more processes can be added (safe if all finish) or no more can be found (unsafe if any remain unfinished).

Question: A system has 3 processes (P0..P2) and 3 resource types (A, B, C). The current Allocation and Max matrices, and the Available vector, are:

Allocation:
Process | A  B  C
P0      | 0  8  6
P1      | 2  0  4
P2      | 6  2  4

Max:
Process | A  B  C
P0      | 4  9  6
P1      | 8  6  9
P2      | 7  9  5

Available: A=6, B=2, C=3

Process P0 now requests additional resources: A=0, B=0, C=0. Using the Banker's algorithm, determine whether this request can be granted immediately.","Need = Max - Allocation:
Process | A  B  C
P0      | 4  1  0
P1      | 6  6  5
P2      | 1  7  1

Step 1: Is Request <= Need[P0]? Request=[0, 0, 0], Need[P0]=[4, 1, 0]
-> Yes.

Step 2: Is Request <= Available? Request=[0, 0, 0], Available=[6, 2, 3]
-> Yes. Pretend to allocate and check safety of the resulting state.

Tentative new Available: [6, 2, 3]
The resulting state IS safe (safe sequence: P0 -> P1 -> P2). The request is GRANTED immediately."
"You are an Operating Systems tutor. Answer ONLY using the exact textbook passages provided below. Do NOT add your own examples, do NOT invent information. If the answer is not in the provided text, reply EXACTLY with the word 'OUT_OF_CONTEXT' and nothing else.","Textbook passages:
The Banker's algorithm avoids deadlock by only granting a resource request if the resulting state is 'safe'. A state is safe if there is some ordering (safe sequence) of all processes such that each process's remaining Need can be satisfied by the currently Available resources plus what is freed by processes earlier in the sequence. Need[i] = Max[i] - Allocation[i]. The safety algorithm repeatedly finds any unfinished process whose Need is <= Work (initially Available), 'runs' it (adding its Allocation back to Work), and marks it finished, until no more processes can be added (safe if all finish) or no more can be found (unsafe if any remain unfinished).

Question: A system has 3 processes (P0..P2) and 3 resource types (A, B, C). The current Allocation and Max matrices, and the Available vector, are:

Allocation:
Process | A  B  C
P0      | 2  6  1
P1      | 1  8  5
P2      | 0  1  6

Max:
Process | A  B  C
P0      | 4  7  4
P1      | 7  9  9
P2      | 6  8  7

Available: A=3, B=8, C=2

Process P2 now requests additional resources: A=4, B=8, C=1. Using the Banker's algorithm, determine whether this request can be granted immediately.","Need = Max - Allocation:
Process | A  B  C
P0      | 2  1  3
P1      | 6  1  4
P2      | 6  7  1

Step 1: Is Request <= Need[P2]? Request=[4, 8, 1], Need[P2]=[6, 7, 1]
-> No. The request exceeds P2's declared maximum need, which is an error condition. The request cannot be granted."
"You are an Operating Systems tutor. Answer ONLY using the exact textbook passages provided below. Do NOT add your own examples, do NOT invent information. If the answer is not in the provided text, reply EXACTLY with the word 'OUT_OF_CONTEXT' and nothing else.","Textbook passages:
FIFO page replacement evicts the page that has been resident in memory the longest, regardless of how recently or often it has been used, when a page fault occurs and all frames are full.

Question: A system uses 3 page frames and the FIFO page replacement algorithm. Given the page reference string:
0, 3, 0, 5, 5, 2, 1, 4, 0, 4

Determine, for each reference, whether it is a page hit or a page fault, show the resulting frame contents, and compute the total number of page faults and page hits.","Ref | Frame contents after this reference | Hit/Fault
0   | [0]                   | Fault
3   | [0, 3]                | Fault
0   | [0, 3]                | Hit
5   | [0, 3, 5]             | Fault
5   | [0, 3, 5]             | Hit
2   | [3, 5, 2]             | Fault
1   | [5, 2, 1]             | Fault
4   | [2, 1, 4]             | Fault
0   | [1, 4, 0]             | Fault
4   | [1, 4, 0]             | Hit

Total references = 10
Total page faults = 7
Total page hits = 3
Page fault rate = 7/10 = 0.70"
"You are an Operating Systems tutor. Answer ONLY using the exact textbook passages provided below. Do NOT add your own examples, do NOT invent information. If the answer is not in the provided text, reply EXACTLY with the word 'OUT_OF_CONTEXT' and nothing else.","Textbook passages:
The Banker's algorithm avoids deadlock by only granting a resource request if the resulting state is 'safe'. A state is safe if there is some ordering (safe sequence) of all processes such that each process's remaining Need can be satisfied by the currently Available resources plus what is freed by processes earlier in the sequence. Need[i] = Max[i] - Allocation[i]. The safety algorithm repeatedly finds any unfinished process whose Need is <= Work (initially Available), 'runs' it (adding its Allocation back to Work), and marks it finished, until no more processes can be added (safe if all finish) or no more can be found (unsafe if any remain unfinished).

Question: A system has 4 processes (P0..P3) and 2 resource types (A, B). The current Allocation and Max matrices, and the Available vector, are:

Allocation:
Process | A  B
P0      | 0  2
P1      | 2  2
P2      | 1  6
P3      | 2  1

Max:
Process | A  B
P0      | 6  3
P1      | 4  6
P2      | 3  8
P3      | 9  3

Available: A=2, B=6

Compute the Need matrix, and using the Banker's algorithm, determine whether the system is currently in a safe state. If it is, give a valid safe sequence.","Need = Max - Allocation:
Process | A  B
P0      | 6  1
P1      | 2  4
P2      | 2  2
P3      | 7  2

No unfinished process has Need <= Work at any point, so no process beyond the ones above can be scheduled. The system is NOT in a safe state (it may deadlock)."
"You are an Operating Systems tutor. Answer ONLY using the exact textbook passages provided below. Do NOT add your own examples, do NOT invent information. If the answer is not in the provided text, reply EXACTLY with the word 'OUT_OF_CONTEXT' and nothing else.","Textbook passages:
Livelock: A situation where two or more processes continuously change their state in response to each other without making any real progress, unlike deadlock where they are simply blocked.

Question: Explain the term Livelock in the context of operating systems.","A situation where two or more processes continuously change their state in response to each other without making any real progress, unlike deadlock where they are simply blocked."
"You are an Operating Systems tutor. Answer ONLY using the exact textbook passages provided below. Do NOT add your own examples, do NOT invent information. If the answer is not in the provided text, reply EXACTLY with the word 'OUT_OF_CONTEXT' and nothing else.","Textbook passages:
In a paged memory system, a logical address is split into a page number and an offset: page number = logical address // page size; offset = logical address % page size. The page table maps each page number to a physical frame number. The physical address is computed as: physical address = (frame number x page size) + offset.

Question: A system uses paging with a page size of 1024 bytes. A process has 7 pages, with the following page table: page 0 -> frame 4, page 1 -> frame 6, page 2 -> frame 0, page 3 -> frame 2, page 4 -> frame 9, page 5 -> frame 3, page 6 -> frame 8.

For the logical address 3352, determine: (a) the page number, (b) the offset within the page, (c) the corresponding frame number, and (d) the resulting physical address.","(a) Page number = logical address // page size = 3352 // 1024 = 3
(b) Offset = logical address % page size = 3352 % 1024 = 280
(c) From the page table, page 3 -> frame 2
(d) Physical address = (frame number x page size) + offset = (2 x 1024) + 280 = 2328"
"You are an Operating Systems tutor. Answer ONLY using the exact textbook passages provided below. Do NOT add your own examples, do NOT invent information. If the answer is not in the provided text, reply EXACTLY with the word 'OUT_OF_CONTEXT' and nothing else.","Textbook passages:
The Banker's algorithm avoids deadlock by only granting a resource request if the resulting state is 'safe'. A state is safe if there is some ordering (safe sequence) of all processes such that each process's remaining Need can be satisfied by the currently Available resources plus what is freed by processes earlier in the sequence. Need[i] = Max[i] - Allocation[i]. The safety algorithm repeatedly finds any unfinished process whose Need is <= Work (initially Available), 'runs' it (adding its Allocation back to Work), and marks it finished, until no more processes can be added (safe if all finish) or no more can be found (unsafe if any remain unfinished).

Question: A system has 4 processes (P0..P3) and 2 resource types (A, B). The current Allocation and Max matrices, and the Available vector, are:

Allocation:
Process | A  B
P0      | 2  4
P1      | 1  0
P2      | 3  7
P3      | 1  1

Max:
Process | A  B
P0      | 3  8
P1      | 4  5
P2      | 6  7
P3      | 3  8

Available: A=5, B=2

Compute the Need matrix, and using the Banker's algorithm, determine whether the system is currently in a safe state. If it is, give a valid safe sequence.","Need = Max - Allocation:
Process | A  B
P0      | 1  4
P1      | 3  5
P2      | 3  0
P3      | 2  7

Need[P2] = [3, 0] <= Work [5, 2] -> P2 can run; Work becomes [8, 9]
Need[P3] = [2, 7] <= Work [8, 9] -> P3 can run; Work becomes [9, 10]
Need[P0] = [1, 4] <= Work [9, 10] -> P0 can run; Work becomes [11, 14]
Need[P1] = [3, 5] <= Work [11, 14] -> P1 can run; Work becomes [12, 14]

All processes finish. The system IS in a safe state.
Safe sequence: P2 -> P3 -> P0 -> P1"
"You are an Operating Systems tutor. Answer ONLY using the exact textbook passages provided below. Do NOT add your own examples, do NOT invent information. If the answer is not in the provided text, reply EXACTLY with the word 'OUT_OF_CONTEXT' and nothing else.","Textbook passages:
A thread is the basic unit of CPU utilization, comprising a thread ID, program counter, register set, and stack. Multiple threads within the same process share the process's code section, data section, and other OS resources like open files.

Question: Who won the FIFA World Cup in 2018?",OUT_OF_CONTEXT
"You are an Operating Systems tutor. Answer ONLY using the exact textbook passages provided below. Do NOT add your own examples, do NOT invent information. If the answer is not in the provided text, reply EXACTLY with the word 'OUT_OF_CONTEXT' and nothing else.","Textbook passages:
The Banker's algorithm avoids deadlock by only granting a resource request if the resulting state is 'safe'. A state is safe if there is some ordering (safe sequence) of all processes such that each process's remaining Need can be satisfied by the currently Available resources plus what is freed by processes earlier in the sequence. Need[i] = Max[i] - Allocation[i]. The safety algorithm repeatedly finds any unfinished process whose Need is <= Work (initially Available), 'runs' it (adding its Allocation back to Work), and marks it finished, until no more processes can be added (safe if all finish) or no more can be found (unsafe if any remain unfinished).

Question: A system has 4 processes (P0..P3) and 2 resource types (A, B). The current Allocation and Max matrices, and the Available vector, are:

Allocation:
Process | A  B
P0      | 5  3
P1      | 5  2
P2      | 1  8
P3      | 5  9

Max:
Process | A  B
P0      | 5  5
P1      | 5  4
P2      | 4  8
P3      | 6  9

Available: A=8, B=4

Process P1 now requests additional resources: A=0, B=1. Using the Banker's algorithm, determine whether this request can be granted immediately.","Need = Max - Allocation:
Process | A  B
P0      | 0  2
P1      | 0  2
P2      | 3  0
P3      | 1  0

Step 1: Is Request <= Need[P1]? Request=[0, 1], Need[P1]=[0, 2]
-> Yes.

Step 2: Is Request <= Available? Request=[0, 1], Available=[8, 4]
-> Yes. Pretend to allocate and check safety of the resulting state.

Tentative new Available: [8, 3]
The resulting state IS safe (safe sequence: P0 -> P1 -> P2 -> P3). The request is GRANTED immediately."
"You are an Operating Systems tutor. Answer ONLY using the exact textbook passages provided below. Do NOT add your own examples, do NOT invent information. If the answer is not in the provided text, reply EXACTLY with the word 'OUT_OF_CONTEXT' and nothing else.","Textbook passages:
LRU (Least Recently Used) page replacement evicts the page that has not been referenced for the longest time, when a page fault occurs and all frames are full — it uses the recent past as an approximation of the near future.

Question: A system uses 3 page frames and the LRU page replacement algorithm. Given the page reference string:
3, 1, 5, 5, 0, 4, 2, 0, 4, 4, 4, 4, 4, 0

Determine, for each reference, whether it is a page hit or a page fault, show the resulting frame contents, and compute the total number of page faults and page hits.","Ref | Frame contents after this reference | Hit/Fault
3   | [3]                   | Fault
1   | [3, 1]                | Fault
5   | [3, 1, 5]             | Fault
5   | [3, 1, 5]             | Hit
0   | [1, 5, 0]             | Fault
4   | [5, 0, 4]             | Fault
2   | [0, 4, 2]             | Fault
0   | [4, 2, 0]             | Hit
4   | [2, 0, 4]             | Hit
4   | [2, 0, 4]             | Hit
4   | [2, 0, 4]             | Hit
4   | [2, 0, 4]             | Hit
4   | [2, 0, 4]             | Hit
0   | [2, 4, 0]             | Hit

Total references = 14
Total page faults = 6
Total page hits = 8
Page fault rate = 6/14 = 0.43"
"You are an Operating Systems tutor. Answer ONLY using the exact textbook passages provided below. Do NOT add your own examples, do NOT invent information. If the answer is not in the provided text, reply EXACTLY with the word 'OUT_OF_CONTEXT' and nothing else.","Textbook passages:
Disk scheduling algorithms decide the order in which pending I/O requests (each targeting a specific cylinder) are serviced, aiming to minimize total head movement and/or provide fairness.

Question: What is the difference between SCAN and LOOK (and C-SCAN vs C-LOOK)?","SCAN/C-SCAN always move the head all the way to the physical end of the disk before reversing (or jumping back), even if there are no requests out there. LOOK/C-LOOK only go as far as the last request in the current direction before reversing (or jumping back), avoiding unnecessary head movement to the very edge of the disk when no requests exist there — making them slightly more efficient in practice."
"You are an Operating Systems tutor. Answer ONLY using the exact textbook passages provided below. Do NOT add your own examples, do NOT invent information. If the answer is not in the provided text, reply EXACTLY with the word 'OUT_OF_CONTEXT' and nothing else.","Textbook passages:
Each core has its own private TLB caching virtual-to-physical translations, and TLBs are not automatically kept coherent with page-table memory the way data caches are coherent via MESI. When the kernel changes a page table entry that other cores may have cached (e.g. during page migration, compaction, or swap-out), it must perform a TLB shootdown: an Inter-Processor Interrupt (IPI) to every core that might hold a stale translation, forcing each to flush it, before the physical frame can safely be reused.

Question: Walk through the step-by-step architectural mechanism the kernel uses to orchestrate a TLB shootdown across multiple cores. What hardware-level communication protocol interrupts the other cores?","(1) Core 1 updates (or clears) the page table entry in memory first, so any future TLB miss on any core picks up the correct, fresh translation. (2) Core 1 determines which cores could plausibly have this mapping cached — not a broadcast to every core in the system, but the process's tracked cpumask (Linux calls this mm_cpumask: the set of cores the process has actually run on recently), as a targeting optimization. (3) Core 1 sends an Inter-Processor Interrupt (IPI) to exactly those cores — the hardware communication protocol: on x86, Core 1 writes to its Local APIC's Interrupt Command Register (ICR) specifying the destination core(s) and interrupt vector, and the APIC hardware delivers a genuine hardware interrupt to each target core almost immediately, even preempting user-mode execution (ARM's equivalent is an SGI, Software Generated Interrupt, via the GIC). (4) Each target core's registered IPI handler runs, executing a local TLB invalidation — either a single-address INVLPG, or a full flush (reloading CR3) if many entries are affected. (5) Each target core signals completion back to Core 1, typically via a shared atomic counter or bitmap. (6) Core 1 BLOCKS until every target core has acknowledged completion before proceeding — it must not let the reclaimed physical frame be reused for anything else until it is certain no core can still reach it via a stale TLB entry."
"You are an Operating Systems tutor. Answer ONLY using the exact textbook passages provided below. Do NOT add your own examples, do NOT invent information. If the answer is not in the provided text, reply EXACTLY with the word 'OUT_OF_CONTEXT' and nothing else.","Textbook passages:
Processes are created dynamically using system calls such as fork() and exec() on Unix-like systems, and cooperating processes exchange data using inter-process communication (IPC) mechanisms such as shared memory and message passing.

Question: What is the difference between a pipe and shared memory for IPC?","A pipe is a unidirectional communication channel managed by the kernel, where one process writes bytes in and another reads them out in FIFO order — simple and safe, but every byte transferred goes through a kernel-mediated buffer, adding overhead. Shared memory maps the same physical memory region into both processes' address spaces, letting them read/write directly without kernel involvement per operation — much faster for large or frequent data exchange, but requires explicit application-level synchronization."
"You are an Operating Systems tutor. Answer ONLY using the exact textbook passages provided below. Do NOT add your own examples, do NOT invent information. If the answer is not in the provided text, reply EXACTLY with the word 'OUT_OF_CONTEXT' and nothing else.","Textbook passages:
Round Robin (RR) scheduling is designed for time-sharing systems. Each process is given a small fixed unit of CPU time called a time quantum, and the ready queue is treated as a circular queue.

Question: How does the size of the time quantum affect Round Robin's performance?","If the quantum is too large, RR behaves like FCFS (poor response time for interactive processes). If the quantum is too small, context-switching overhead dominates and throughput drops significantly. A good rule of thumb is choosing a quantum where about 80% of CPU bursts are shorter than it."
"You are an Operating Systems tutor. Answer ONLY using the exact textbook passages provided below. Do NOT add your own examples, do NOT invent information. If the answer is not in the provided text, reply EXACTLY with the word 'OUT_OF_CONTEXT' and nothing else.","Textbook passages:
Multiprogramming: Keeping multiple jobs in main memory simultaneously so the CPU can switch to another job whenever the current one needs to wait for I/O, maximizing CPU utilization.

Question: Define Multiprogramming.","Keeping multiple jobs in main memory simultaneously so the CPU can switch to another job whenever the current one needs to wait for I/O, maximizing CPU utilization."
"You are an Operating Systems tutor. Answer ONLY using the exact textbook passages provided below. Do NOT add your own examples, do NOT invent information. If the answer is not in the provided text, reply EXACTLY with the word 'OUT_OF_CONTEXT' and nothing else.","Textbook passages:
The statement 'counter++' is not atomic at the machine-instruction level: it typically compiles to a separate load, add, and store, and a race between two threads executing these instructions concurrently can silently lose an update.

Question: What is the speed of light in a vacuum?",OUT_OF_CONTEXT
"You are an Operating Systems tutor. Answer ONLY using the exact textbook passages provided below. Do NOT add your own examples, do NOT invent information. If the answer is not in the provided text, reply EXACTLY with the word 'OUT_OF_CONTEXT' and nothing else.","Textbook passages:
Thrashing: A state where a system spends more time swapping/paging than executing actual process instructions, caused by insufficient physical memory for the active working sets.

Question: Explain the term Thrashing in the context of operating systems.","A state where a system spends more time swapping/paging than executing actual process instructions, caused by insufficient physical memory for the active working sets."
"You are an Operating Systems tutor. Answer ONLY using the exact textbook passages provided below. Do NOT add your own examples, do NOT invent information. If the answer is not in the provided text, reply EXACTLY with the word 'OUT_OF_CONTEXT' and nothing else.","Textbook passages:
Once a deadlock is detected, an operating system can recover from it either by terminating one or more deadlocked processes or by preempting resources from them.

Question: What are the two main approaches to deadlock recovery once a deadlock is detected?","(1) Process termination — abort all deadlocked processes at once (simple but wasteful), or abort them one at a time until the deadlock cycle is broken (safer but requires re-running detection after each abort). (2) Resource preemption — successively preempt resources from some processes and give them to others until the deadlock cycle is broken, while addressing the issues of selecting a victim, rollback, and starvation."
"You are an Operating Systems tutor. Answer ONLY using the exact textbook passages provided below. Do NOT add your own examples, do NOT invent information. If the answer is not in the provided text, reply EXACTLY with the word 'OUT_OF_CONTEXT' and nothing else.","Textbook passages:
Round Robin (RR) scheduling is designed for time-sharing systems. Each process is given a small fixed unit of CPU time called a time quantum, and the ready queue is treated as a circular queue.

Question: Is Round Robin preemptive or non-preemptive, and why is it well suited to time-sharing systems?","Round Robin is preemptive — the timer interrupts the running process when its quantum expires. It suits time-sharing systems because every process gets a fair, bounded share of CPU time repeatedly, giving good response time to interactive users even under heavy load."
"You are an Operating Systems tutor. Answer ONLY using the exact textbook passages provided below. Do NOT add your own examples, do NOT invent information. If the answer is not in the provided text, reply EXACTLY with the word 'OUT_OF_CONTEXT' and nothing else.","Textbook passages:
SSTF (Shortest Seek Time First) disk scheduling always services the pending request whose cylinder is closest to the disk head's current position next, minimizing each individual seek.

Question: A disk has 200 cylinders (numbered 0 to 199). The disk head is currently at cylinder 60. The pending requests, in the order they arrived, are: 147, 184, 80, 48, 195, 40, 127, 131.

Using the SSTF disk scheduling algorithm, determine the order in which the requests are serviced and compute the total head movement (in number of cylinders).","Service order: 60 -> 48 -> 40 -> 80 -> 127 -> 131 -> 147 -> 184 -> 195

Head movement per step: |48-60|=12 + |40-48|=8 + |80-40|=40 + |127-80|=47 + |131-127|=4 + |147-131|=16 + |184-147|=37 + |195-184|=11

Total head movement = 175 cylinders"
"You are an Operating Systems tutor. Answer ONLY using the exact textbook passages provided below. Do NOT add your own examples, do NOT invent information. If the answer is not in the provided text, reply EXACTLY with the word 'OUT_OF_CONTEXT' and nothing else.","Textbook passages:
In a paged memory system, a logical address is split into a page number and an offset: page number = logical address // page size; offset = logical address % page size. The page table maps each page number to a physical frame number. The physical address is computed as: physical address = (frame number x page size) + offset.

Question: A system uses paging with a page size of 256 bytes. A process has 4 pages, with the following page table: page 0 -> frame 2, page 1 -> frame 10, page 2 -> frame 11, page 3 -> frame 5.

For the logical address 732, determine: (a) the page number, (b) the offset within the page, (c) the corresponding frame number, and (d) the resulting physical address.","(a) Page number = logical address // page size = 732 // 256 = 2
(b) Offset = logical address % page size = 732 % 256 = 220
(c) From the page table, page 2 -> frame 11
(d) Physical address = (frame number x page size) + offset = (11 x 256) + 220 = 3036"
"You are an Operating Systems tutor. Answer ONLY using the exact textbook passages provided below. Do NOT add your own examples, do NOT invent information. If the answer is not in the provided text, reply EXACTLY with the word 'OUT_OF_CONTEXT' and nothing else.","Textbook passages:
On a multicore system, each core has its own private cache; without coordination, two cores could each cache a different copy of the same memory location. Cache coherence protocols like MESI (Modified, Exclusive, Shared, Invalid) keep caches consistent by tagging each cache line with a state and broadcasting invalidations on writes.

Question: How do you bake a chocolate cake?",OUT_OF_CONTEXT
"You are an Operating Systems tutor. Answer ONLY using the exact textbook passages provided below. Do NOT add your own examples, do NOT invent information. If the answer is not in the provided text, reply EXACTLY with the word 'OUT_OF_CONTEXT' and nothing else.","Textbook passages:
Mutual exclusion: The requirement that only one process/thread can execute in a critical section (accessing a shared resource) at any given time.

Question: Explain the term Mutual exclusion in the context of operating systems.",The requirement that only one process/thread can execute in a critical section (accessing a shared resource) at any given time.
"You are an Operating Systems tutor. Answer ONLY using the exact textbook passages provided below. Do NOT add your own examples, do NOT invent information. If the answer is not in the provided text, reply EXACTLY with the word 'OUT_OF_CONTEXT' and nothing else.","Textbook passages:
LRU (Least Recently Used) page replacement evicts the page that has not been referenced for the longest time, when a page fault occurs and all frames are full — it uses the recent past as an approximation of the near future.

Question: A system uses 3 page frames and the LRU page replacement algorithm. Given the page reference string:
4, 5, 2, 0, 3, 5, 0, 3, 0, 3, 0, 2, 4, 3

Determine, for each reference, whether it is a page hit or a page fault, show the resulting frame contents, and compute the total number of page faults and page hits.","Ref | Frame contents after this reference | Hit/Fault
4   | [4]                   | Fault
5   | [4, 5]                | Fault
2   | [4, 5, 2]             | Fault
0   | [5, 2, 0]             | Fault
3   | [2, 0, 3]             | Fault
5   | [0, 3, 5]             | Fault
0   | [3, 5, 0]             | Hit
3   | [5, 0, 3]             | Hit
0   | [5, 3, 0]             | Hit
3   | [5, 0, 3]             | Hit
0   | [5, 3, 0]             | Hit
2   | [3, 0, 2]             | Fault
4   | [0, 2, 4]             | Fault
3   | [2, 4, 3]             | Fault

Total references = 14
Total page faults = 9
Total page hits = 5
Page fault rate = 9/14 = 0.64"
"You are an Operating Systems tutor. Answer ONLY using the exact textbook passages provided below. Do NOT add your own examples, do NOT invent information. If the answer is not in the provided text, reply EXACTLY with the word 'OUT_OF_CONTEXT' and nothing else.","Textbook passages:
A thread is the basic unit of CPU utilization, comprising a thread ID, program counter, register set, and stack. Multiple threads within the same process share the process's code section, data section, and other OS resources like open files.

Question: What are the benefits of multithreading?","Responsiveness (a program can continue running even if part of it is blocked), resource sharing (threads share memory and resources of the process, cheaper than separate processes), economy (creating and context-switching threads is cheaper than processes), and scalability (threads can run in parallel on multicore systems)."
"You are an Operating Systems tutor. Answer ONLY using the exact textbook passages provided below. Do NOT add your own examples, do NOT invent information. If the answer is not in the provided text, reply EXACTLY with the word 'OUT_OF_CONTEXT' and nothing else.","Textbook passages:
FIFO page replacement evicts the page that has been resident in memory the longest, regardless of how recently or often it has been used, when a page fault occurs and all frames are full.

Question: A system uses 3 page frames and the FIFO page replacement algorithm. Given the page reference string:
4, 1, 4, 3, 1, 1, 1, 5, 4, 1, 5, 3

Determine, for each reference, whether it is a page hit or a page fault, show the resulting frame contents, and compute the total number of page faults and page hits.","Ref | Frame contents after this reference | Hit/Fault
4   | [4]                   | Fault
1   | [4, 1]                | Fault
4   | [4, 1]                | Hit
3   | [4, 1, 3]             | Fault
1   | [4, 1, 3]             | Hit
1   | [4, 1, 3]             | Hit
1   | [4, 1, 3]             | Hit
5   | [1, 3, 5]             | Fault
4   | [3, 5, 4]             | Fault
1   | [5, 4, 1]             | Fault
5   | [5, 4, 1]             | Hit
3   | [4, 1, 3]             | Fault

Total references = 12
Total page faults = 7
Total page hits = 5
Page fault rate = 7/12 = 0.58"
"You are an Operating Systems tutor. Answer ONLY using the exact textbook passages provided below. Do NOT add your own examples, do NOT invent information. If the answer is not in the provided text, reply EXACTLY with the word 'OUT_OF_CONTEXT' and nothing else.","Textbook passages:
The Banker's algorithm avoids deadlock by only granting a resource request if the resulting state is 'safe'. A state is safe if there is some ordering (safe sequence) of all processes such that each process's remaining Need can be satisfied by the currently Available resources plus what is freed by processes earlier in the sequence. Need[i] = Max[i] - Allocation[i]. The safety algorithm repeatedly finds any unfinished process whose Need is <= Work (initially Available), 'runs' it (adding its Allocation back to Work), and marks it finished, until no more processes can be added (safe if all finish) or no more can be found (unsafe if any remain unfinished).

Question: A system has 5 processes (P0..P4) and 3 resource types (A, B, C). The current Allocation and Max matrices, and the Available vector, are:

Allocation:
Process | A  B  C
P0      | 4  2  5
P1      | 7  3  5
P2      | 4  0  6
P3      | 0  7  5
P4      | 1  3  1

Max:
Process | A  B  C
P0      | 6  4  7
P1      | 8  5  8
P2      | 6  6  6
P3      | 3  8  9
P4      | 9  3  6

Available: A=5, B=8, C=3

Process P2 now requests additional resources: A=1, B=2, C=0. Using the Banker's algorithm, determine whether this request can be granted immediately.","Need = Max - Allocation:
Process | A  B  C
P0      | 2  2  2
P1      | 1  2  3
P2      | 2  6  0
P3      | 3  1  4
P4      | 8  0  5

Step 1: Is Request <= Need[P2]? Request=[1, 2, 0], Need[P2]=[2, 6, 0]
-> Yes.

Step 2: Is Request <= Available? Request=[1, 2, 0], Available=[5, 8, 3]
-> Yes. Pretend to allocate and check safety of the resulting state.

Tentative new Available: [4, 6, 3]
The resulting state IS safe (safe sequence: P0 -> P1 -> P2 -> P3 -> P4). The request is GRANTED immediately."
"You are an Operating Systems tutor. Answer ONLY using the exact textbook passages provided below. Do NOT add your own examples, do NOT invent information. If the answer is not in the provided text, reply EXACTLY with the word 'OUT_OF_CONTEXT' and nothing else.","Textbook passages:
Shortest Job First (SJF, non-preemptive) scheduling selects, among all processes that have arrived and are ready, the one with the smallest CPU burst time to run next; once started it runs to completion. Ties are broken by earliest arrival time, then by process ID. Completion Time (CT) is when a process finishes; Turnaround Time (TAT) = CT − Arrival Time; Waiting Time (WT) = TAT − Burst Time.

Question: Consider the following processes with their arrival and burst times (all times in milliseconds):

Process | Arrival Time | Burst Time
-----------------------------------
P1      | 0            | 4
P2      | 6            | 12
P3      | 4            | 4
P4      | 6            | 2

Using Shortest Job First (SJF, non-preemptive) scheduling, draw the Gantt chart and compute the Completion Time, Turnaround Time, and Waiting Time for each process. Also compute the average waiting time and average turnaround time.","Gantt Chart:
P1[0-4] -> P3[4-8] -> P4[8-10] -> P2[10-22]

Process | CT | TAT (=CT-AT) | WT (=TAT-BT)
P1      | 4  | 4            | 0
P2      | 22  | 16            | 4
P3      | 8  | 4            | 0
P4      | 10  | 4            | 2

Average Turnaround Time = (4 + 16 + 4 + 4) / 4 = 7 ms
Average Waiting Time = (0 + 4 + 0 + 2) / 4 = 1.50 ms"
"You are an Operating Systems tutor. Answer ONLY using the exact textbook passages provided below. Do NOT add your own examples, do NOT invent information. If the answer is not in the provided text, reply EXACTLY with the word 'OUT_OF_CONTEXT' and nothing else.","Textbook passages:
Once a deadlock is detected, an operating system can recover from it either by terminating one or more deadlocked processes or by preempting resources from them.

Question: What is the square root of 256?",OUT_OF_CONTEXT
"You are an Operating Systems tutor. Answer ONLY using the exact textbook passages provided below. Do NOT add your own examples, do NOT invent information. If the answer is not in the provided text, reply EXACTLY with the word 'OUT_OF_CONTEXT' and nothing else.","Textbook passages:
NUMA (Non-Uniform Memory Access): A multi-socket memory architecture where each socket has its own directly-attached memory node, and accessing another socket's (remote) node over the inter-socket interconnect is slower than accessing the local node.

Question: What is NUMA (Non-Uniform Memory Access)?","A multi-socket memory architecture where each socket has its own directly-attached memory node, and accessing another socket's (remote) node over the inter-socket interconnect is slower than accessing the local node."
"You are an Operating Systems tutor. Answer ONLY using the exact textbook passages provided below. Do NOT add your own examples, do NOT invent information. If the answer is not in the provided text, reply EXACTLY with the word 'OUT_OF_CONTEXT' and nothing else.","Textbook passages:
Optimal (MIN/Belady's) page replacement evicts the page that will not be used again for the longest time in the future (or never used again), when a page fault occurs and all frames are full. It gives the theoretical minimum number of page faults but requires advance knowledge of the full reference string.

Question: A system uses 4 page frames and the Optimal page replacement algorithm. Given the page reference string:
3, 0, 1, 1, 5, 5, 5, 3, 4, 2

Determine, for each reference, whether it is a page hit or a page fault, show the resulting frame contents, and compute the total number of page faults and page hits.","Ref | Frame contents after this reference | Hit/Fault
3   | [3]                   | Fault
0   | [3, 0]                | Fault
1   | [3, 0, 1]             | Fault
1   | [3, 0, 1]             | Hit
5   | [3, 0, 1, 5]          | Fault
5   | [3, 0, 1, 5]          | Hit
5   | [3, 0, 1, 5]          | Hit
3   | [3, 0, 1, 5]          | Hit
4   | [0, 1, 5, 4]          | Fault
2   | [1, 5, 4, 2]          | Fault

Total references = 10
Total page faults = 6
Total page hits = 4
Page fault rate = 6/10 = 0.60"
"You are an Operating Systems tutor. Answer ONLY using the exact textbook passages provided below. Do NOT add your own examples, do NOT invent information. If the answer is not in the provided text, reply EXACTLY with the word 'OUT_OF_CONTEXT' and nothing else.","Textbook passages:
Daemon process: A background process that runs without direct user interaction, typically providing a system service (e.g. a print spooler or web server).

Question: What is Daemon process?","A background process that runs without direct user interaction, typically providing a system service (e.g. a print spooler or web server)."
"You are an Operating Systems tutor. Answer ONLY using the exact textbook passages provided below. Do NOT add your own examples, do NOT invent information. If the answer is not in the provided text, reply EXACTLY with the word 'OUT_OF_CONTEXT' and nothing else.","Textbook passages:
FIFO page replacement evicts the page that has been resident in memory the longest, regardless of how recently or often it has been used, when a page fault occurs and all frames are full.

Question: A system uses 4 page frames and the FIFO page replacement algorithm. Given the page reference string:
5, 2, 0, 0, 2, 0, 2, 2, 2, 3, 1

Determine, for each reference, whether it is a page hit or a page fault, show the resulting frame contents, and compute the total number of page faults and page hits.","Ref | Frame contents after this reference | Hit/Fault
5   | [5]                   | Fault
2   | [5, 2]                | Fault
0   | [5, 2, 0]             | Fault
0   | [5, 2, 0]             | Hit
2   | [5, 2, 0]             | Hit
0   | [5, 2, 0]             | Hit
2   | [5, 2, 0]             | Hit
2   | [5, 2, 0]             | Hit
2   | [5, 2, 0]             | Hit
3   | [5, 2, 0, 3]          | Fault
1   | [2, 0, 3, 1]          | Fault

Total references = 11
Total page faults = 5
Total page hits = 6
Page fault rate = 5/11 = 0.45"
"You are an Operating Systems tutor. Answer ONLY using the exact textbook passages provided below. Do NOT add your own examples, do NOT invent information. If the answer is not in the provided text, reply EXACTLY with the word 'OUT_OF_CONTEXT' and nothing else.","Textbook passages:
Reference bit: A page table entry flag set by hardware whenever a page is accessed, used by approximation algorithms like Second-Chance/Clock to estimate recent usage for page replacement.

Question: Explain the term Reference bit in the context of operating systems.","A page table entry flag set by hardware whenever a page is accessed, used by approximation algorithms like Second-Chance/Clock to estimate recent usage for page replacement."
"You are an Operating Systems tutor. Answer ONLY using the exact textbook passages provided below. Do NOT add your own examples, do NOT invent information. If the answer is not in the provided text, reply EXACTLY with the word 'OUT_OF_CONTEXT' and nothing else.","Textbook passages:
C-LOOK disk scheduling behaves like C-SCAN, but instead of jumping to the physical end of the disk, the head jumps directly to the closest pending request on the other side, avoiding unnecessary movement to an empty boundary.

Question: A disk has 200 cylinders (numbered 0 to 199). The disk head is currently at cylinder 50. The pending requests, in the order they arrived, are: 94, 157, 56, 34, 122, 39, 116, 191.

Using the C-LOOK (initial direction: decreasing cylinder numbers) disk scheduling algorithm, determine the order in which the requests are serviced and compute the total head movement (in number of cylinders).","Service order: 50 -> 39 -> 34 -> 191 -> 157 -> 122 -> 116 -> 94 -> 56

Head movement per step: |39-50|=11 + |34-39|=5 + |191-34|=157 + |157-191|=34 + |122-157|=35 + |116-122|=6 + |94-116|=22 + |56-94|=38

Total head movement = 308 cylinders"
"You are an Operating Systems tutor. Answer ONLY using the exact textbook passages provided below. Do NOT add your own examples, do NOT invent information. If the answer is not in the provided text, reply EXACTLY with the word 'OUT_OF_CONTEXT' and nothing else.","Textbook passages:
Modern disks are addressed as large one-dimensional arrays of logical blocks. Disk performance depends primarily on seek time (moving the disk arm to the correct cylinder), rotational latency (waiting for the desired sector to rotate under the head), and transfer time.

Question: Why do disk-scheduling algorithms mainly try to minimize total seek time (head movement)?","Because seek time is typically the dominant, most variable, and most controllable component of disk access latency (rotational latency and transfer time are largely fixed by the hardware's rotation speed and are largely unaffected by request order). Minimizing the total distance the disk head moves across all pending requests directly reduces overall I/O completion time and increases disk throughput."
"You are an Operating Systems tutor. Answer ONLY using the exact textbook passages provided below. Do NOT add your own examples, do NOT invent information. If the answer is not in the provided text, reply EXACTLY with the word 'OUT_OF_CONTEXT' and nothing else.","Textbook passages:
The critical-section problem is to design a protocol that processes can use to cooperate safely when accessing shared data. A solution must satisfy mutual exclusion, progress, and bounded waiting.

Question: What is the critical section problem?","It is the problem of designing a protocol so that when multiple concurrent processes/threads access shared data (their critical section), only one at a time can execute in that critical section, preventing race conditions, while the rest of their code (remainder section) can run freely."
"You are an Operating Systems tutor. Answer ONLY using the exact textbook passages provided below. Do NOT add your own examples, do NOT invent information. If the answer is not in the provided text, reply EXACTLY with the word 'OUT_OF_CONTEXT' and nothing else.","Textbook passages:
In contiguous memory allocation, each process is allocated a single contiguous block of main memory. Free memory blocks (holes) are managed and allocated to new processes using strategies like first-fit, best-fit, and worst-fit.

Question: What is compaction, and why is it used?","Compaction is the process of shuffling memory contents to relocate all allocated blocks together, consolidating all free memory (external fragmentation) into one large contiguous block. It solves external fragmentation but is expensive since it requires dynamic relocation and copying live process memory."
"You are an Operating Systems tutor. Answer ONLY using the exact textbook passages provided below. Do NOT add your own examples, do NOT invent information. If the answer is not in the provided text, reply EXACTLY with the word 'OUT_OF_CONTEXT' and nothing else.","Textbook passages:
The Banker's algorithm avoids deadlock by only granting a resource request if the resulting state is 'safe'. A state is safe if there is some ordering (safe sequence) of all processes such that each process's remaining Need can be satisfied by the currently Available resources plus what is freed by processes earlier in the sequence. Need[i] = Max[i] - Allocation[i]. The safety algorithm repeatedly finds any unfinished process whose Need is <= Work (initially Available), 'runs' it (adding its Allocation back to Work), and marks it finished, until no more processes can be added (safe if all finish) or no more can be found (unsafe if any remain unfinished).

Question: A system has 4 processes (P0..P3) and 2 resource types (A, B). The current Allocation and Max matrices, and the Available vector, are:

Allocation:
Process | A  B
P0      | 4  1
P1      | 4  8
P2      | 2  5
P3      | 4  0

Max:
Process | A  B
P0      | 5  6
P1      | 5  9
P2      | 9  6
P3      | 5  3

Available: A=7, B=5

Compute the Need matrix, and using the Banker's algorithm, determine whether the system is currently in a safe state. If it is, give a valid safe sequence.","Need = Max - Allocation:
Process | A  B
P0      | 1  5
P1      | 1  1
P2      | 7  1
P3      | 1  3

Need[P0] = [1, 5] <= Work [7, 5] -> P0 can run; Work becomes [11, 6]
Need[P1] = [1, 1] <= Work [11, 6] -> P1 can run; Work becomes [15, 14]
Need[P2] = [7, 1] <= Work [15, 14] -> P2 can run; Work becomes [17, 19]
Need[P3] = [1, 3] <= Work [17, 19] -> P3 can run; Work becomes [21, 19]

All processes finish. The system IS in a safe state.
Safe sequence: P0 -> P1 -> P2 -> P3"
"You are an Operating Systems tutor. Answer ONLY using the exact textbook passages provided below. Do NOT add your own examples, do NOT invent information. If the answer is not in the provided text, reply EXACTLY with the word 'OUT_OF_CONTEXT' and nothing else.","Textbook passages:
FIFO page replacement evicts the page that has been resident in memory the longest, regardless of how recently or often it has been used, when a page fault occurs and all frames are full.

Question: A system uses 4 page frames and the FIFO page replacement algorithm. Given the page reference string:
2, 4, 5, 3, 5, 0, 2, 5, 4, 3, 2, 5

Determine, for each reference, whether it is a page hit or a page fault, show the resulting frame contents, and compute the total number of page faults and page hits.","Ref | Frame contents after this reference | Hit/Fault
2   | [2]                   | Fault
4   | [2, 4]                | Fault
5   | [2, 4, 5]             | Fault
3   | [2, 4, 5, 3]          | Fault
5   | [2, 4, 5, 3]          | Hit
0   | [4, 5, 3, 0]          | Fault
2   | [5, 3, 0, 2]          | Fault
5   | [5, 3, 0, 2]          | Hit
4   | [3, 0, 2, 4]          | Fault
3   | [3, 0, 2, 4]          | Hit
2   | [3, 0, 2, 4]          | Hit
5   | [0, 2, 4, 5]          | Fault

Total references = 12
Total page faults = 8
Total page hits = 4
Page fault rate = 8/12 = 0.67"
"You are an Operating Systems tutor. Answer ONLY using the exact textbook passages provided below. Do NOT add your own examples, do NOT invent information. If the answer is not in the provided text, reply EXACTLY with the word 'OUT_OF_CONTEXT' and nothing else.","Textbook passages:
In a paged memory system, a logical address is split into a page number and an offset: page number = logical address // page size; offset = logical address % page size. The page table maps each page number to a physical frame number. The physical address is computed as: physical address = (frame number x page size) + offset.

Question: A system uses paging with a page size of 1024 bytes. A process has 4 pages, with the following page table: page 0 -> frame 3, page 1 -> frame 7, page 2 -> frame 2, page 3 -> frame 5.

For the logical address 3152, determine: (a) the page number, (b) the offset within the page, (c) the corresponding frame number, and (d) the resulting physical address.","(a) Page number = logical address // page size = 3152 // 1024 = 3
(b) Offset = logical address % page size = 3152 % 1024 = 80
(c) From the page table, page 3 -> frame 5
(d) Physical address = (frame number x page size) + offset = (5 x 1024) + 80 = 5200"
"You are an Operating Systems tutor. Answer ONLY using the exact textbook passages provided below. Do NOT add your own examples, do NOT invent information. If the answer is not in the provided text, reply EXACTLY with the word 'OUT_OF_CONTEXT' and nothing else.","Textbook passages:
Booting a computer and handling defective disk sectors are low-level responsibilities closely tied to disk and mass storage management.

Question: What is the boot block, and how does the system boot?","The boot block is a small, fixed location on a bootable disk (typically the first sector) containing a bootstrap loader program. When the computer is powered on, the ROM-resident bootstrap code loads and executes this bootstrap loader, which in turn locates and loads the full operating system kernel into memory and transfers control to it."
"You are an Operating Systems tutor. Answer ONLY using the exact textbook passages provided below. Do NOT add your own examples, do NOT invent information. If the answer is not in the provided text, reply EXACTLY with the word 'OUT_OF_CONTEXT' and nothing else.","Textbook passages:
Round Robin (RR) scheduling gives each ready process a fixed time quantum to run. If a process does not finish within its quantum, it is preempted and placed at the back of the (circular) ready queue. Newly-arriving processes are added to the back of the queue before the just-preempted process is re-added. Completion Time (CT) is when a process finishes; Turnaround Time (TAT) = CT − Arrival Time; Waiting Time (WT) = TAT − Burst Time.

Question: Consider the following processes with their arrival and burst times (all times in milliseconds):

Process | Arrival Time | Burst Time
-----------------------------------
P1      | 8            | 11
P2      | 1            | 5
P3      | 3            | 7
P4      | 4            | 2

Using Round Robin (time quantum = 2) scheduling, draw the Gantt chart and compute the Completion Time, Turnaround Time, and Waiting Time for each process. Also compute the average waiting time and average turnaround time.","Gantt Chart:
P2[1-3] -> P3[3-5] -> P2[5-7] -> P4[7-9] -> P3[9-11] -> P2[11-12] -> P1[12-14] -> P3[14-16] -> P1[16-18] -> P3[18-19] -> P1[19-21] -> P1[21-23] -> P1[23-25] -> P1[25-26]

Process | CT | TAT (=CT-AT) | WT (=TAT-BT)
P1      | 26  | 18            | 7
P2      | 12  | 11            | 6
P3      | 19  | 16            | 9
P4      | 9  | 5            | 3

Average Turnaround Time = (18 + 11 + 16 + 5) / 4 = 12.50 ms
Average Waiting Time = (7 + 6 + 9 + 3) / 4 = 6.25 ms"
"You are an Operating Systems tutor. Answer ONLY using the exact textbook passages provided below. Do NOT add your own examples, do NOT invent information. If the answer is not in the provided text, reply EXACTLY with the word 'OUT_OF_CONTEXT' and nothing else.","Textbook passages:
SSTF (Shortest Seek Time First) disk scheduling always services the pending request whose cylinder is closest to the disk head's current position next, minimizing each individual seek.

Question: A disk has 200 cylinders (numbered 0 to 199). The disk head is currently at cylinder 120. The pending requests, in the order they arrived, are: 151, 86, 129, 130, 136, 125, 181, 144.

Using the SSTF disk scheduling algorithm, determine the order in which the requests are serviced and compute the total head movement (in number of cylinders).","Service order: 120 -> 125 -> 129 -> 130 -> 136 -> 144 -> 151 -> 181 -> 86

Head movement per step: |125-120|=5 + |129-125|=4 + |130-129|=1 + |136-130|=6 + |144-136|=8 + |151-144|=7 + |181-151|=30 + |86-181|=95

Total head movement = 156 cylinders"
"You are an Operating Systems tutor. Answer ONLY using the exact textbook passages provided below. Do NOT add your own examples, do NOT invent information. If the answer is not in the provided text, reply EXACTLY with the word 'OUT_OF_CONTEXT' and nothing else.","Textbook passages:
First-Come, First-Served (FCFS) CPU scheduling allocates the CPU to processes strictly in order of arrival time, using a FIFO ready queue. It is non-preemptive: once a process starts running, it runs to completion. Ties in arrival time are broken by process ID order. Completion Time (CT) is when a process finishes; Turnaround Time (TAT) = CT − Arrival Time; Waiting Time (WT) = TAT − Burst Time.

Question: Consider the following processes with their arrival and burst times (all times in milliseconds):

Process | Arrival Time | Burst Time
-----------------------------------
P1      | 8            | 6
P2      | 1            | 6
P3      | 2            | 9
P4      | 4            | 10
P5      | 8            | 3

Using First-Come, First-Served (FCFS) scheduling, draw the Gantt chart and compute the Completion Time, Turnaround Time, and Waiting Time for each process. Also compute the average waiting time and average turnaround time.","Gantt Chart:
Idle[0-1] -> P2[1-7] -> P3[7-16] -> P4[16-26] -> P1[26-32] -> P5[32-35]

Process | CT | TAT (=CT-AT) | WT (=TAT-BT)
P1      | 32  | 24            | 18
P2      | 7  | 6            | 0
P3      | 16  | 14            | 5
P4      | 26  | 22            | 12
P5      | 35  | 27            | 24

Average Turnaround Time = (24 + 6 + 14 + 22 + 27) / 5 = 18.60 ms
Average Waiting Time = (18 + 0 + 5 + 12 + 24) / 5 = 11.80 ms"
"You are an Operating Systems tutor. Answer ONLY using the exact textbook passages provided below. Do NOT add your own examples, do NOT invent information. If the answer is not in the provided text, reply EXACTLY with the word 'OUT_OF_CONTEXT' and nothing else.","Textbook passages:
FIFO page replacement evicts the page that has been resident in memory the longest, regardless of how recently or often it has been used, when a page fault occurs and all frames are full.

Question: A system uses 3 page frames and the FIFO page replacement algorithm. Given the page reference string:
1, 5, 3, 3, 4, 4, 4, 1, 2, 2

Determine, for each reference, whether it is a page hit or a page fault, show the resulting frame contents, and compute the total number of page faults and page hits.","Ref | Frame contents after this reference | Hit/Fault
1   | [1]                   | Fault
5   | [1, 5]                | Fault
3   | [1, 5, 3]             | Fault
3   | [1, 5, 3]             | Hit
4   | [5, 3, 4]             | Fault
4   | [5, 3, 4]             | Hit
4   | [5, 3, 4]             | Hit
1   | [3, 4, 1]             | Fault
2   | [4, 1, 2]             | Fault
2   | [4, 1, 2]             | Hit

Total references = 10
Total page faults = 6
Total page hits = 4
Page fault rate = 6/10 = 0.60"
"You are an Operating Systems tutor. Answer ONLY using the exact textbook passages provided below. Do NOT add your own examples, do NOT invent information. If the answer is not in the provided text, reply EXACTLY with the word 'OUT_OF_CONTEXT' and nothing else.","Textbook passages:
FCFS disk scheduling services pending I/O requests strictly in the order they arrived, regardless of cylinder position. Total head movement is the sum of the absolute differences between consecutively serviced cylinders, starting from the initial head position.

Question: A disk has 200 cylinders (numbered 0 to 199). The disk head is currently at cylinder 112. The pending requests, in the order they arrived, are: 119, 141, 33, 156, 22, 16, 79, 101.

Using the FCFS disk scheduling algorithm, determine the order in which the requests are serviced and compute the total head movement (in number of cylinders).","Service order: 112 -> 119 -> 141 -> 33 -> 156 -> 22 -> 16 -> 79 -> 101

Head movement per step: |119-112|=7 + |141-119|=22 + |33-141|=108 + |156-33|=123 + |22-156|=134 + |16-22|=6 + |79-16|=63 + |101-79|=22

Total head movement = 485 cylinders"
"You are an Operating Systems tutor. Answer ONLY using the exact textbook passages provided below. Do NOT add your own examples, do NOT invent information. If the answer is not in the provided text, reply EXACTLY with the word 'OUT_OF_CONTEXT' and nothing else.","Textbook passages:
The Banker's algorithm avoids deadlock by only granting a resource request if the resulting state is 'safe'. A state is safe if there is some ordering (safe sequence) of all processes such that each process's remaining Need can be satisfied by the currently Available resources plus what is freed by processes earlier in the sequence. Need[i] = Max[i] - Allocation[i]. The safety algorithm repeatedly finds any unfinished process whose Need is <= Work (initially Available), 'runs' it (adding its Allocation back to Work), and marks it finished, until no more processes can be added (safe if all finish) or no more can be found (unsafe if any remain unfinished).

Question: A system has 4 processes (P0..P3) and 2 resource types (A, B). The current Allocation and Max matrices, and the Available vector, are:

Allocation:
Process | A  B
P0      | 0  1
P1      | 1  9
P2      | 5  3
P3      | 1  9

Max:
Process | A  B
P0      | 6  5
P1      | 5  9
P2      | 9  3
P3      | 6  9

Available: A=3, B=8

Process P1 now requests additional resources: A=0, B=0. Using the Banker's algorithm, determine whether this request can be granted immediately.","Need = Max - Allocation:
Process | A  B
P0      | 6  4
P1      | 4  0
P2      | 4  0
P3      | 5  0

Step 1: Is Request <= Need[P1]? Request=[0, 0], Need[P1]=[4, 0]
-> Yes.

Step 2: Is Request <= Available? Request=[0, 0], Available=[3, 8]
-> Yes. Pretend to allocate and check safety of the resulting state.

Tentative new Available: [3, 8]
The resulting state is NOT safe (no safe sequence exists). The request is therefore DENIED for now — P1 must wait, and the tentative allocation is rolled back."
"You are an Operating Systems tutor. Answer ONLY using the exact textbook passages provided below. Do NOT add your own examples, do NOT invent information. If the answer is not in the provided text, reply EXACTLY with the word 'OUT_OF_CONTEXT' and nothing else.","Textbook passages:
Shortest Remaining Time First (SRTF) is the preemptive version of SJF: at every instant, the CPU runs whichever ready process has the smallest remaining burst time, preempting the current process if a process with a shorter remaining time becomes ready. Ties are broken by earliest arrival time, then process ID. Completion Time (CT) is when a process finishes; Turnaround Time (TAT) = CT − Arrival Time; Waiting Time (WT) = TAT − Burst Time.

Question: Consider the following processes with their arrival and burst times (all times in milliseconds):

Process | Arrival Time | Burst Time
-----------------------------------
P1      | 4            | 12
P2      | 0            | 8
P3      | 0            | 8

Using Shortest Remaining Time First (SRTF, preemptive) scheduling, draw the Gantt chart and compute the Completion Time, Turnaround Time, and Waiting Time for each process. Also compute the average waiting time and average turnaround time.","Gantt Chart:
P2[0-8] -> P3[8-16] -> P1[16-28]

Process | CT | TAT (=CT-AT) | WT (=TAT-BT)
P1      | 28  | 24            | 12
P2      | 8  | 8            | 0
P3      | 16  | 16            | 8

Average Turnaround Time = (24 + 8 + 16) / 3 = 16 ms
Average Waiting Time = (12 + 0 + 8) / 3 = 6.67 ms"
"You are an Operating Systems tutor. Answer ONLY using the exact textbook passages provided below. Do NOT add your own examples, do NOT invent information. If the answer is not in the provided text, reply EXACTLY with the word 'OUT_OF_CONTEXT' and nothing else.","Textbook passages:
FCFS disk scheduling services pending I/O requests strictly in the order they arrived, regardless of cylinder position. Total head movement is the sum of the absolute differences between consecutively serviced cylinders, starting from the initial head position.

Question: A disk has 200 cylinders (numbered 0 to 199). The disk head is currently at cylinder 106. The pending requests, in the order they arrived, are: 145, 172, 193, 49, 44, 156, 163, 103.

Using the FCFS disk scheduling algorithm, determine the order in which the requests are serviced and compute the total head movement (in number of cylinders).","Service order: 106 -> 145 -> 172 -> 193 -> 49 -> 44 -> 156 -> 163 -> 103

Head movement per step: |145-106|=39 + |172-145|=27 + |193-172|=21 + |49-193|=144 + |44-49|=5 + |156-44|=112 + |163-156|=7 + |103-163|=60

Total head movement = 415 cylinders"
"You are an Operating Systems tutor. Answer ONLY using the exact textbook passages provided below. Do NOT add your own examples, do NOT invent information. If the answer is not in the provided text, reply EXACTLY with the word 'OUT_OF_CONTEXT' and nothing else.","Textbook passages:
In contiguous memory allocation, free memory is organized as a list of holes (blocks). First-fit allocates a process into the first hole large enough to hold it (scanning from the start). Best-fit allocates into the smallest hole that is still large enough. Worst-fit allocates into the largest available hole. After allocation, the unused remainder of the chosen hole remains as a smaller free hole.

Question: Free memory consists of the following holes, in this order: B0=382KB, B1=135KB, B2=107KB, B3=117KB, B4=80KB. The following processes arrive in this order and must each be placed into a single contiguous free hole: P0=83KB, P1=243KB, P2=277KB.

Using the best-fit allocation strategy, determine which memory block (if any) each process is placed into, and the sizes of the remaining free blocks after all allocations.","P0 (83KB): placed in B2 (was 107KB) -> B2 now has 24KB free
P1 (243KB): placed in B0 (was 382KB) -> B0 now has 139KB free
P2 (277KB): no free block is large enough -> CANNOT be allocated

Final remaining free block sizes: B0=139KB, B1=135KB, B2=24KB, B3=117KB, B4=80KB"
"You are an Operating Systems tutor. Answer ONLY using the exact textbook passages provided below. Do NOT add your own examples, do NOT invent information. If the answer is not in the provided text, reply EXACTLY with the word 'OUT_OF_CONTEXT' and nothing else.","Textbook passages:
FIFO page replacement evicts the page that has been resident in memory the longest, regardless of how recently or often it has been used, when a page fault occurs and all frames are full.

Question: A system uses 3 page frames and the FIFO page replacement algorithm. Given the page reference string:
3, 2, 4, 2, 0, 2, 5, 2, 4, 4, 5, 3

Determine, for each reference, whether it is a page hit or a page fault, show the resulting frame contents, and compute the total number of page faults and page hits.","Ref | Frame contents after this reference | Hit/Fault
3   | [3]                   | Fault
2   | [3, 2]                | Fault
4   | [3, 2, 4]             | Fault
2   | [3, 2, 4]             | Hit
0   | [2, 4, 0]             | Fault
2   | [2, 4, 0]             | Hit
5   | [4, 0, 5]             | Fault
2   | [0, 5, 2]             | Fault
4   | [5, 2, 4]             | Fault
4   | [5, 2, 4]             | Hit
5   | [5, 2, 4]             | Hit
3   | [2, 4, 3]             | Fault

Total references = 12
Total page faults = 8
Total page hits = 4
Page fault rate = 8/12 = 0.67"
"You are an Operating Systems tutor. Answer ONLY using the exact textbook passages provided below. Do NOT add your own examples, do NOT invent information. If the answer is not in the provided text, reply EXACTLY with the word 'OUT_OF_CONTEXT' and nothing else.","Textbook passages:
Interrupt vector table: A table of pointers (addresses) to interrupt service routines, indexed by interrupt number, used by the CPU to quickly locate the correct handler for an interrupt.

Question: What is Interrupt vector table?","A table of pointers (addresses) to interrupt service routines, indexed by interrupt number, used by the CPU to quickly locate the correct handler for an interrupt."
"You are an Operating Systems tutor. Answer ONLY using the exact textbook passages provided below. Do NOT add your own examples, do NOT invent information. If the answer is not in the provided text, reply EXACTLY with the word 'OUT_OF_CONTEXT' and nothing else.","Textbook passages:
FCFS disk scheduling services pending I/O requests strictly in the order they arrived, regardless of cylinder position. Total head movement is the sum of the absolute differences between consecutively serviced cylinders, starting from the initial head position.

Question: A disk has 200 cylinders (numbered 0 to 199). The disk head is currently at cylinder 140. The pending requests, in the order they arrived, are: 73, 104, 46, 196, 34, 164.

Using the FCFS disk scheduling algorithm, determine the order in which the requests are serviced and compute the total head movement (in number of cylinders).","Service order: 140 -> 73 -> 104 -> 46 -> 196 -> 34 -> 164

Head movement per step: |73-140|=67 + |104-73|=31 + |46-104|=58 + |196-46|=150 + |34-196|=162 + |164-34|=130

Total head movement = 598 cylinders"
"You are an Operating Systems tutor. Answer ONLY using the exact textbook passages provided below. Do NOT add your own examples, do NOT invent information. If the answer is not in the provided text, reply EXACTLY with the word 'OUT_OF_CONTEXT' and nothing else.","Textbook passages:
On multi-socket systems, physical memory is divided into NUMA nodes, each directly attached to one socket. Any core can access any node's memory, but a remote access (crossing to another socket's node over an inter-socket interconnect) has higher latency and lower bandwidth than a local access, which shapes how a NUMA-aware OS schedules threads and allocates memory.

Question: What is the 'first-touch' memory allocation policy, and why is it used on NUMA systems?","Under first-touch, a virtual page is not actually backed by a physical frame until the first time it is accessed ('touched'); at that moment, the kernel allocates the physical frame from the NUMA node local to whichever core performed that first access. This is used because it's a simple, effective heuristic for locality: the thread that first uses a page is very often the thread that will keep using it, so backing the page with local memory on that thread's node maximizes the odds that its future accesses stay local rather than remote, without the OS needing to predict access patterns in advance."
"You are an Operating Systems tutor. Answer ONLY using the exact textbook passages provided below. Do NOT add your own examples, do NOT invent information. If the answer is not in the provided text, reply EXACTLY with the word 'OUT_OF_CONTEXT' and nothing else.","Textbook passages:
SSTF (Shortest Seek Time First) disk scheduling always services the pending request whose cylinder is closest to the disk head's current position next, minimizing each individual seek.

Question: A disk has 200 cylinders (numbered 0 to 199). The disk head is currently at cylinder 161. The pending requests, in the order they arrived, are: 196, 33, 110, 128, 14, 31, 132.

Using the SSTF disk scheduling algorithm, determine the order in which the requests are serviced and compute the total head movement (in number of cylinders).","Service order: 161 -> 132 -> 128 -> 110 -> 33 -> 31 -> 14 -> 196

Head movement per step: |132-161|=29 + |128-132|=4 + |110-128|=18 + |33-110|=77 + |31-33|=2 + |14-31|=17 + |196-14|=182

Total head movement = 329 cylinders"
"You are an Operating Systems tutor. Answer ONLY using the exact textbook passages provided below. Do NOT add your own examples, do NOT invent information. If the answer is not in the provided text, reply EXACTLY with the word 'OUT_OF_CONTEXT' and nothing else.","Textbook passages:
FCFS disk scheduling services pending I/O requests strictly in the order they arrived, regardless of cylinder position. Total head movement is the sum of the absolute differences between consecutively serviced cylinders, starting from the initial head position.

Question: A disk has 200 cylinders (numbered 0 to 199). The disk head is currently at cylinder 108. The pending requests, in the order they arrived, are: 187, 168, 160, 26, 197, 148, 188.

Using the FCFS disk scheduling algorithm, determine the order in which the requests are serviced and compute the total head movement (in number of cylinders).","Service order: 108 -> 187 -> 168 -> 160 -> 26 -> 197 -> 148 -> 188

Head movement per step: |187-108|=79 + |168-187|=19 + |160-168|=8 + |26-160|=134 + |197-26|=171 + |148-197|=49 + |188-148|=40

Total head movement = 500 cylinders"
"You are an Operating Systems tutor. Answer ONLY using the exact textbook passages provided below. Do NOT add your own examples, do NOT invent information. If the answer is not in the provided text, reply EXACTLY with the word 'OUT_OF_CONTEXT' and nothing else.","Textbook passages:
Futex (fast userspace mutex): A Linux kernel primitive that lets an uncontended lock/unlock complete entirely in userspace with a single atomic instruction, only making a syscall to block or wake a thread in the rare case of actual contention.

Question: What is Futex (fast userspace mutex)?","A Linux kernel primitive that lets an uncontended lock/unlock complete entirely in userspace with a single atomic instruction, only making a syscall to block or wake a thread in the rare case of actual contention."
"You are an Operating Systems tutor. Answer ONLY using the exact textbook passages provided below. Do NOT add your own examples, do NOT invent information. If the answer is not in the provided text, reply EXACTLY with the word 'OUT_OF_CONTEXT' and nothing else.","Textbook passages:
Futex (fast userspace mutex): A Linux kernel primitive that lets an uncontended lock/unlock complete entirely in userspace with a single atomic instruction, only making a syscall to block or wake a thread in the rare case of actual contention.

Question: Explain the term Futex (fast userspace mutex) in the context of operating systems.","A Linux kernel primitive that lets an uncontended lock/unlock complete entirely in userspace with a single atomic instruction, only making a syscall to block or wake a thread in the rare case of actual contention."
"You are an Operating Systems tutor. Answer ONLY using the exact textbook passages provided below. Do NOT add your own examples, do NOT invent information. If the answer is not in the provided text, reply EXACTLY with the word 'OUT_OF_CONTEXT' and nothing else.","Textbook passages:
Convoy effect: A phenomenon in FCFS scheduling where a long CPU-bound process causes many shorter processes behind it to wait an unnecessarily long time.

Question: Define Convoy effect.",A phenomenon in FCFS scheduling where a long CPU-bound process causes many shorter processes behind it to wait an unnecessarily long time.
"You are an Operating Systems tutor. Answer ONLY using the exact textbook passages provided below. Do NOT add your own examples, do NOT invent information. If the answer is not in the provided text, reply EXACTLY with the word 'OUT_OF_CONTEXT' and nothing else.","Textbook passages:
Segmentation is a memory management scheme that supports the programmer's view of memory as a collection of variable-sized logical segments, such as code, stack, and data, rather than a single linear array.

Question: What is segmentation with paging, and why is it used?","It's a hybrid scheme where each segment (code, data, stack, etc.) is itself divided into fixed-size pages, combining the logical structure of segmentation with the fragmentation-free allocation of paging. Each segment has its own page table, giving the benefits of both: meaningful logical division plus no external fragmentation (only small internal fragmentation in the last page of each segment)."
"You are an Operating Systems tutor. Answer ONLY using the exact textbook passages provided below. Do NOT add your own examples, do NOT invent information. If the answer is not in the provided text, reply EXACTLY with the word 'OUT_OF_CONTEXT' and nothing else.","Textbook passages:
Race condition: A flaw where the outcome of concurrent execution depends on the unpredictable timing/order of accesses to shared data by multiple processes or threads.

Question: Explain the term Race condition in the context of operating systems.",A flaw where the outcome of concurrent execution depends on the unpredictable timing/order of accesses to shared data by multiple processes or threads.
"You are an Operating Systems tutor. Answer ONLY using the exact textbook passages provided below. Do NOT add your own examples, do NOT invent information. If the answer is not in the provided text, reply EXACTLY with the word 'OUT_OF_CONTEXT' and nothing else.","Textbook passages:
Futex (fast userspace mutex): A Linux kernel primitive that lets an uncontended lock/unlock complete entirely in userspace with a single atomic instruction, only making a syscall to block or wake a thread in the rare case of actual contention.

Question: Define Futex (fast userspace mutex).","A Linux kernel primitive that lets an uncontended lock/unlock complete entirely in userspace with a single atomic instruction, only making a syscall to block or wake a thread in the rare case of actual contention."
"You are an Operating Systems tutor. Answer ONLY using the exact textbook passages provided below. Do NOT add your own examples, do NOT invent information. If the answer is not in the provided text, reply EXACTLY with the word 'OUT_OF_CONTEXT' and nothing else.","Textbook passages:
Optimal (MIN/Belady's) page replacement evicts the page that will not be used again for the longest time in the future (or never used again), when a page fault occurs and all frames are full. It gives the theoretical minimum number of page faults but requires advance knowledge of the full reference string.

Question: A system uses 4 page frames and the Optimal page replacement algorithm. Given the page reference string:
0, 4, 0, 1, 5, 5, 2, 1, 5, 0, 3, 0, 5, 5

Determine, for each reference, whether it is a page hit or a page fault, show the resulting frame contents, and compute the total number of page faults and page hits.","Ref | Frame contents after this reference | Hit/Fault
0   | [0]                   | Fault
4   | [0, 4]                | Fault
0   | [0, 4]                | Hit
1   | [0, 4, 1]             | Fault
5   | [0, 4, 1, 5]          | Fault
5   | [0, 4, 1, 5]          | Hit
2   | [0, 1, 5, 2]          | Fault
1   | [0, 1, 5, 2]          | Hit
5   | [0, 1, 5, 2]          | Hit
0   | [0, 1, 5, 2]          | Hit
3   | [0, 5, 2, 3]          | Fault
0   | [0, 5, 2, 3]          | Hit
5   | [0, 5, 2, 3]          | Hit
5   | [0, 5, 2, 3]          | Hit

Total references = 14
Total page faults = 6
Total page hits = 8
Page fault rate = 6/14 = 0.43"
"You are an Operating Systems tutor. Answer ONLY using the exact textbook passages provided below. Do NOT add your own examples, do NOT invent information. If the answer is not in the provided text, reply EXACTLY with the word 'OUT_OF_CONTEXT' and nothing else.","Textbook passages:
NUMA (Non-Uniform Memory Access): A multi-socket memory architecture where each socket has its own directly-attached memory node, and accessing another socket's (remote) node over the inter-socket interconnect is slower than accessing the local node.

Question: Define NUMA (Non-Uniform Memory Access).","A multi-socket memory architecture where each socket has its own directly-attached memory node, and accessing another socket's (remote) node over the inter-socket interconnect is slower than accessing the local node."
"You are an Operating Systems tutor. Answer ONLY using the exact textbook passages provided below. Do NOT add your own examples, do NOT invent information. If the answer is not in the provided text, reply EXACTLY with the word 'OUT_OF_CONTEXT' and nothing else.","Textbook passages:
In contiguous memory allocation, free memory is organized as a list of holes (blocks). First-fit allocates a process into the first hole large enough to hold it (scanning from the start). Best-fit allocates into the smallest hole that is still large enough. Worst-fit allocates into the largest available hole. After allocation, the unused remainder of the chosen hole remains as a smaller free hole.

Question: Free memory consists of the following holes, in this order: B0=323KB, B1=53KB, B2=370KB, B3=83KB, B4=157KB, B5=393KB. The following processes arrive in this order and must each be placed into a single contiguous free hole: P0=139KB, P1=247KB, P2=83KB, P3=135KB, P4=252KB.

Using the first-fit allocation strategy, determine which memory block (if any) each process is placed into, and the sizes of the remaining free blocks after all allocations.","P0 (139KB): placed in B0 (was 323KB) -> B0 now has 184KB free
P1 (247KB): placed in B2 (was 370KB) -> B2 now has 123KB free
P2 (83KB): placed in B0 (was 184KB) -> B0 now has 101KB free
P3 (135KB): placed in B4 (was 157KB) -> B4 now has 22KB free
P4 (252KB): placed in B5 (was 393KB) -> B5 now has 141KB free

Final remaining free block sizes: B0=101KB, B1=53KB, B2=123KB, B3=83KB, B4=22KB, B5=141KB"
"You are an Operating Systems tutor. Answer ONLY using the exact textbook passages provided below. Do NOT add your own examples, do NOT invent information. If the answer is not in the provided text, reply EXACTLY with the word 'OUT_OF_CONTEXT' and nothing else.","Textbook passages:
File allocation methods determine how disk blocks are allocated to files: contiguous allocation, linked allocation, and indexed allocation, each with different trade-offs for access speed and fragmentation.

Question: What is an inode, and what is its role in Unix-style file systems?","An inode (index node) is a data structure that stores all metadata about a file — permissions, owner, size, timestamps, and pointers to the data blocks (often direct pointers plus one or more levels of indirect pointers for large files) — but not the filename itself (filenames are stored in directory entries that point to inode numbers)."
"You are an Operating Systems tutor. Answer ONLY using the exact textbook passages provided below. Do NOT add your own examples, do NOT invent information. If the answer is not in the provided text, reply EXACTLY with the word 'OUT_OF_CONTEXT' and nothing else.","Textbook passages:
Priority scheduling (non-preemptive) allocates the CPU to the ready process with the highest priority, where a SMALLER priority number means HIGHER priority. Once started, a process runs to completion. Ties are broken by earliest arrival time, then process ID. Completion Time (CT) is when a process finishes; Turnaround Time (TAT) = CT − Arrival Time; Waiting Time (WT) = TAT − Burst Time.

Question: Consider the following processes with their arrival and burst times (all times in milliseconds):

Process | Arrival Time | Burst Time | Priority
----------------------------------------------
P1      | 0            | 11          | 2
P2      | 3            | 12          | 4
P3      | 4            | 12          | 2
P4      | 2            | 5          | 3
P5      | 8            | 3          | 3

Using Priority (non-preemptive, smaller number = higher priority) scheduling, draw the Gantt chart and compute the Completion Time, Turnaround Time, and Waiting Time for each process. Also compute the average waiting time and average turnaround time.","Gantt Chart:
P1[0-11] -> P3[11-23] -> P4[23-28] -> P5[28-31] -> P2[31-43]

Process | CT | TAT (=CT-AT) | WT (=TAT-BT)
P1      | 11  | 11            | 0
P2      | 43  | 40            | 28
P3      | 23  | 19            | 7
P4      | 28  | 26            | 21
P5      | 31  | 23            | 20

Average Turnaround Time = (11 + 40 + 19 + 26 + 23) / 5 = 23.80 ms
Average Waiting Time = (0 + 28 + 7 + 21 + 20) / 5 = 15.20 ms"
"You are an Operating Systems tutor. Answer ONLY using the exact textbook passages provided below. Do NOT add your own examples, do NOT invent information. If the answer is not in the provided text, reply EXACTLY with the word 'OUT_OF_CONTEXT' and nothing else.","Textbook passages:
Reference bit: A page table entry flag set by hardware whenever a page is accessed, used by approximation algorithms like Second-Chance/Clock to estimate recent usage for page replacement.

Question: What is Reference bit?","A page table entry flag set by hardware whenever a page is accessed, used by approximation algorithms like Second-Chance/Clock to estimate recent usage for page replacement."
"You are an Operating Systems tutor. Answer ONLY using the exact textbook passages provided below. Do NOT add your own examples, do NOT invent information. If the answer is not in the provided text, reply EXACTLY with the word 'OUT_OF_CONTEXT' and nothing else.","Textbook passages:
First-Come, First-Served (FCFS) CPU scheduling allocates the CPU to processes strictly in order of arrival time, using a FIFO ready queue. It is non-preemptive: once a process starts running, it runs to completion. Ties in arrival time are broken by process ID order. Completion Time (CT) is when a process finishes; Turnaround Time (TAT) = CT − Arrival Time; Waiting Time (WT) = TAT − Burst Time.

Question: Consider the following processes with their arrival and burst times (all times in milliseconds):

Process | Arrival Time | Burst Time
-----------------------------------
P1      | 1            | 12
P2      | 6            | 3
P3      | 9            | 11
P4      | 9            | 3
P5      | 10            | 11

Using First-Come, First-Served (FCFS) scheduling, draw the Gantt chart and compute the Completion Time, Turnaround Time, and Waiting Time for each process. Also compute the average waiting time and average turnaround time.","Gantt Chart:
Idle[0-1] -> P1[1-13] -> P2[13-16] -> P3[16-27] -> P4[27-30] -> P5[30-41]

Process | CT | TAT (=CT-AT) | WT (=TAT-BT)
P1      | 13  | 12            | 0
P2      | 16  | 10            | 7
P3      | 27  | 18            | 7
P4      | 30  | 21            | 18
P5      | 41  | 31            | 20

Average Turnaround Time = (12 + 10 + 18 + 21 + 31) / 5 = 18.40 ms
Average Waiting Time = (0 + 7 + 7 + 18 + 20) / 5 = 10.40 ms"
"You are an Operating Systems tutor. Answer ONLY using the exact textbook passages provided below. Do NOT add your own examples, do NOT invent information. If the answer is not in the provided text, reply EXACTLY with the word 'OUT_OF_CONTEXT' and nothing else.","Textbook passages:
Real-time scheduling algorithms like Rate Monotonic Scheduling (RMS) and Earliest Deadline First (EDF) schedule periodic tasks to guarantee that each task's deadline (usually equal to its period) is met. RMS is a fixed-priority algorithm; EDF is a dynamic-priority algorithm and is provably optimal among such algorithms.

Question: What is Earliest Deadline First (EDF) scheduling, and how does its schedulability bound compare to RMS's?","EDF is a dynamic-priority preemptive scheduling algorithm: at every scheduling decision, the CPU is given to whichever ready task has the nearest absolute deadline, so a task's effective priority changes over time as its deadline approaches. Unlike RMS's fixed ~69% (ln 2) utilization bound, EDF is provably optimal among all dynamic-priority scheduling algorithms and guarantees all deadlines are met for any task set as long as total utilization U = sum(C_i/T_i) <= 1 — i.e. up to 100% CPU utilization, strictly better schedulability than RMS — at the cost of higher run-time scheduling overhead, since priorities must be recomputed dynamically rather than fixed once."
"You are an Operating Systems tutor. Answer ONLY using the exact textbook passages provided below. Do NOT add your own examples, do NOT invent information. If the answer is not in the provided text, reply EXACTLY with the word 'OUT_OF_CONTEXT' and nothing else.","Textbook passages:
Once a deadlock is detected, an operating system can recover from it either by terminating one or more deadlocked processes or by preempting resources from them.

Question: Who painted the Mona Lisa?",OUT_OF_CONTEXT
"You are an Operating Systems tutor. Answer ONLY using the exact textbook passages provided below. Do NOT add your own examples, do NOT invent information. If the answer is not in the provided text, reply EXACTLY with the word 'OUT_OF_CONTEXT' and nothing else.","Textbook passages:
Aging: A technique that gradually increases the priority of a process the longer it waits in the ready queue, to prevent starvation.

Question: Explain the term Aging in the context of operating systems.","A technique that gradually increases the priority of a process the longer it waits in the ready queue, to prevent starvation."
"You are an Operating Systems tutor. Answer ONLY using the exact textbook passages provided below. Do NOT add your own examples, do NOT invent information. If the answer is not in the provided text, reply EXACTLY with the word 'OUT_OF_CONTEXT' and nothing else.","Textbook passages:
A semaphore is an integer synchronization variable accessed only through two atomic operations, wait() (P) and signal() (V), used to control access to shared resources among concurrent processes.

Question: How do you bake a chocolate cake?",OUT_OF_CONTEXT
"You are an Operating Systems tutor. Answer ONLY using the exact textbook passages provided below. Do NOT add your own examples, do NOT invent information. If the answer is not in the provided text, reply EXACTLY with the word 'OUT_OF_CONTEXT' and nothing else.","Textbook passages:
In contiguous memory allocation, free memory is organized as a list of holes (blocks). First-fit allocates a process into the first hole large enough to hold it (scanning from the start). Best-fit allocates into the smallest hole that is still large enough. Worst-fit allocates into the largest available hole. After allocation, the unused remainder of the chosen hole remains as a smaller free hole.

Question: Free memory consists of the following holes, in this order: B0=59KB, B1=396KB, B2=52KB, B3=370KB. The following processes arrive in this order and must each be placed into a single contiguous free hole: P0=157KB, P1=145KB, P2=206KB, P3=189KB, P4=96KB.

Using the worst-fit allocation strategy, determine which memory block (if any) each process is placed into, and the sizes of the remaining free blocks after all allocations.","P0 (157KB): placed in B1 (was 396KB) -> B1 now has 239KB free
P1 (145KB): placed in B3 (was 370KB) -> B3 now has 225KB free
P2 (206KB): placed in B1 (was 239KB) -> B1 now has 33KB free
P3 (189KB): placed in B3 (was 225KB) -> B3 now has 36KB free
P4 (96KB): no free block is large enough -> CANNOT be allocated

Final remaining free block sizes: B0=59KB, B1=33KB, B2=52KB, B3=36KB"
"You are an Operating Systems tutor. Answer ONLY using the exact textbook passages provided below. Do NOT add your own examples, do NOT invent information. If the answer is not in the provided text, reply EXACTLY with the word 'OUT_OF_CONTEXT' and nothing else.","Textbook passages:
RCU (Read-Copy-Update): A synchronization technique letting readers access shared data with no locking at all, by having writers publish updates via an atomic pointer swap and deferring reclamation of old versions until a grace period guarantees no reader can still be using them.

Question: Explain the term RCU (Read-Copy-Update) in the context of operating systems.","A synchronization technique letting readers access shared data with no locking at all, by having writers publish updates via an atomic pointer swap and deferring reclamation of old versions until a grace period guarantees no reader can still be using them."
"You are an Operating Systems tutor. Answer ONLY using the exact textbook passages provided below. Do NOT add your own examples, do NOT invent information. If the answer is not in the provided text, reply EXACTLY with the word 'OUT_OF_CONTEXT' and nothing else.","Textbook passages:
Optimal (MIN/Belady's) page replacement evicts the page that will not be used again for the longest time in the future (or never used again), when a page fault occurs and all frames are full. It gives the theoretical minimum number of page faults but requires advance knowledge of the full reference string.

Question: A system uses 3 page frames and the Optimal page replacement algorithm. Given the page reference string:
2, 5, 5, 1, 1, 0, 1, 2, 1, 1, 4, 1

Determine, for each reference, whether it is a page hit or a page fault, show the resulting frame contents, and compute the total number of page faults and page hits.","Ref | Frame contents after this reference | Hit/Fault
2   | [2]                   | Fault
5   | [2, 5]                | Fault
5   | [2, 5]                | Hit
1   | [2, 5, 1]             | Fault
1   | [2, 5, 1]             | Hit
0   | [2, 1, 0]             | Fault
1   | [2, 1, 0]             | Hit
2   | [2, 1, 0]             | Hit
1   | [2, 1, 0]             | Hit
1   | [2, 1, 0]             | Hit
4   | [1, 0, 4]             | Fault
1   | [1, 0, 4]             | Hit

Total references = 12
Total page faults = 5
Total page hits = 7
Page fault rate = 5/12 = 0.42"
"You are an Operating Systems tutor. Answer ONLY using the exact textbook passages provided below. Do NOT add your own examples, do NOT invent information. If the answer is not in the provided text, reply EXACTLY with the word 'OUT_OF_CONTEXT' and nothing else.","Textbook passages:
In contiguous memory allocation, free memory is organized as a list of holes (blocks). First-fit allocates a process into the first hole large enough to hold it (scanning from the start). Best-fit allocates into the smallest hole that is still large enough. Worst-fit allocates into the largest available hole. After allocation, the unused remainder of the chosen hole remains as a smaller free hole.

Question: Free memory consists of the following holes, in this order: B0=300KB, B1=233KB, B2=146KB, B3=134KB, B4=256KB. The following processes arrive in this order and must each be placed into a single contiguous free hole: P0=146KB, P1=144KB, P2=97KB.

Using the first-fit allocation strategy, determine which memory block (if any) each process is placed into, and the sizes of the remaining free blocks after all allocations.","P0 (146KB): placed in B0 (was 300KB) -> B0 now has 154KB free
P1 (144KB): placed in B0 (was 154KB) -> B0 now has 10KB free
P2 (97KB): placed in B1 (was 233KB) -> B1 now has 136KB free

Final remaining free block sizes: B0=10KB, B1=136KB, B2=146KB, B3=134KB, B4=256KB"
"You are an Operating Systems tutor. Answer ONLY using the exact textbook passages provided below. Do NOT add your own examples, do NOT invent information. If the answer is not in the provided text, reply EXACTLY with the word 'OUT_OF_CONTEXT' and nothing else.","Textbook passages:
On multi-core processors, each core often has a private store buffer that lets writes complete locally before they become visible to other cores, and a relaxed memory model may allow the CPU to reorder a store followed by an unrelated load unless an explicit memory barrier forbids it. This StoreLoad reordering is the one reordering even relatively strong models like x86-TSO still permit.

Question: Two threads share global variables X and Y, both initialized to 0, with no synchronization. Thread A executes 'X = 1; r1 = Y;' and Thread B executes 'Y = 1; r2 = X;'. On a processor with a relaxed memory model, is it possible for both r1 == 0 and r2 == 0 after both threads finish? Explain using CPU store buffers.","Yes, this outcome is possible on a relaxed memory model, even though it looks impossible if you reason about the code as if each thread executed in strict program order relative to the other. The reason is the CPU store buffer: when Thread A executes 'X = 1', the write does not go directly to shared memory — it is first placed in Thread A's private store buffer, and the core is free to continue executing later instructions (like the read of Y) before that buffered write has actually become visible to other cores. So Thread A can execute 'r1 = Y' and see the pre-update value of Y (0) before its own write to X has drained out and become globally visible. Symmetrically, Thread B can read the old value of X (0) before its write to Y is visible. From each thread's own local point of view, its store still 'happened before' its load — program order is preserved locally — but from a global point of view both loads can observe pre-update values because neither store had propagated out of its store buffer yet. This is StoreLoad reordering, and it means r1 == 0 && r2 == 0 is a real, reachable outcome without synchronization."
"You are an Operating Systems tutor. Answer ONLY using the exact textbook passages provided below. Do NOT add your own examples, do NOT invent information. If the answer is not in the provided text, reply EXACTLY with the word 'OUT_OF_CONTEXT' and nothing else.","Textbook passages:
RAID (Redundant Array of Independent Disks) uses multiple physical disks to improve performance and/or reliability through techniques such as striping, mirroring, and parity.

Question: How do you bake a chocolate cake?",OUT_OF_CONTEXT
"You are an Operating Systems tutor. Answer ONLY using the exact textbook passages provided below. Do NOT add your own examples, do NOT invent information. If the answer is not in the provided text, reply EXACTLY with the word 'OUT_OF_CONTEXT' and nothing else.","Textbook passages:
Shortest Job First (SJF, non-preemptive) scheduling selects, among all processes that have arrived and are ready, the one with the smallest CPU burst time to run next; once started it runs to completion. Ties are broken by earliest arrival time, then by process ID. Completion Time (CT) is when a process finishes; Turnaround Time (TAT) = CT − Arrival Time; Waiting Time (WT) = TAT − Burst Time.

Question: Consider the following processes with their arrival and burst times (all times in milliseconds):

Process | Arrival Time | Burst Time
-----------------------------------
P1      | 3            | 8
P2      | 5            | 10
P3      | 5            | 7

Using Shortest Job First (SJF, non-preemptive) scheduling, draw the Gantt chart and compute the Completion Time, Turnaround Time, and Waiting Time for each process. Also compute the average waiting time and average turnaround time.","Gantt Chart:
Idle[0-3] -> P1[3-11] -> P3[11-18] -> P2[18-28]

Process | CT | TAT (=CT-AT) | WT (=TAT-BT)
P1      | 11  | 8            | 0
P2      | 28  | 23            | 13
P3      | 18  | 13            | 6

Average Turnaround Time = (8 + 23 + 13) / 3 = 14.67 ms
Average Waiting Time = (0 + 13 + 6) / 3 = 6.33 ms"
"You are an Operating Systems tutor. Answer ONLY using the exact textbook passages provided below. Do NOT add your own examples, do NOT invent information. If the answer is not in the provided text, reply EXACTLY with the word 'OUT_OF_CONTEXT' and nothing else.","Textbook passages:
Compaction: The technique of relocating allocated memory blocks to be contiguous, consolidating all free memory into a single block to eliminate external fragmentation.

Question: What is Compaction?","The technique of relocating allocated memory blocks to be contiguous, consolidating all free memory into a single block to eliminate external fragmentation."
"You are an Operating Systems tutor. Answer ONLY using the exact textbook passages provided below. Do NOT add your own examples, do NOT invent information. If the answer is not in the provided text, reply EXACTLY with the word 'OUT_OF_CONTEXT' and nothing else.","Textbook passages:
In a paged memory system, a logical address is split into a page number and an offset: page number = logical address // page size; offset = logical address % page size. The page table maps each page number to a physical frame number. The physical address is computed as: physical address = (frame number x page size) + offset.

Question: A system uses paging with a page size of 512 bytes. A process has 4 pages, with the following page table: page 0 -> frame 8, page 1 -> frame 0, page 2 -> frame 1, page 3 -> frame 6.

For the logical address 1247, determine: (a) the page number, (b) the offset within the page, (c) the corresponding frame number, and (d) the resulting physical address.","(a) Page number = logical address // page size = 1247 // 512 = 2
(b) Offset = logical address % page size = 1247 % 512 = 223
(c) From the page table, page 2 -> frame 1
(d) Physical address = (frame number x page size) + offset = (1 x 512) + 223 = 735"
"You are an Operating Systems tutor. Answer ONLY using the exact textbook passages provided below. Do NOT add your own examples, do NOT invent information. If the answer is not in the provided text, reply EXACTLY with the word 'OUT_OF_CONTEXT' and nothing else.","Textbook passages:
Peterson's solution is a classic software-based algorithm for two processes that satisfies mutual exclusion, progress, and bounded waiting using two shared variables: a turn variable and a boolean flag array.

Question: Describe Peterson's solution for two-process mutual exclusion.","Peterson's solution uses two shared variables: an integer `turn` and a boolean array `flag[2]`. Before entering the critical section, process i sets `flag[i] = true` and `turn = j` (giving the other process priority), then busy-waits while `flag[j] == true && turn == j`. This guarantees mutual exclusion, progress, and bounded waiting for two processes, but it only works correctly on architectures that preserve the exact instruction ordering (an issue on modern out-of-order/optimizing hardware)."
"You are an Operating Systems tutor. Answer ONLY using the exact textbook passages provided below. Do NOT add your own examples, do NOT invent information. If the answer is not in the provided text, reply EXACTLY with the word 'OUT_OF_CONTEXT' and nothing else.","Textbook passages:
Aging: A technique that gradually increases the priority of a process the longer it waits in the ready queue, to prevent starvation.

Question: What is Aging?","A technique that gradually increases the priority of a process the longer it waits in the ready queue, to prevent starvation."
"You are an Operating Systems tutor. Answer ONLY using the exact textbook passages provided below. Do NOT add your own examples, do NOT invent information. If the answer is not in the provided text, reply EXACTLY with the word 'OUT_OF_CONTEXT' and nothing else.","Textbook passages:
C-LOOK disk scheduling behaves like C-SCAN, but instead of jumping to the physical end of the disk, the head jumps directly to the closest pending request on the other side, avoiding unnecessary movement to an empty boundary.

Question: A disk has 200 cylinders (numbered 0 to 199). The disk head is currently at cylinder 142. The pending requests, in the order they arrived, are: 51, 137, 69, 143, 178, 35, 27.

Using the C-LOOK (initial direction: increasing cylinder numbers) disk scheduling algorithm, determine the order in which the requests are serviced and compute the total head movement (in number of cylinders).","Service order: 142 -> 143 -> 178 -> 27 -> 35 -> 51 -> 69 -> 137

Head movement per step: |143-142|=1 + |178-143|=35 + |27-178|=151 + |35-27|=8 + |51-35|=16 + |69-51|=18 + |137-69|=68

Total head movement = 297 cylinders"
"You are an Operating Systems tutor. Answer ONLY using the exact textbook passages provided below. Do NOT add your own examples, do NOT invent information. If the answer is not in the provided text, reply EXACTLY with the word 'OUT_OF_CONTEXT' and nothing else.","Textbook passages:
In contiguous memory allocation, free memory is organized as a list of holes (blocks). First-fit allocates a process into the first hole large enough to hold it (scanning from the start). Best-fit allocates into the smallest hole that is still large enough. Worst-fit allocates into the largest available hole. After allocation, the unused remainder of the chosen hole remains as a smaller free hole.

Question: Free memory consists of the following holes, in this order: B0=211KB, B1=142KB, B2=91KB, B3=299KB. The following processes arrive in this order and must each be placed into a single contiguous free hole: P0=120KB, P1=190KB, P2=59KB, P3=32KB.

Using the best-fit allocation strategy, determine which memory block (if any) each process is placed into, and the sizes of the remaining free blocks after all allocations.","P0 (120KB): placed in B1 (was 142KB) -> B1 now has 22KB free
P1 (190KB): placed in B0 (was 211KB) -> B0 now has 21KB free
P2 (59KB): placed in B2 (was 91KB) -> B2 now has 32KB free
P3 (32KB): placed in B2 (was 32KB) -> B2 now has 0KB free

Final remaining free block sizes: B0=21KB, B1=22KB, B2=0KB, B3=299KB"
"You are an Operating Systems tutor. Answer ONLY using the exact textbook passages provided below. Do NOT add your own examples, do NOT invent information. If the answer is not in the provided text, reply EXACTLY with the word 'OUT_OF_CONTEXT' and nothing else.","Textbook passages:
FIFO page replacement evicts the page that has been resident in memory the longest, regardless of how recently or often it has been used, when a page fault occurs and all frames are full.

Question: A system uses 4 page frames and the FIFO page replacement algorithm. Given the page reference string:
2, 4, 0, 3, 2, 5, 5, 5, 2, 4

Determine, for each reference, whether it is a page hit or a page fault, show the resulting frame contents, and compute the total number of page faults and page hits.","Ref | Frame contents after this reference | Hit/Fault
2   | [2]                   | Fault
4   | [2, 4]                | Fault
0   | [2, 4, 0]             | Fault
3   | [2, 4, 0, 3]          | Fault
2   | [2, 4, 0, 3]          | Hit
5   | [4, 0, 3, 5]          | Fault
5   | [4, 0, 3, 5]          | Hit
5   | [4, 0, 3, 5]          | Hit
2   | [0, 3, 5, 2]          | Fault
4   | [3, 5, 2, 4]          | Fault

Total references = 10
Total page faults = 7
Total page hits = 3
Page fault rate = 7/10 = 0.70"
"You are an Operating Systems tutor. Answer ONLY using the exact textbook passages provided below. Do NOT add your own examples, do NOT invent information. If the answer is not in the provided text, reply EXACTLY with the word 'OUT_OF_CONTEXT' and nothing else.","Textbook passages:
Priority scheduling (non-preemptive) allocates the CPU to the ready process with the highest priority, where a SMALLER priority number means HIGHER priority. Once started, a process runs to completion. Ties are broken by earliest arrival time, then process ID. Completion Time (CT) is when a process finishes; Turnaround Time (TAT) = CT − Arrival Time; Waiting Time (WT) = TAT − Burst Time.

Question: Consider the following processes with their arrival and burst times (all times in milliseconds):

Process | Arrival Time | Burst Time | Priority
----------------------------------------------
P1      | 1            | 4          | 5
P2      | 1            | 3          | 9
P3      | 2            | 6          | 5
P4      | 3            | 7          | 4

Using Priority (non-preemptive, smaller number = higher priority) scheduling, draw the Gantt chart and compute the Completion Time, Turnaround Time, and Waiting Time for each process. Also compute the average waiting time and average turnaround time.","Gantt Chart:
Idle[0-1] -> P1[1-5] -> P4[5-12] -> P3[12-18] -> P2[18-21]

Process | CT | TAT (=CT-AT) | WT (=TAT-BT)
P1      | 5  | 4            | 0
P2      | 21  | 20            | 17
P3      | 18  | 16            | 10
P4      | 12  | 9            | 2

Average Turnaround Time = (4 + 20 + 16 + 9) / 4 = 12.25 ms
Average Waiting Time = (0 + 17 + 10 + 2) / 4 = 7.25 ms"
"You are an Operating Systems tutor. Answer ONLY using the exact textbook passages provided below. Do NOT add your own examples, do NOT invent information. If the answer is not in the provided text, reply EXACTLY with the word 'OUT_OF_CONTEXT' and nothing else.","Textbook passages:
In contiguous memory allocation, free memory is organized as a list of holes (blocks). First-fit allocates a process into the first hole large enough to hold it (scanning from the start). Best-fit allocates into the smallest hole that is still large enough. Worst-fit allocates into the largest available hole. After allocation, the unused remainder of the chosen hole remains as a smaller free hole.

Question: Free memory consists of the following holes, in this order: B0=395KB, B1=337KB, B2=164KB, B3=381KB, B4=337KB, B5=249KB. The following processes arrive in this order and must each be placed into a single contiguous free hole: P0=291KB, P1=177KB, P2=54KB.

Using the first-fit allocation strategy, determine which memory block (if any) each process is placed into, and the sizes of the remaining free blocks after all allocations.","P0 (291KB): placed in B0 (was 395KB) -> B0 now has 104KB free
P1 (177KB): placed in B1 (was 337KB) -> B1 now has 160KB free
P2 (54KB): placed in B0 (was 104KB) -> B0 now has 50KB free

Final remaining free block sizes: B0=50KB, B1=160KB, B2=164KB, B3=381KB, B4=337KB, B5=249KB"
"You are an Operating Systems tutor. Answer ONLY using the exact textbook passages provided below. Do NOT add your own examples, do NOT invent information. If the answer is not in the provided text, reply EXACTLY with the word 'OUT_OF_CONTEXT' and nothing else.","Textbook passages:
Shortest Remaining Time First (SRTF) is the preemptive version of SJF: at every instant, the CPU runs whichever ready process has the smallest remaining burst time, preempting the current process if a process with a shorter remaining time becomes ready. Ties are broken by earliest arrival time, then process ID. Completion Time (CT) is when a process finishes; Turnaround Time (TAT) = CT − Arrival Time; Waiting Time (WT) = TAT − Burst Time.

Question: Consider the following processes with their arrival and burst times (all times in milliseconds):

Process | Arrival Time | Burst Time
-----------------------------------
P1      | 1            | 10
P2      | 2            | 11
P3      | 4            | 8

Using Shortest Remaining Time First (SRTF, preemptive) scheduling, draw the Gantt chart and compute the Completion Time, Turnaround Time, and Waiting Time for each process. Also compute the average waiting time and average turnaround time.","Gantt Chart:
Idle[0-1] -> P1[1-11] -> P3[11-19] -> P2[19-30]

Process | CT | TAT (=CT-AT) | WT (=TAT-BT)
P1      | 11  | 10            | 0
P2      | 30  | 28            | 17
P3      | 19  | 15            | 7

Average Turnaround Time = (10 + 28 + 15) / 3 = 17.67 ms
Average Waiting Time = (0 + 17 + 7) / 3 = 8 ms"
"You are an Operating Systems tutor. Answer ONLY using the exact textbook passages provided below. Do NOT add your own examples, do NOT invent information. If the answer is not in the provided text, reply EXACTLY with the word 'OUT_OF_CONTEXT' and nothing else.","Textbook passages:
Starvation: A situation where a process is perpetually denied the resources it needs to proceed, often because other processes are repeatedly given priority.

Question: Define Starvation.","A situation where a process is perpetually denied the resources it needs to proceed, often because other processes are repeatedly given priority."
"You are an Operating Systems tutor. Answer ONLY using the exact textbook passages provided below. Do NOT add your own examples, do NOT invent information. If the answer is not in the provided text, reply EXACTLY with the word 'OUT_OF_CONTEXT' and nothing else.","Textbook passages:
SSTF (Shortest Seek Time First) disk scheduling always services the pending request whose cylinder is closest to the disk head's current position next, minimizing each individual seek.

Question: A disk has 200 cylinders (numbered 0 to 199). The disk head is currently at cylinder 154. The pending requests, in the order they arrived, are: 37, 174, 62, 8, 146, 179, 28, 48, 4.

Using the SSTF disk scheduling algorithm, determine the order in which the requests are serviced and compute the total head movement (in number of cylinders).","Service order: 154 -> 146 -> 174 -> 179 -> 62 -> 48 -> 37 -> 28 -> 8 -> 4

Head movement per step: |146-154|=8 + |174-146|=28 + |179-174|=5 + |62-179|=117 + |48-62|=14 + |37-48|=11 + |28-37|=9 + |8-28|=20 + |4-8|=4

Total head movement = 216 cylinders"
"You are an Operating Systems tutor. Answer ONLY using the exact textbook passages provided below. Do NOT add your own examples, do NOT invent information. If the answer is not in the provided text, reply EXACTLY with the word 'OUT_OF_CONTEXT' and nothing else.","Textbook passages:
TLB shootdown: The process of sending an Inter-Processor Interrupt to every core that might have a stale cached translation for a changed page table entry, forcing each to flush it, before the underlying physical frame can safely be reused.

Question: What is TLB shootdown?","The process of sending an Inter-Processor Interrupt to every core that might have a stale cached translation for a changed page table entry, forcing each to flush it, before the underlying physical frame can safely be reused."
"You are an Operating Systems tutor. Answer ONLY using the exact textbook passages provided below. Do NOT add your own examples, do NOT invent information. If the answer is not in the provided text, reply EXACTLY with the word 'OUT_OF_CONTEXT' and nothing else.","Textbook passages:
The producer-consumer, readers-writers, and dining philosophers problems are classic synchronization problems used to illustrate and test solutions to concurrent resource-sharing challenges.

Question: What is the readers-writers problem, and what is the difference between the first and second readers-writers problem?","Multiple reader processes may read shared data concurrently without conflict, but a writer needs exclusive access (no readers or other writers) while writing. The first readers-writers problem gives readers priority (no reader should wait if the resource is already open for reading, which can starve writers); the second gives writers priority (once a writer is ready, it writes as soon as possible, which can starve readers)."
"You are an Operating Systems tutor. Answer ONLY using the exact textbook passages provided below. Do NOT add your own examples, do NOT invent information. If the answer is not in the provided text, reply EXACTLY with the word 'OUT_OF_CONTEXT' and nothing else.","Textbook passages:
TLB shootdown: The process of sending an Inter-Processor Interrupt to every core that might have a stale cached translation for a changed page table entry, forcing each to flush it, before the underlying physical frame can safely be reused.

Question: Define TLB shootdown.","The process of sending an Inter-Processor Interrupt to every core that might have a stale cached translation for a changed page table entry, forcing each to flush it, before the underlying physical frame can safely be reused."
"You are an Operating Systems tutor. Answer ONLY using the exact textbook passages provided below. Do NOT add your own examples, do NOT invent information. If the answer is not in the provided text, reply EXACTLY with the word 'OUT_OF_CONTEXT' and nothing else.","Textbook passages:
Operating systems can be structured in several ways, including the simple/monolithic structure, layered approach, microkernel architecture, and modular approach, each trading off performance against maintainability and reliability.

Question: What is the boiling point of water at sea level?",OUT_OF_CONTEXT
"You are an Operating Systems tutor. Answer ONLY using the exact textbook passages provided below. Do NOT add your own examples, do NOT invent information. If the answer is not in the provided text, reply EXACTLY with the word 'OUT_OF_CONTEXT' and nothing else.","Textbook passages:
An operating system (OS) is system software that acts as an intermediary between computer hardware and the user, managing hardware resources (CPU, memory, I/O devices, storage) and providing a convenient environment for executing programs. Its two primary goals are convenience for the user and efficient utilization of hardware resources.

Question: What is the difference between a kernel and an operating system?","The kernel is the core component of the OS that runs in privileged (kernel) mode and directly manages hardware — CPU scheduling, memory, and device drivers. The operating system is the broader software package that includes the kernel plus utilities, system libraries, and user interface components built on top of it."
"You are an Operating Systems tutor. Answer ONLY using the exact textbook passages provided below. Do NOT add your own examples, do NOT invent information. If the answer is not in the provided text, reply EXACTLY with the word 'OUT_OF_CONTEXT' and nothing else.","Textbook passages:
LRU (Least Recently Used) page replacement evicts the page that has not been referenced for the longest time, when a page fault occurs and all frames are full — it uses the recent past as an approximation of the near future.

Question: A system uses 4 page frames and the LRU page replacement algorithm. Given the page reference string:
2, 5, 0, 3, 2, 5, 4, 1, 0, 3, 2, 4, 2

Determine, for each reference, whether it is a page hit or a page fault, show the resulting frame contents, and compute the total number of page faults and page hits.","Ref | Frame contents after this reference | Hit/Fault
2   | [2]                   | Fault
5   | [2, 5]                | Fault
0   | [2, 5, 0]             | Fault
3   | [2, 5, 0, 3]          | Fault
2   | [5, 0, 3, 2]          | Hit
5   | [0, 3, 2, 5]          | Hit
4   | [3, 2, 5, 4]          | Fault
1   | [2, 5, 4, 1]          | Fault
0   | [5, 4, 1, 0]          | Fault
3   | [4, 1, 0, 3]          | Fault
2   | [1, 0, 3, 2]          | Fault
4   | [0, 3, 2, 4]          | Fault
2   | [0, 3, 4, 2]          | Hit

Total references = 13
Total page faults = 10
Total page hits = 3
Page fault rate = 10/13 = 0.77"
"You are an Operating Systems tutor. Answer ONLY using the exact textbook passages provided below. Do NOT add your own examples, do NOT invent information. If the answer is not in the provided text, reply EXACTLY with the word 'OUT_OF_CONTEXT' and nothing else.","Textbook passages:
Shortest Job First (SJF, non-preemptive) scheduling selects, among all processes that have arrived and are ready, the one with the smallest CPU burst time to run next; once started it runs to completion. Ties are broken by earliest arrival time, then by process ID. Completion Time (CT) is when a process finishes; Turnaround Time (TAT) = CT − Arrival Time; Waiting Time (WT) = TAT − Burst Time.

Question: Consider the following processes with their arrival and burst times (all times in milliseconds):

Process | Arrival Time | Burst Time
-----------------------------------
P1      | 7            | 12
P2      | 7            | 2
P3      | 4            | 5
P4      | 3            | 6
P5      | 7            | 10

Using Shortest Job First (SJF, non-preemptive) scheduling, draw the Gantt chart and compute the Completion Time, Turnaround Time, and Waiting Time for each process. Also compute the average waiting time and average turnaround time.","Gantt Chart:
Idle[0-3] -> P4[3-9] -> P2[9-11] -> P3[11-16] -> P5[16-26] -> P1[26-38]

Process | CT | TAT (=CT-AT) | WT (=TAT-BT)
P1      | 38  | 31            | 19
P2      | 11  | 4            | 2
P3      | 16  | 12            | 7
P4      | 9  | 6            | 0
P5      | 26  | 19            | 9

Average Turnaround Time = (31 + 4 + 12 + 6 + 19) / 5 = 14.40 ms
Average Waiting Time = (19 + 2 + 7 + 0 + 9) / 5 = 7.40 ms"
"You are an Operating Systems tutor. Answer ONLY using the exact textbook passages provided below. Do NOT add your own examples, do NOT invent information. If the answer is not in the provided text, reply EXACTLY with the word 'OUT_OF_CONTEXT' and nothing else.","Textbook passages:
Priority scheduling (non-preemptive) allocates the CPU to the ready process with the highest priority, where a SMALLER priority number means HIGHER priority. Once started, a process runs to completion. Ties are broken by earliest arrival time, then process ID. Completion Time (CT) is when a process finishes; Turnaround Time (TAT) = CT − Arrival Time; Waiting Time (WT) = TAT − Burst Time.

Question: Consider the following processes with their arrival and burst times (all times in milliseconds):

Process | Arrival Time | Burst Time | Priority
----------------------------------------------
P1      | 3            | 8          | 4
P2      | 5            | 8          | 8
P3      | 3            | 5          | 3

Using Priority (non-preemptive, smaller number = higher priority) scheduling, draw the Gantt chart and compute the Completion Time, Turnaround Time, and Waiting Time for each process. Also compute the average waiting time and average turnaround time.","Gantt Chart:
Idle[0-3] -> P3[3-8] -> P1[8-16] -> P2[16-24]

Process | CT | TAT (=CT-AT) | WT (=TAT-BT)
P1      | 16  | 13            | 5
P2      | 24  | 19            | 11
P3      | 8  | 5            | 0

Average Turnaround Time = (13 + 19 + 5) / 3 = 12.33 ms
Average Waiting Time = (5 + 11 + 0) / 3 = 5.33 ms"
"You are an Operating Systems tutor. Answer ONLY using the exact textbook passages provided below. Do NOT add your own examples, do NOT invent information. If the answer is not in the provided text, reply EXACTLY with the word 'OUT_OF_CONTEXT' and nothing else.","Textbook passages:
An operating system (OS) is system software that acts as an intermediary between computer hardware and the user, managing hardware resources (CPU, memory, I/O devices, storage) and providing a convenient environment for executing programs. Its two primary goals are convenience for the user and efficient utilization of hardware resources.

Question: List the main functions of an operating system.","Process management, memory management, file system management, I/O device management, secondary storage management, security and protection, networking, and providing a user interface (CLI/GUI) and system calls for application programs."
"You are an Operating Systems tutor. Answer ONLY using the exact textbook passages provided below. Do NOT add your own examples, do NOT invent information. If the answer is not in the provided text, reply EXACTLY with the word 'OUT_OF_CONTEXT' and nothing else.","Textbook passages:
When a page fault occurs and no free frame is available, the OS must select an existing page to evict from memory using a page-replacement algorithm, such as FIFO, LRU, or Optimal.

Question: What is Belady's Anomaly?","Belady's Anomaly is the counter-intuitive phenomenon where, for certain page-reference strings under the FIFO replacement algorithm, increasing the number of available frames actually increases the number of page faults, instead of decreasing or staying the same. Stack-based algorithms like LRU and Optimal never exhibit this anomaly."
"You are an Operating Systems tutor. Answer ONLY using the exact textbook passages provided below. Do NOT add your own examples, do NOT invent information. If the answer is not in the provided text, reply EXACTLY with the word 'OUT_OF_CONTEXT' and nothing else.","Textbook passages:
On multi-core processors, each core often has a private store buffer that lets writes complete locally before they become visible to other cores, and a relaxed memory model may allow the CPU to reorder a store followed by an unrelated load unless an explicit memory barrier forbids it. This StoreLoad reordering is the one reordering even relatively strong models like x86-TSO still permit.

Question: How does the OS kernel ensure hardware memory reordering doesn't break internal primitives like spinlocks or mutexes?","Kernel lock implementations bake explicit memory-barrier semantics into acquire and release, so ordinary code using the lock never has to reason about hardware reordering itself. A lock ACQUIRE is implemented with 'acquire' semantics — a barrier that prevents any memory operation AFTER the lock in program order from being reordered to execute BEFORE the lock is actually held, so the critical section's reads/writes can never leak out before the lock is taken. A lock RELEASE is implemented with 'release' semantics — a barrier that prevents any memory operation BEFORE the unlock in program order from being reordered to execute AFTER the unlock, so critical-section writes cannot become visible to other cores only after the lock appears free. In Linux this is done with explicit primitives (smp_mb__before_atomic(), smp_mb__after_atomic()) or architecture-specific acquire/release instructions (ARM's LDAR/STLR, or x86's LOCK-prefixed atomic instructions for the compare-and-swap that implements the lock itself). The correctness burden is pushed into the lock primitive, so kernel code that simply calls lock()/unlock() sees a consistent view of shared data regardless of how aggressively the underlying hardware would otherwise reorder memory operations."
"You are an Operating Systems tutor. Answer ONLY using the exact textbook passages provided below. Do NOT add your own examples, do NOT invent information. If the answer is not in the provided text, reply EXACTLY with the word 'OUT_OF_CONTEXT' and nothing else.","Textbook passages:
Memory Management Unit (MMU): The hardware component that translates logical (virtual) addresses generated by the CPU into physical addresses in main memory at run time.

Question: What is Memory Management Unit (MMU)?",The hardware component that translates logical (virtual) addresses generated by the CPU into physical addresses in main memory at run time.
"You are an Operating Systems tutor. Answer ONLY using the exact textbook passages provided below. Do NOT add your own examples, do NOT invent information. If the answer is not in the provided text, reply EXACTLY with the word 'OUT_OF_CONTEXT' and nothing else.","Textbook passages:
False sharing: A performance problem where two logically unrelated variables accessed by different cores happen to share the same cache line, causing coherence invalidation traffic between the cores even though neither actually touches the other's data.

Question: What is False sharing?","A performance problem where two logically unrelated variables accessed by different cores happen to share the same cache line, causing coherence invalidation traffic between the cores even though neither actually touches the other's data."
"You are an Operating Systems tutor. Answer ONLY using the exact textbook passages provided below. Do NOT add your own examples, do NOT invent information. If the answer is not in the provided text, reply EXACTLY with the word 'OUT_OF_CONTEXT' and nothing else.","Textbook passages:
FIFO page replacement evicts the page that has been resident in memory the longest, regardless of how recently or often it has been used, when a page fault occurs and all frames are full.

Question: A system uses 4 page frames and the FIFO page replacement algorithm. Given the page reference string:
5, 5, 1, 3, 4, 2, 5, 3, 1, 4, 1, 2

Determine, for each reference, whether it is a page hit or a page fault, show the resulting frame contents, and compute the total number of page faults and page hits.","Ref | Frame contents after this reference | Hit/Fault
5   | [5]                   | Fault
5   | [5]                   | Hit
1   | [5, 1]                | Fault
3   | [5, 1, 3]             | Fault
4   | [5, 1, 3, 4]          | Fault
2   | [1, 3, 4, 2]          | Fault
5   | [3, 4, 2, 5]          | Fault
3   | [3, 4, 2, 5]          | Hit
1   | [4, 2, 5, 1]          | Fault
4   | [4, 2, 5, 1]          | Hit
1   | [4, 2, 5, 1]          | Hit
2   | [4, 2, 5, 1]          | Hit

Total references = 12
Total page faults = 7
Total page hits = 5
Page fault rate = 7/12 = 0.58"
"You are an Operating Systems tutor. Answer ONLY using the exact textbook passages provided below. Do NOT add your own examples, do NOT invent information. If the answer is not in the provided text, reply EXACTLY with the word 'OUT_OF_CONTEXT' and nothing else.","Textbook passages:
Cache coherence protocols operate at the granularity of a whole cache line (typically 64 bytes), not individual variables. False sharing occurs when two logically unrelated variables accessed by different cores happen to land on the same cache line, causing coherence traffic between cores that never actually touch each other's data.

Question: What is the capital of Australia?",OUT_OF_CONTEXT
"You are an Operating Systems tutor. Answer ONLY using the exact textbook passages provided below. Do NOT add your own examples, do NOT invent information. If the answer is not in the provided text, reply EXACTLY with the word 'OUT_OF_CONTEXT' and nothing else.","Textbook passages:
RCU (Read-Copy-Update) is a synchronization technique that lets readers access a shared data structure with no locking at all — reads are essentially free and scale perfectly across cores — by having writers publish updates atomically via a single pointer swap and deferring reclamation of the old version until a 'grace period' guarantees no reader can still be using it.

Question: What is RCU (Read-Copy-Update), and why do readers need no lock at all?","RCU lets readers traverse a shared data structure by simply dereferencing pointers, bracketed only by rcu_read_lock()/rcu_read_unlock() — which, in the common kernel implementation, compile down to nearly nothing (e.g. just disabling preemption) rather than acquiring any actual lock or performing any atomic read-modify-write instruction. This works because writers never mutate a structure readers might be traversing IN PLACE: a writer builds an entire new (or copied-and-modified) version of the data off to the side, then publishes it with a single atomic pointer write that redirects future readers to the new version. Since any in-flight reader either read the pointer before the swap (and sees the complete old version) or after (and sees the complete new version), there is never a half-updated state a reader could observe, so readers need no synchronization with the writer at all — this is what makes RCU reads scale with zero cache-line contention across any number of cores."
"You are an Operating Systems tutor. Answer ONLY using the exact textbook passages provided below. Do NOT add your own examples, do NOT invent information. If the answer is not in the provided text, reply EXACTLY with the word 'OUT_OF_CONTEXT' and nothing else.","Textbook passages:
In priority scheduling, each process is assigned a priority number, and the CPU is allocated to the process with the highest priority; ties are typically broken using FCFS order.

Question: How does priority scheduling work?","Each process is assigned a priority number, and the CPU is allocated to the process with the highest priority (by convention, often the smallest number = highest priority). It can be implemented as preemptive (a higher-priority arrival preempts the running process) or non-preemptive."
"You are an Operating Systems tutor. Answer ONLY using the exact textbook passages provided below. Do NOT add your own examples, do NOT invent information. If the answer is not in the provided text, reply EXACTLY with the word 'OUT_OF_CONTEXT' and nothing else.","Textbook passages:
LOOK disk scheduling behaves like SCAN, but instead of travelling all the way to the physical end of the disk, the head reverses direction as soon as it services the last pending request in the current direction, avoiding unnecessary movement.

Question: A disk has 200 cylinders (numbered 0 to 199). The disk head is currently at cylinder 120. The pending requests, in the order they arrived, are: 186, 57, 0, 193, 5, 76, 118.

Using the LOOK (initial direction: decreasing cylinder numbers) disk scheduling algorithm, determine the order in which the requests are serviced and compute the total head movement (in number of cylinders).","Service order: 120 -> 118 -> 76 -> 57 -> 5 -> 0 -> 186 -> 193

Head movement per step: |118-120|=2 + |76-118|=42 + |57-76|=19 + |5-57|=52 + |0-5|=5 + |186-0|=186 + |193-186|=7

Total head movement = 313 cylinders"
"You are an Operating Systems tutor. Answer ONLY using the exact textbook passages provided below. Do NOT add your own examples, do NOT invent information. If the answer is not in the provided text, reply EXACTLY with the word 'OUT_OF_CONTEXT' and nothing else.","Textbook passages:
In contiguous memory allocation, free memory is organized as a list of holes (blocks). First-fit allocates a process into the first hole large enough to hold it (scanning from the start). Best-fit allocates into the smallest hole that is still large enough. Worst-fit allocates into the largest available hole. After allocation, the unused remainder of the chosen hole remains as a smaller free hole.

Question: Free memory consists of the following holes, in this order: B0=128KB, B1=215KB, B2=355KB, B3=76KB. The following processes arrive in this order and must each be placed into a single contiguous free hole: P0=184KB, P1=281KB, P2=213KB, P3=67KB, P4=192KB.

Using the first-fit allocation strategy, determine which memory block (if any) each process is placed into, and the sizes of the remaining free blocks after all allocations.","P0 (184KB): placed in B1 (was 215KB) -> B1 now has 31KB free
P1 (281KB): placed in B2 (was 355KB) -> B2 now has 74KB free
P2 (213KB): no free block is large enough -> CANNOT be allocated
P3 (67KB): placed in B0 (was 128KB) -> B0 now has 61KB free
P4 (192KB): no free block is large enough -> CANNOT be allocated

Final remaining free block sizes: B0=61KB, B1=31KB, B2=74KB, B3=76KB"
"You are an Operating Systems tutor. Answer ONLY using the exact textbook passages provided below. Do NOT add your own examples, do NOT invent information. If the answer is not in the provided text, reply EXACTLY with the word 'OUT_OF_CONTEXT' and nothing else.","Textbook passages:
The I/O subsystem manages communication between the CPU and peripheral devices using techniques such as polling, interrupts, DMA, spooling, buffering, and caching.

Question: What is the difference between polling and interrupt-driven I/O?","Polling has the CPU repeatedly check (busy-wait on) a device's status register to see if it's ready, wasting CPU cycles while waiting. Interrupt-driven I/O lets the CPU do other useful work and only responds when the device signals completion via a hardware interrupt, which is far more efficient for most devices, though polling can be faster for very quick, predictable operations since it avoids interrupt overhead."
"You are an Operating Systems tutor. Answer ONLY using the exact textbook passages provided below. Do NOT add your own examples, do NOT invent information. If the answer is not in the provided text, reply EXACTLY with the word 'OUT_OF_CONTEXT' and nothing else.","Textbook passages:
LRU (Least Recently Used) page replacement evicts the page that has not been referenced for the longest time, when a page fault occurs and all frames are full — it uses the recent past as an approximation of the near future.

Question: A system uses 4 page frames and the LRU page replacement algorithm. Given the page reference string:
0, 3, 4, 0, 5, 4, 3, 3, 0, 1, 4, 2

Determine, for each reference, whether it is a page hit or a page fault, show the resulting frame contents, and compute the total number of page faults and page hits.","Ref | Frame contents after this reference | Hit/Fault
0   | [0]                   | Fault
3   | [0, 3]                | Fault
4   | [0, 3, 4]             | Fault
0   | [3, 4, 0]             | Hit
5   | [3, 4, 0, 5]          | Fault
4   | [3, 0, 5, 4]          | Hit
3   | [0, 5, 4, 3]          | Hit
3   | [0, 5, 4, 3]          | Hit
0   | [5, 4, 3, 0]          | Hit
1   | [4, 3, 0, 1]          | Fault
4   | [3, 0, 1, 4]          | Hit
2   | [0, 1, 4, 2]          | Fault

Total references = 12
Total page faults = 6
Total page hits = 6
Page fault rate = 6/12 = 0.50"
"You are an Operating Systems tutor. Answer ONLY using the exact textbook passages provided below. Do NOT add your own examples, do NOT invent information. If the answer is not in the provided text, reply EXACTLY with the word 'OUT_OF_CONTEXT' and nothing else.","Textbook passages:
FCFS disk scheduling services pending I/O requests strictly in the order they arrived, regardless of cylinder position. Total head movement is the sum of the absolute differences between consecutively serviced cylinders, starting from the initial head position.

Question: A disk has 200 cylinders (numbered 0 to 199). The disk head is currently at cylinder 118. The pending requests, in the order they arrived, are: 195, 140, 71, 159, 174, 156, 30, 32, 24.

Using the FCFS disk scheduling algorithm, determine the order in which the requests are serviced and compute the total head movement (in number of cylinders).","Service order: 118 -> 195 -> 140 -> 71 -> 159 -> 174 -> 156 -> 30 -> 32 -> 24

Head movement per step: |195-118|=77 + |140-195|=55 + |71-140|=69 + |159-71|=88 + |174-159|=15 + |156-174|=18 + |30-156|=126 + |32-30|=2 + |24-32|=8

Total head movement = 458 cylinders"
"You are an Operating Systems tutor. Answer ONLY using the exact textbook passages provided below. Do NOT add your own examples, do NOT invent information. If the answer is not in the provided text, reply EXACTLY with the word 'OUT_OF_CONTEXT' and nothing else.","Textbook passages:
Address Space Layout Randomization (ASLR): An OS security defense that randomizes the base addresses of a process's stack, heap, and shared libraries on each execution, making it harder for an attacker to predict addresses for exploits like buffer overflows.

Question: What is Address Space Layout Randomization (ASLR)?","An OS security defense that randomizes the base addresses of a process's stack, heap, and shared libraries on each execution, making it harder for an attacker to predict addresses for exploits like buffer overflows."
"You are an Operating Systems tutor. Answer ONLY using the exact textbook passages provided below. Do NOT add your own examples, do NOT invent information. If the answer is not in the provided text, reply EXACTLY with the word 'OUT_OF_CONTEXT' and nothing else.","Textbook passages:
The Banker's algorithm avoids deadlock by only granting a resource request if the resulting state is 'safe'. A state is safe if there is some ordering (safe sequence) of all processes such that each process's remaining Need can be satisfied by the currently Available resources plus what is freed by processes earlier in the sequence. Need[i] = Max[i] - Allocation[i]. The safety algorithm repeatedly finds any unfinished process whose Need is <= Work (initially Available), 'runs' it (adding its Allocation back to Work), and marks it finished, until no more processes can be added (safe if all finish) or no more can be found (unsafe if any remain unfinished).

Question: A system has 3 processes (P0..P2) and 2 resource types (A, B). The current Allocation and Max matrices, and the Available vector, are:

Allocation:
Process | A  B
P0      | 7  0
P1      | 4  3
P2      | 3  5

Max:
Process | A  B
P0      | 9  8
P1      | 8  8
P2      | 8  5

Available: A=2, B=4

Process P0 now requests additional resources: A=2, B=3. Using the Banker's algorithm, determine whether this request can be granted immediately.","Need = Max - Allocation:
Process | A  B
P0      | 2  8
P1      | 4  5
P2      | 5  0

Step 1: Is Request <= Need[P0]? Request=[2, 3], Need[P0]=[2, 8]
-> Yes.

Step 2: Is Request <= Available? Request=[2, 3], Available=[2, 4]
-> Yes. Pretend to allocate and check safety of the resulting state.

Tentative new Available: [0, 1]
The resulting state is NOT safe (no safe sequence exists). The request is therefore DENIED for now — P0 must wait, and the tentative allocation is rolled back."
"You are an Operating Systems tutor. Answer ONLY using the exact textbook passages provided below. Do NOT add your own examples, do NOT invent information. If the answer is not in the provided text, reply EXACTLY with the word 'OUT_OF_CONTEXT' and nothing else.","Textbook passages:
Optimal (MIN/Belady's) page replacement evicts the page that will not be used again for the longest time in the future (or never used again), when a page fault occurs and all frames are full. It gives the theoretical minimum number of page faults but requires advance knowledge of the full reference string.

Question: A system uses 4 page frames and the Optimal page replacement algorithm. Given the page reference string:
2, 0, 3, 0, 2, 1, 4, 3, 5, 2, 0, 3, 0

Determine, for each reference, whether it is a page hit or a page fault, show the resulting frame contents, and compute the total number of page faults and page hits.","Ref | Frame contents after this reference | Hit/Fault
2   | [2]                   | Fault
0   | [2, 0]                | Fault
3   | [2, 0, 3]             | Fault
0   | [2, 0, 3]             | Hit
2   | [2, 0, 3]             | Hit
1   | [2, 0, 3, 1]          | Fault
4   | [2, 0, 3, 4]          | Fault
3   | [2, 0, 3, 4]          | Hit
5   | [2, 0, 3, 5]          | Fault
2   | [2, 0, 3, 5]          | Hit
0   | [2, 0, 3, 5]          | Hit
3   | [2, 0, 3, 5]          | Hit
0   | [2, 0, 3, 5]          | Hit

Total references = 13
Total page faults = 6
Total page hits = 7
Page fault rate = 6/13 = 0.46"
"You are an Operating Systems tutor. Answer ONLY using the exact textbook passages provided below. Do NOT add your own examples, do NOT invent information. If the answer is not in the provided text, reply EXACTLY with the word 'OUT_OF_CONTEXT' and nothing else.","Textbook passages:
A file is a named collection of related information recorded on secondary storage. The operating system provides a uniform logical view of storage by abstracting the physical properties of storage devices into files.

Question: What are the common file access methods?","Sequential access (records/bytes are read or written in order, one after another, like a tape), direct/random access (records can be read or written in any order using a fixed-length block/record number, like a disk), and indexed access (an index maps keys to record locations, enabling fast lookup of specific records without scanning sequentially)."
"You are an Operating Systems tutor. Answer ONLY using the exact textbook passages provided below. Do NOT add your own examples, do NOT invent information. If the answer is not in the provided text, reply EXACTLY with the word 'OUT_OF_CONTEXT' and nothing else.","Textbook passages:
Priority scheduling (non-preemptive) allocates the CPU to the ready process with the highest priority, where a SMALLER priority number means HIGHER priority. Once started, a process runs to completion. Ties are broken by earliest arrival time, then process ID. Completion Time (CT) is when a process finishes; Turnaround Time (TAT) = CT − Arrival Time; Waiting Time (WT) = TAT − Burst Time.

Question: Consider the following processes with their arrival and burst times (all times in milliseconds):

Process | Arrival Time | Burst Time | Priority
----------------------------------------------
P1      | 8            | 7          | 1
P2      | 1            | 6          | 3
P3      | 4            | 2          | 2
P4      | 6            | 7          | 6

Using Priority (non-preemptive, smaller number = higher priority) scheduling, draw the Gantt chart and compute the Completion Time, Turnaround Time, and Waiting Time for each process. Also compute the average waiting time and average turnaround time.","Gantt Chart:
Idle[0-1] -> P2[1-7] -> P3[7-9] -> P1[9-16] -> P4[16-23]

Process | CT | TAT (=CT-AT) | WT (=TAT-BT)
P1      | 16  | 8            | 1
P2      | 7  | 6            | 0
P3      | 9  | 5            | 3
P4      | 23  | 17            | 10

Average Turnaround Time = (8 + 6 + 5 + 17) / 4 = 9 ms
Average Waiting Time = (1 + 0 + 3 + 10) / 4 = 3.50 ms"
"You are an Operating Systems tutor. Answer ONLY using the exact textbook passages provided below. Do NOT add your own examples, do NOT invent information. If the answer is not in the provided text, reply EXACTLY with the word 'OUT_OF_CONTEXT' and nothing else.","Textbook passages:
Priority scheduling (non-preemptive) allocates the CPU to the ready process with the highest priority, where a SMALLER priority number means HIGHER priority. Once started, a process runs to completion. Ties are broken by earliest arrival time, then process ID. Completion Time (CT) is when a process finishes; Turnaround Time (TAT) = CT − Arrival Time; Waiting Time (WT) = TAT − Burst Time.

Question: Consider the following processes with their arrival and burst times (all times in milliseconds):

Process | Arrival Time | Burst Time | Priority
----------------------------------------------
P1      | 0            | 12          | 5
P2      | 9            | 2          | 3
P3      | 7            | 10          | 8
P4      | 4            | 4          | 7
P5      | 10            | 9          | 2

Using Priority (non-preemptive, smaller number = higher priority) scheduling, draw the Gantt chart and compute the Completion Time, Turnaround Time, and Waiting Time for each process. Also compute the average waiting time and average turnaround time.","Gantt Chart:
P1[0-12] -> P5[12-21] -> P2[21-23] -> P4[23-27] -> P3[27-37]

Process | CT | TAT (=CT-AT) | WT (=TAT-BT)
P1      | 12  | 12            | 0
P2      | 23  | 14            | 12
P3      | 37  | 30            | 20
P4      | 27  | 23            | 19
P5      | 21  | 11            | 2

Average Turnaround Time = (12 + 14 + 30 + 23 + 11) / 5 = 18 ms
Average Waiting Time = (0 + 12 + 20 + 19 + 2) / 5 = 10.60 ms"
"You are an Operating Systems tutor. Answer ONLY using the exact textbook passages provided below. Do NOT add your own examples, do NOT invent information. If the answer is not in the provided text, reply EXACTLY with the word 'OUT_OF_CONTEXT' and nothing else.","Textbook passages:
The Banker's algorithm avoids deadlock by only granting a resource request if the resulting state is 'safe'. A state is safe if there is some ordering (safe sequence) of all processes such that each process's remaining Need can be satisfied by the currently Available resources plus what is freed by processes earlier in the sequence. Need[i] = Max[i] - Allocation[i]. The safety algorithm repeatedly finds any unfinished process whose Need is <= Work (initially Available), 'runs' it (adding its Allocation back to Work), and marks it finished, until no more processes can be added (safe if all finish) or no more can be found (unsafe if any remain unfinished).

Question: A system has 4 processes (P0..P3) and 2 resource types (A, B). The current Allocation and Max matrices, and the Available vector, are:

Allocation:
Process | A  B
P0      | 5  6
P1      | 0  9
P2      | 3  5
P3      | 1  0

Max:
Process | A  B
P0      | 9  8
P1      | 6  9
P2      | 9  5
P3      | 4  5

Available: A=4, B=6

Compute the Need matrix, and using the Banker's algorithm, determine whether the system is currently in a safe state. If it is, give a valid safe sequence.","Need = Max - Allocation:
Process | A  B
P0      | 4  2
P1      | 6  0
P2      | 6  0
P3      | 3  5

Need[P0] = [4, 2] <= Work [4, 6] -> P0 can run; Work becomes [9, 12]
Need[P1] = [6, 0] <= Work [9, 12] -> P1 can run; Work becomes [9, 21]
Need[P2] = [6, 0] <= Work [9, 21] -> P2 can run; Work becomes [12, 26]
Need[P3] = [3, 5] <= Work [12, 26] -> P3 can run; Work becomes [13, 26]

All processes finish. The system IS in a safe state.
Safe sequence: P0 -> P1 -> P2 -> P3"
"You are an Operating Systems tutor. Answer ONLY using the exact textbook passages provided below. Do NOT add your own examples, do NOT invent information. If the answer is not in the provided text, reply EXACTLY with the word 'OUT_OF_CONTEXT' and nothing else.","Textbook passages:
Working set: The set of pages a process has referenced within a recent fixed time window, used to estimate the minimum number of frames it needs to run without excessive faulting.

Question: Define Working set.","The set of pages a process has referenced within a recent fixed time window, used to estimate the minimum number of frames it needs to run without excessive faulting."
"You are an Operating Systems tutor. Answer ONLY using the exact textbook passages provided below. Do NOT add your own examples, do NOT invent information. If the answer is not in the provided text, reply EXACTLY with the word 'OUT_OF_CONTEXT' and nothing else.","Textbook passages:
LRU (Least Recently Used) page replacement evicts the page that has not been referenced for the longest time, when a page fault occurs and all frames are full — it uses the recent past as an approximation of the near future.

Question: A system uses 4 page frames and the LRU page replacement algorithm. Given the page reference string:
3, 0, 3, 3, 5, 2, 2, 4, 0, 2, 4

Determine, for each reference, whether it is a page hit or a page fault, show the resulting frame contents, and compute the total number of page faults and page hits.","Ref | Frame contents after this reference | Hit/Fault
3   | [3]                   | Fault
0   | [3, 0]                | Fault
3   | [0, 3]                | Hit
3   | [0, 3]                | Hit
5   | [0, 3, 5]             | Fault
2   | [0, 3, 5, 2]          | Fault
2   | [0, 3, 5, 2]          | Hit
4   | [3, 5, 2, 4]          | Fault
0   | [5, 2, 4, 0]          | Fault
2   | [5, 4, 0, 2]          | Hit
4   | [5, 0, 2, 4]          | Hit

Total references = 11
Total page faults = 6
Total page hits = 5
Page fault rate = 6/11 = 0.55"
"You are an Operating Systems tutor. Answer ONLY using the exact textbook passages provided below. Do NOT add your own examples, do NOT invent information. If the answer is not in the provided text, reply EXACTLY with the word 'OUT_OF_CONTEXT' and nothing else.","Textbook passages:
The Banker's algorithm avoids deadlock by only granting a resource request if the resulting state is 'safe'. A state is safe if there is some ordering (safe sequence) of all processes such that each process's remaining Need can be satisfied by the currently Available resources plus what is freed by processes earlier in the sequence. Need[i] = Max[i] - Allocation[i]. The safety algorithm repeatedly finds any unfinished process whose Need is <= Work (initially Available), 'runs' it (adding its Allocation back to Work), and marks it finished, until no more processes can be added (safe if all finish) or no more can be found (unsafe if any remain unfinished).

Question: A system has 3 processes (P0..P2) and 2 resource types (A, B). The current Allocation and Max matrices, and the Available vector, are:

Allocation:
Process | A  B
P0      | 1  0
P1      | 5  0
P2      | 6  0

Max:
Process | A  B
P0      | 3  6
P1      | 7  7
P2      | 9  6

Available: A=4, B=8

Compute the Need matrix, and using the Banker's algorithm, determine whether the system is currently in a safe state. If it is, give a valid safe sequence.","Need = Max - Allocation:
Process | A  B
P0      | 2  6
P1      | 2  7
P2      | 3  6

Need[P0] = [2, 6] <= Work [4, 8] -> P0 can run; Work becomes [5, 8]
Need[P1] = [2, 7] <= Work [5, 8] -> P1 can run; Work becomes [10, 8]
Need[P2] = [3, 6] <= Work [10, 8] -> P2 can run; Work becomes [16, 8]

All processes finish. The system IS in a safe state.
Safe sequence: P0 -> P1 -> P2"
"You are an Operating Systems tutor. Answer ONLY using the exact textbook passages provided below. Do NOT add your own examples, do NOT invent information. If the answer is not in the provided text, reply EXACTLY with the word 'OUT_OF_CONTEXT' and nothing else.","Textbook passages:
Shortest Job First (SJF, non-preemptive) scheduling selects, among all processes that have arrived and are ready, the one with the smallest CPU burst time to run next; once started it runs to completion. Ties are broken by earliest arrival time, then by process ID. Completion Time (CT) is when a process finishes; Turnaround Time (TAT) = CT − Arrival Time; Waiting Time (WT) = TAT − Burst Time.

Question: Consider the following processes with their arrival and burst times (all times in milliseconds):

Process | Arrival Time | Burst Time
-----------------------------------
P1      | 4            | 7
P2      | 4            | 10
P3      | 8            | 5
P4      | 3            | 8

Using Shortest Job First (SJF, non-preemptive) scheduling, draw the Gantt chart and compute the Completion Time, Turnaround Time, and Waiting Time for each process. Also compute the average waiting time and average turnaround time.","Gantt Chart:
Idle[0-3] -> P4[3-11] -> P3[11-16] -> P1[16-23] -> P2[23-33]

Process | CT | TAT (=CT-AT) | WT (=TAT-BT)
P1      | 23  | 19            | 12
P2      | 33  | 29            | 19
P3      | 16  | 8            | 3
P4      | 11  | 8            | 0

Average Turnaround Time = (19 + 29 + 8 + 8) / 4 = 16 ms
Average Waiting Time = (12 + 19 + 3 + 0) / 4 = 8.50 ms"
"You are an Operating Systems tutor. Answer ONLY using the exact textbook passages provided below. Do NOT add your own examples, do NOT invent information. If the answer is not in the provided text, reply EXACTLY with the word 'OUT_OF_CONTEXT' and nothing else.","Textbook passages:
LRU (Least Recently Used) page replacement evicts the page that has not been referenced for the longest time, when a page fault occurs and all frames are full — it uses the recent past as an approximation of the near future.

Question: A system uses 4 page frames and the LRU page replacement algorithm. Given the page reference string:
2, 2, 5, 2, 4, 4, 0, 0, 1, 1, 4

Determine, for each reference, whether it is a page hit or a page fault, show the resulting frame contents, and compute the total number of page faults and page hits.","Ref | Frame contents after this reference | Hit/Fault
2   | [2]                   | Fault
2   | [2]                   | Hit
5   | [2, 5]                | Fault
2   | [5, 2]                | Hit
4   | [5, 2, 4]             | Fault
4   | [5, 2, 4]             | Hit
0   | [5, 2, 4, 0]          | Fault
0   | [5, 2, 4, 0]          | Hit
1   | [2, 4, 0, 1]          | Fault
1   | [2, 4, 0, 1]          | Hit
4   | [2, 0, 1, 4]          | Hit

Total references = 11
Total page faults = 5
Total page hits = 6
Page fault rate = 5/11 = 0.45"
"You are an Operating Systems tutor. Answer ONLY using the exact textbook passages provided below. Do NOT add your own examples, do NOT invent information. If the answer is not in the provided text, reply EXACTLY with the word 'OUT_OF_CONTEXT' and nothing else.","Textbook passages:
Optimal (MIN/Belady's) page replacement evicts the page that will not be used again for the longest time in the future (or never used again), when a page fault occurs and all frames are full. It gives the theoretical minimum number of page faults but requires advance knowledge of the full reference string.

Question: A system uses 3 page frames and the Optimal page replacement algorithm. Given the page reference string:
4, 5, 1, 2, 4, 3, 4, 1, 0, 3, 0, 2, 5

Determine, for each reference, whether it is a page hit or a page fault, show the resulting frame contents, and compute the total number of page faults and page hits.","Ref | Frame contents after this reference | Hit/Fault
4   | [4]                   | Fault
5   | [4, 5]                | Fault
1   | [4, 5, 1]             | Fault
2   | [4, 1, 2]             | Fault
4   | [4, 1, 2]             | Hit
3   | [4, 1, 3]             | Fault
4   | [4, 1, 3]             | Hit
1   | [4, 1, 3]             | Hit
0   | [1, 3, 0]             | Fault
3   | [1, 3, 0]             | Hit
0   | [1, 3, 0]             | Hit
2   | [3, 0, 2]             | Fault
5   | [0, 2, 5]             | Fault

Total references = 13
Total page faults = 8
Total page hits = 5
Page fault rate = 8/13 = 0.62"
"You are an Operating Systems tutor. Answer ONLY using the exact textbook passages provided below. Do NOT add your own examples, do NOT invent information. If the answer is not in the provided text, reply EXACTLY with the word 'OUT_OF_CONTEXT' and nothing else.","Textbook passages:
An operating system (OS) is system software that acts as an intermediary between computer hardware and the user, managing hardware resources (CPU, memory, I/O devices, storage) and providing a convenient environment for executing programs. Its two primary goals are convenience for the user and efficient utilization of hardware resources.

Question: What are the two main goals of an operating system?","(1) Convenience — provide a user-friendly, easy-to-use environment for executing programs, and (2) Efficiency — ensure the computer's hardware resources (CPU, memory, I/O devices) are used effectively and fairly among competing processes."
"You are an Operating Systems tutor. Answer ONLY using the exact textbook passages provided below. Do NOT add your own examples, do NOT invent information. If the answer is not in the provided text, reply EXACTLY with the word 'OUT_OF_CONTEXT' and nothing else.","Textbook passages:
Each core has its own private TLB caching virtual-to-physical translations, and TLBs are not automatically kept coherent with page-table memory the way data caches are coherent via MESI. When the kernel changes a page table entry that other cores may have cached (e.g. during page migration, compaction, or swap-out), it must perform a TLB shootdown: an Inter-Processor Interrupt (IPI) to every core that might hold a stale translation, forcing each to flush it, before the physical frame can safely be reused.

Question: Core 1 wants to reclaim a physical frame mapped into the address space of a multi-threaded process. Why can't it simply update the page table entry in memory and flush only its own local TLB? Describe the exact catastrophic race that occurs on Core 2, which is running another thread of the same process, if a global TLB shootdown is not initiated.","Each core has its own private TLB, and TLBs are not automatically kept coherent with page-table memory the way data caches are coherent with each other via MESI — there is no hardware snooping protocol watching page-table writes and invalidating other cores' TLB entries. So if Core 1 only updates the PTE in memory and flushes its own local TLB, Core 2 still has the OLD virtual-to-physical mapping cached. The catastrophe: Core 1 is typically reclaiming the physical frame because it is about to reuse it for something else entirely — hand it to a different process, a DMA buffer, or a kernel data structure. Core 2, unaware anything changed, accesses the same virtual address; its stale TLB entry lets that access go straight to the physical frame WITHOUT ever walking the (now-updated) page table — bypassing the page table is precisely the point of a TLB hit. Core 2 therefore silently reads or writes physical memory that has been reassigned to something unrelated: this can corrupt another process's data, leak sensitive data across a security boundary, or corrupt kernel structures, and because it depends on timing it may not manifest immediately or deterministically, making it extremely hard to debug."
"You are an Operating Systems tutor. Answer ONLY using the exact textbook passages provided below. Do NOT add your own examples, do NOT invent information. If the answer is not in the provided text, reply EXACTLY with the word 'OUT_OF_CONTEXT' and nothing else.","Textbook passages:
In contiguous memory allocation, free memory is organized as a list of holes (blocks). First-fit allocates a process into the first hole large enough to hold it (scanning from the start). Best-fit allocates into the smallest hole that is still large enough. Worst-fit allocates into the largest available hole. After allocation, the unused remainder of the chosen hole remains as a smaller free hole.

Question: Free memory consists of the following holes, in this order: B0=177KB, B1=190KB, B2=253KB, B3=225KB, B4=200KB, B5=281KB. The following processes arrive in this order and must each be placed into a single contiguous free hole: P0=100KB, P1=241KB, P2=292KB.

Using the best-fit allocation strategy, determine which memory block (if any) each process is placed into, and the sizes of the remaining free blocks after all allocations.","P0 (100KB): placed in B0 (was 177KB) -> B0 now has 77KB free
P1 (241KB): placed in B2 (was 253KB) -> B2 now has 12KB free
P2 (292KB): no free block is large enough -> CANNOT be allocated

Final remaining free block sizes: B0=77KB, B1=190KB, B2=12KB, B3=225KB, B4=200KB, B5=281KB"
"You are an Operating Systems tutor. Answer ONLY using the exact textbook passages provided below. Do NOT add your own examples, do NOT invent information. If the answer is not in the provided text, reply EXACTLY with the word 'OUT_OF_CONTEXT' and nothing else.","Textbook passages:
When a page fault occurs and no free frame is available, the OS must select an existing page to evict from memory using a page-replacement algorithm, such as FIFO, LRU, or Optimal.

Question: Name and briefly describe three common page replacement algorithms.","FIFO (First-In-First-Out) evicts the page that has been in memory the longest, regardless of usage — simple but can perform poorly. LRU (Least Recently Used) evicts the page that hasn't been referenced for the longest time, approximating future behavior using past behavior — generally performs well but needs extra hardware/software to track recency. Optimal (also called MIN or Belady's algorithm) evicts the page that will not be used for the longest time in the future — it gives the theoretical minimum number of page faults but requires future knowledge, so it's used only as a benchmark, not in practice."
"You are an Operating Systems tutor. Answer ONLY using the exact textbook passages provided below. Do NOT add your own examples, do NOT invent information. If the answer is not in the provided text, reply EXACTLY with the word 'OUT_OF_CONTEXT' and nothing else.","Textbook passages:
The I/O subsystem manages communication between the CPU and peripheral devices using techniques such as polling, interrupts, DMA, spooling, buffering, and caching.

Question: What is DMA (Direct Memory Access), and why is it used?","DMA is a hardware mechanism that allows an I/O device (via a DMA controller) to transfer data directly to/from main memory without the CPU being involved in each individual byte transfer. The CPU only sets up the transfer (source, destination, length) and is interrupted once when the entire transfer completes, freeing it from the overhead of moving large blocks of data itself."
"You are an Operating Systems tutor. Answer ONLY using the exact textbook passages provided below. Do NOT add your own examples, do NOT invent information. If the answer is not in the provided text, reply EXACTLY with the word 'OUT_OF_CONTEXT' and nothing else.","Textbook passages:
SSTF (Shortest Seek Time First) disk scheduling always services the pending request whose cylinder is closest to the disk head's current position next, minimizing each individual seek.

Question: A disk has 200 cylinders (numbered 0 to 199). The disk head is currently at cylinder 103. The pending requests, in the order they arrived, are: 29, 174, 52, 183, 149, 125, 23, 130, 114.

Using the SSTF disk scheduling algorithm, determine the order in which the requests are serviced and compute the total head movement (in number of cylinders).","Service order: 103 -> 114 -> 125 -> 130 -> 149 -> 174 -> 183 -> 52 -> 29 -> 23

Head movement per step: |114-103|=11 + |125-114|=11 + |130-125|=5 + |149-130|=19 + |174-149|=25 + |183-174|=9 + |52-183|=131 + |29-52|=23 + |23-29|=6

Total head movement = 240 cylinders"
"You are an Operating Systems tutor. Answer ONLY using the exact textbook passages provided below. Do NOT add your own examples, do NOT invent information. If the answer is not in the provided text, reply EXACTLY with the word 'OUT_OF_CONTEXT' and nothing else.","Textbook passages:
Shortest Job First (SJF) scheduling selects the ready process with the smallest next CPU burst time. It can be implemented as non-preemptive (classic SJF) or preemptive (Shortest Remaining Time First, SRTF).

Question: What is the main practical limitation of SJF scheduling?","SJF requires knowing (or accurately predicting) the length of the next CPU burst in advance, which is generally not knowable exactly for real workloads. In practice it is approximated using techniques like exponential averaging of past burst times."
"You are an Operating Systems tutor. Answer ONLY using the exact textbook passages provided below. Do NOT add your own examples, do NOT invent information. If the answer is not in the provided text, reply EXACTLY with the word 'OUT_OF_CONTEXT' and nothing else.","Textbook passages:
SCAN disk scheduling moves the head in one direction, servicing every pending request it passes, continuing all the way to that end of the disk (cylinder 0 or the maximum cylinder) even if no request lies exactly there, then reverses direction and services the remaining requests on the other side, stopping once the last one is serviced.

Question: A disk has 200 cylinders (numbered 0 to 199). The disk head is currently at cylinder 113. The pending requests, in the order they arrived, are: 93, 11, 102, 13, 145, 143, 49, 92, 141.

Using the SCAN (initial direction: decreasing cylinder numbers) disk scheduling algorithm, determine the order in which the requests are serviced and compute the total head movement (in number of cylinders).","Service order: 113 -> 102 -> 93 -> 92 -> 49 -> 13 -> 11 -> 141 -> 143 -> 145

Head movement per step: |102-113|=11 + |93-102|=9 + |92-93|=1 + |49-92|=43 + |13-49|=36 + |11-13|=2 + |141-11|=130 + |143-141|=2 + |145-143|=2

Total head movement = 258 cylinders"
"You are an Operating Systems tutor. Answer ONLY using the exact textbook passages provided below. Do NOT add your own examples, do NOT invent information. If the answer is not in the provided text, reply EXACTLY with the word 'OUT_OF_CONTEXT' and nothing else.","Textbook passages:
Bootstrap program: A small initial program stored in ROM/firmware that runs when a computer powers on and loads the operating system kernel into memory.

Question: Explain the term Bootstrap program in the context of operating systems.",A small initial program stored in ROM/firmware that runs when a computer powers on and loads the operating system kernel into memory.
"You are an Operating Systems tutor. Answer ONLY using the exact textbook passages provided below. Do NOT add your own examples, do NOT invent information. If the answer is not in the provided text, reply EXACTLY with the word 'OUT_OF_CONTEXT' and nothing else.","Textbook passages:
When a page fault occurs and no free frame is available, the OS must select an existing page to evict from memory using a page-replacement algorithm, such as FIFO, LRU, or Optimal.

Question: What is the working set model, and how does it help prevent thrashing?","The working set of a process at time t is the set of pages it has referenced in the most recent Δ time units (the working-set window). The working set model allocates each process enough frames to hold its entire working set; if the total working sets of all active processes exceed available memory, the OS suspends (swaps out) some processes rather than letting all of them thrash, keeping the remaining processes running smoothly."
"You are an Operating Systems tutor. Answer ONLY using the exact textbook passages provided below. Do NOT add your own examples, do NOT invent information. If the answer is not in the provided text, reply EXACTLY with the word 'OUT_OF_CONTEXT' and nothing else.","Textbook passages:
In contiguous memory allocation, free memory is organized as a list of holes (blocks). First-fit allocates a process into the first hole large enough to hold it (scanning from the start). Best-fit allocates into the smallest hole that is still large enough. Worst-fit allocates into the largest available hole. After allocation, the unused remainder of the chosen hole remains as a smaller free hole.

Question: Free memory consists of the following holes, in this order: B0=294KB, B1=246KB, B2=52KB, B3=69KB, B4=323KB. The following processes arrive in this order and must each be placed into a single contiguous free hole: P0=221KB, P1=37KB, P2=194KB.

Using the best-fit allocation strategy, determine which memory block (if any) each process is placed into, and the sizes of the remaining free blocks after all allocations.","P0 (221KB): placed in B1 (was 246KB) -> B1 now has 25KB free
P1 (37KB): placed in B2 (was 52KB) -> B2 now has 15KB free
P2 (194KB): placed in B0 (was 294KB) -> B0 now has 100KB free

Final remaining free block sizes: B0=100KB, B1=25KB, B2=15KB, B3=69KB, B4=323KB"
"You are an Operating Systems tutor. Answer ONLY using the exact textbook passages provided below. Do NOT add your own examples, do NOT invent information. If the answer is not in the provided text, reply EXACTLY with the word 'OUT_OF_CONTEXT' and nothing else.","Textbook passages:
Optimal (MIN/Belady's) page replacement evicts the page that will not be used again for the longest time in the future (or never used again), when a page fault occurs and all frames are full. It gives the theoretical minimum number of page faults but requires advance knowledge of the full reference string.

Question: A system uses 4 page frames and the Optimal page replacement algorithm. Given the page reference string:
1, 5, 5, 0, 0, 5, 4, 1, 3, 3

Determine, for each reference, whether it is a page hit or a page fault, show the resulting frame contents, and compute the total number of page faults and page hits.","Ref | Frame contents after this reference | Hit/Fault
1   | [1]                   | Fault
5   | [1, 5]                | Fault
5   | [1, 5]                | Hit
0   | [1, 5, 0]             | Fault
0   | [1, 5, 0]             | Hit
5   | [1, 5, 0]             | Hit
4   | [1, 5, 0, 4]          | Fault
1   | [1, 5, 0, 4]          | Hit
3   | [5, 0, 4, 3]          | Fault
3   | [5, 0, 4, 3]          | Hit

Total references = 10
Total page faults = 5
Total page hits = 5
Page fault rate = 5/10 = 0.50"
"You are an Operating Systems tutor. Answer ONLY using the exact textbook passages provided below. Do NOT add your own examples, do NOT invent information. If the answer is not in the provided text, reply EXACTLY with the word 'OUT_OF_CONTEXT' and nothing else.","Textbook passages:
C-SCAN (Circular SCAN) disk scheduling moves the head in one direction, servicing every pending request it passes, all the way to that end of the disk; it then jumps immediately to the opposite end of the disk (this jump counts toward total head movement) and continues scanning in the SAME original direction, servicing the remaining requests, ensuring more uniform wait times than SCAN.

Question: A disk has 200 cylinders (numbered 0 to 199). The disk head is currently at cylinder 53. The pending requests, in the order they arrived, are: 116, 144, 14, 143, 118, 172, 78, 185, 5.

Using the C-SCAN (initial direction: decreasing cylinder numbers) disk scheduling algorithm, determine the order in which the requests are serviced and compute the total head movement (in number of cylinders).","Service order: 53 -> 14 -> 5 -> 185 -> 172 -> 144 -> 143 -> 118 -> 116 -> 78

Head movement per step: |14-53|=39 + |5-14|=9 + |185-5|=180 + |172-185|=13 + |144-172|=28 + |143-144|=1 + |118-143|=25 + |116-118|=2 + |78-116|=38

Total head movement = 373 cylinders"
"You are an Operating Systems tutor. Answer ONLY using the exact textbook passages provided below. Do NOT add your own examples, do NOT invent information. If the answer is not in the provided text, reply EXACTLY with the word 'OUT_OF_CONTEXT' and nothing else.","Textbook passages:
The Banker's algorithm avoids deadlock by only granting a resource request if the resulting state is 'safe'. A state is safe if there is some ordering (safe sequence) of all processes such that each process's remaining Need can be satisfied by the currently Available resources plus what is freed by processes earlier in the sequence. Need[i] = Max[i] - Allocation[i]. The safety algorithm repeatedly finds any unfinished process whose Need is <= Work (initially Available), 'runs' it (adding its Allocation back to Work), and marks it finished, until no more processes can be added (safe if all finish) or no more can be found (unsafe if any remain unfinished).

Question: A system has 3 processes (P0..P2) and 3 resource types (A, B, C). The current Allocation and Max matrices, and the Available vector, are:

Allocation:
Process | A  B  C
P0      | 1  5  6
P1      | 1  2  4
P2      | 2  4  7

Max:
Process | A  B  C
P0      | 6  6  9
P1      | 3  8  7
P2      | 4  7  7

Available: A=3, B=2, C=3

Process P1 now requests additional resources: A=1, B=3, C=0. Using the Banker's algorithm, determine whether this request can be granted immediately.","Need = Max - Allocation:
Process | A  B  C
P0      | 5  1  3
P1      | 2  6  3
P2      | 2  3  0

Step 1: Is Request <= Need[P1]? Request=[1, 3, 0], Need[P1]=[2, 6, 3]
-> Yes.

Step 2: Is Request <= Available? Request=[1, 3, 0], Available=[3, 2, 3]
-> No. Available cannot satisfy the request, so P1 must wait until enough resources are free."
"You are an Operating Systems tutor. Answer ONLY using the exact textbook passages provided below. Do NOT add your own examples, do NOT invent information. If the answer is not in the provided text, reply EXACTLY with the word 'OUT_OF_CONTEXT' and nothing else.","Textbook passages:
Valid-invalid bit: A page table entry flag indicating whether the associated page is currently loaded in physical memory (valid) or not (invalid, causing a page fault if referenced).

Question: Define Valid-invalid bit.","A page table entry flag indicating whether the associated page is currently loaded in physical memory (valid) or not (invalid, causing a page fault if referenced)."
"You are an Operating Systems tutor. Answer ONLY using the exact textbook passages provided below. Do NOT add your own examples, do NOT invent information. If the answer is not in the provided text, reply EXACTLY with the word 'OUT_OF_CONTEXT' and nothing else.","Textbook passages:
System calls provide the interface between a running program and the operating system, allowing user programs to request kernel services such as file operations, process control, and communication.

Question: What is the difference between user mode and kernel mode?","User mode is a restricted CPU execution mode in which application code runs; it cannot directly execute privileged instructions or access hardware. Kernel mode (supervisor mode) is an unrestricted mode in which the OS runs, with full access to all instructions and hardware, entered only via system calls, interrupts, or exceptions."
"You are an Operating Systems tutor. Answer ONLY using the exact textbook passages provided below. Do NOT add your own examples, do NOT invent information. If the answer is not in the provided text, reply EXACTLY with the word 'OUT_OF_CONTEXT' and nothing else.","Textbook passages:
Disk scheduling algorithms decide the order in which pending I/O requests (each targeting a specific cylinder) are serviced, aiming to minimize total head movement and/or provide fairness.

Question: Explain how the SCAN (elevator) disk scheduling algorithm works.","The disk arm starts at one end of the disk and moves toward the other end, servicing every pending request it encounters along the way, then reverses direction at the far end and services requests on the way back — like an elevator. This bounds the maximum wait for any request and gives more uniform service than SSTF."
"You are an Operating Systems tutor. Answer ONLY using the exact textbook passages provided below. Do NOT add your own examples, do NOT invent information. If the answer is not in the provided text, reply EXACTLY with the word 'OUT_OF_CONTEXT' and nothing else.","Textbook passages:
Each core has its own private TLB caching virtual-to-physical translations, and TLBs are not automatically kept coherent with page-table memory the way data caches are coherent via MESI. When the kernel changes a page table entry that other cores may have cached (e.g. during page migration, compaction, or swap-out), it must perform a TLB shootdown: an Inter-Processor Interrupt (IPI) to every core that might hold a stale translation, forcing each to flush it, before the physical frame can safely be reused.

Question: TLB shootdowns are notoriously expensive and scale poorly as core count increases. Identify the two main reasons for this, and name one optimization technique modern OS kernels use to avoid or minimize full shootdowns.","(1) IPI fan-out cost: sending and handling an interrupt on N cores is not free, and the cost scales with the number of cores that must be interrupted; every interrupted core suffers a 'stop the world' disruption to whatever it was doing, and on high-core-count systems under heavy memory-management churn this can become an 'IPI storm'. (2) Synchronous blocking: the initiating core must wait for EVERY targeted core to acknowledge before it is safe to proceed (for correctness, per the race condition above) — if even one target core is momentarily unavailable (e.g. running with interrupts disabled), the whole operation stalls, and this delay sits directly on the critical path of memory reclaim, compaction, or migration. Standard mitigation: batched/deferred shootdowns — e.g. Linux's mmu_gather / tlb_gather_mmu machinery accumulates many PTE changes (such as during a large munmap or a reclaim pass) and issues a SINGLE shootdown round covering all of them, instead of one IPI round per individual PTE change, amortizing the fixed IPI cost across many changes. (Restricting the IPI target set to the process's actual cpumask rather than broadcasting to all cores, as in the mechanism above, is the other standard mitigation.)"
"You are an Operating Systems tutor. Answer ONLY using the exact textbook passages provided below. Do NOT add your own examples, do NOT invent information. If the answer is not in the provided text, reply EXACTLY with the word 'OUT_OF_CONTEXT' and nothing else.","Textbook passages:
FIFO page replacement evicts the page that has been resident in memory the longest, regardless of how recently or often it has been used, when a page fault occurs and all frames are full.

Question: A system uses 3 page frames and the FIFO page replacement algorithm. Given the page reference string:
4, 0, 4, 3, 0, 1, 0, 3, 0, 5, 1, 3

Determine, for each reference, whether it is a page hit or a page fault, show the resulting frame contents, and compute the total number of page faults and page hits.","Ref | Frame contents after this reference | Hit/Fault
4   | [4]                   | Fault
0   | [4, 0]                | Fault
4   | [4, 0]                | Hit
3   | [4, 0, 3]             | Fault
0   | [4, 0, 3]             | Hit
1   | [0, 3, 1]             | Fault
0   | [0, 3, 1]             | Hit
3   | [0, 3, 1]             | Hit
0   | [0, 3, 1]             | Hit
5   | [3, 1, 5]             | Fault
1   | [3, 1, 5]             | Hit
3   | [3, 1, 5]             | Hit

Total references = 12
Total page faults = 5
Total page hits = 7
Page fault rate = 5/12 = 0.42"
"You are an Operating Systems tutor. Answer ONLY using the exact textbook passages provided below. Do NOT add your own examples, do NOT invent information. If the answer is not in the provided text, reply EXACTLY with the word 'OUT_OF_CONTEXT' and nothing else.","Textbook passages:
In contiguous memory allocation, free memory is organized as a list of holes (blocks). First-fit allocates a process into the first hole large enough to hold it (scanning from the start). Best-fit allocates into the smallest hole that is still large enough. Worst-fit allocates into the largest available hole. After allocation, the unused remainder of the chosen hole remains as a smaller free hole.

Question: Free memory consists of the following holes, in this order: B0=104KB, B1=73KB, B2=134KB, B3=302KB, B4=121KB, B5=259KB. The following processes arrive in this order and must each be placed into a single contiguous free hole: P0=160KB, P1=130KB, P2=126KB.

Using the best-fit allocation strategy, determine which memory block (if any) each process is placed into, and the sizes of the remaining free blocks after all allocations.","P0 (160KB): placed in B5 (was 259KB) -> B5 now has 99KB free
P1 (130KB): placed in B2 (was 134KB) -> B2 now has 4KB free
P2 (126KB): placed in B3 (was 302KB) -> B3 now has 176KB free

Final remaining free block sizes: B0=104KB, B1=73KB, B2=4KB, B3=176KB, B4=121KB, B5=99KB"
"You are an Operating Systems tutor. Answer ONLY using the exact textbook passages provided below. Do NOT add your own examples, do NOT invent information. If the answer is not in the provided text, reply EXACTLY with the word 'OUT_OF_CONTEXT' and nothing else.","Textbook passages:
In contiguous memory allocation, free memory is organized as a list of holes (blocks). First-fit allocates a process into the first hole large enough to hold it (scanning from the start). Best-fit allocates into the smallest hole that is still large enough. Worst-fit allocates into the largest available hole. After allocation, the unused remainder of the chosen hole remains as a smaller free hole.

Question: Free memory consists of the following holes, in this order: B0=143KB, B1=398KB, B2=221KB, B3=385KB, B4=95KB, B5=163KB. The following processes arrive in this order and must each be placed into a single contiguous free hole: P0=144KB, P1=187KB, P2=245KB, P3=199KB.

Using the worst-fit allocation strategy, determine which memory block (if any) each process is placed into, and the sizes of the remaining free blocks after all allocations.","P0 (144KB): placed in B1 (was 398KB) -> B1 now has 254KB free
P1 (187KB): placed in B3 (was 385KB) -> B3 now has 198KB free
P2 (245KB): placed in B1 (was 254KB) -> B1 now has 9KB free
P3 (199KB): placed in B2 (was 221KB) -> B2 now has 22KB free

Final remaining free block sizes: B0=143KB, B1=9KB, B2=22KB, B3=198KB, B4=95KB, B5=163KB"
"You are an Operating Systems tutor. Answer ONLY using the exact textbook passages provided below. Do NOT add your own examples, do NOT invent information. If the answer is not in the provided text, reply EXACTLY with the word 'OUT_OF_CONTEXT' and nothing else.","Textbook passages:
Operating systems can handle deadlocks in four principal ways: ignore the problem, prevent deadlock by denying one of the four necessary conditions, avoid deadlock using algorithms like the Banker's algorithm, or allow deadlock and use detection and recovery.

Question: What is the difference between deadlock prevention and deadlock avoidance?","Deadlock prevention restricts how requests can be made so that one of the four necessary conditions structurally can never occur (a static, conservative approach). Deadlock avoidance allows all four conditions to potentially hold, but dynamically examines the resource-allocation state before granting each request and only grants it if the resulting state is still 'safe' (won't lead to deadlock) — this requires advance knowledge of each process's maximum resource needs."
"You are an Operating Systems tutor. Answer ONLY using the exact textbook passages provided below. Do NOT add your own examples, do NOT invent information. If the answer is not in the provided text, reply EXACTLY with the word 'OUT_OF_CONTEXT' and nothing else.","Textbook passages:
FCFS disk scheduling services pending I/O requests strictly in the order they arrived, regardless of cylinder position. Total head movement is the sum of the absolute differences between consecutively serviced cylinders, starting from the initial head position.

Question: A disk has 200 cylinders (numbered 0 to 199). The disk head is currently at cylinder 130. The pending requests, in the order they arrived, are: 139, 75, 82, 26, 20, 83, 169.

Using the FCFS disk scheduling algorithm, determine the order in which the requests are serviced and compute the total head movement (in number of cylinders).","Service order: 130 -> 139 -> 75 -> 82 -> 26 -> 20 -> 83 -> 169

Head movement per step: |139-130|=9 + |75-139|=64 + |82-75|=7 + |26-82|=56 + |20-26|=6 + |83-20|=63 + |169-83|=86

Total head movement = 291 cylinders"
"You are an Operating Systems tutor. Answer ONLY using the exact textbook passages provided below. Do NOT add your own examples, do NOT invent information. If the answer is not in the provided text, reply EXACTLY with the word 'OUT_OF_CONTEXT' and nothing else.","Textbook passages:
Shortest Remaining Time First (SRTF) is the preemptive version of SJF: at every instant, the CPU runs whichever ready process has the smallest remaining burst time, preempting the current process if a process with a shorter remaining time becomes ready. Ties are broken by earliest arrival time, then process ID. Completion Time (CT) is when a process finishes; Turnaround Time (TAT) = CT − Arrival Time; Waiting Time (WT) = TAT − Burst Time.

Question: Consider the following processes with their arrival and burst times (all times in milliseconds):

Process | Arrival Time | Burst Time
-----------------------------------
P1      | 0            | 9
P2      | 0            | 10
P3      | 4            | 6

Using Shortest Remaining Time First (SRTF, preemptive) scheduling, draw the Gantt chart and compute the Completion Time, Turnaround Time, and Waiting Time for each process. Also compute the average waiting time and average turnaround time.","Gantt Chart:
P1[0-9] -> P3[9-15] -> P2[15-25]

Process | CT | TAT (=CT-AT) | WT (=TAT-BT)
P1      | 9  | 9            | 0
P2      | 25  | 25            | 15
P3      | 15  | 11            | 5

Average Turnaround Time = (9 + 25 + 11) / 3 = 15 ms
Average Waiting Time = (0 + 15 + 5) / 3 = 6.67 ms"
"You are an Operating Systems tutor. Answer ONLY using the exact textbook passages provided below. Do NOT add your own examples, do NOT invent information. If the answer is not in the provided text, reply EXACTLY with the word 'OUT_OF_CONTEXT' and nothing else.","Textbook passages:
Orphan process: A process whose parent process has terminated before it did; it is typically re-parented to the init process.

Question: Define Orphan process.",A process whose parent process has terminated before it did; it is typically re-parented to the init process.
"You are an Operating Systems tutor. Answer ONLY using the exact textbook passages provided below. Do NOT add your own examples, do NOT invent information. If the answer is not in the provided text, reply EXACTLY with the word 'OUT_OF_CONTEXT' and nothing else.","Textbook passages:
In a paged memory system, a logical address is split into a page number and an offset: page number = logical address // page size; offset = logical address % page size. The page table maps each page number to a physical frame number. The physical address is computed as: physical address = (frame number x page size) + offset.

Question: A system uses paging with a page size of 1024 bytes. A process has 6 pages, with the following page table: page 0 -> frame 1, page 1 -> frame 4, page 2 -> frame 7, page 3 -> frame 6, page 4 -> frame 8, page 5 -> frame 9.

For the logical address 5412, determine: (a) the page number, (b) the offset within the page, (c) the corresponding frame number, and (d) the resulting physical address.","(a) Page number = logical address // page size = 5412 // 1024 = 5
(b) Offset = logical address % page size = 5412 % 1024 = 292
(c) From the page table, page 5 -> frame 9
(d) Physical address = (frame number x page size) + offset = (9 x 1024) + 292 = 9508"
"You are an Operating Systems tutor. Answer ONLY using the exact textbook passages provided below. Do NOT add your own examples, do NOT invent information. If the answer is not in the provided text, reply EXACTLY with the word 'OUT_OF_CONTEXT' and nothing else.","Textbook passages:
The Banker's algorithm avoids deadlock by only granting a resource request if the resulting state is 'safe'. A state is safe if there is some ordering (safe sequence) of all processes such that each process's remaining Need can be satisfied by the currently Available resources plus what is freed by processes earlier in the sequence. Need[i] = Max[i] - Allocation[i]. The safety algorithm repeatedly finds any unfinished process whose Need is <= Work (initially Available), 'runs' it (adding its Allocation back to Work), and marks it finished, until no more processes can be added (safe if all finish) or no more can be found (unsafe if any remain unfinished).

Question: A system has 5 processes (P0..P4) and 3 resource types (A, B, C). The current Allocation and Max matrices, and the Available vector, are:

Allocation:
Process | A  B  C
P0      | 3  4  3
P1      | 0  5  3
P2      | 6  4  2
P3      | 3  6  2
P4      | 4  3  2

Max:
Process | A  B  C
P0      | 4  5  4
P1      | 8  7  4
P2      | 6  5  5
P3      | 3  7  7
P4      | 8  4  8

Available: A=8, B=6, C=5

Process P1 now requests additional resources: A=4, B=2, C=0. Using the Banker's algorithm, determine whether this request can be granted immediately.","Need = Max - Allocation:
Process | A  B  C
P0      | 1  1  1
P1      | 8  2  1
P2      | 0  1  3
P3      | 0  1  5
P4      | 4  1  6

Step 1: Is Request <= Need[P1]? Request=[4, 2, 0], Need[P1]=[8, 2, 1]
-> Yes.

Step 2: Is Request <= Available? Request=[4, 2, 0], Available=[8, 6, 5]
-> Yes. Pretend to allocate and check safety of the resulting state.

Tentative new Available: [4, 4, 5]
The resulting state IS safe (safe sequence: P0 -> P1 -> P2 -> P3 -> P4). The request is GRANTED immediately."
"You are an Operating Systems tutor. Answer ONLY using the exact textbook passages provided below. Do NOT add your own examples, do NOT invent information. If the answer is not in the provided text, reply EXACTLY with the word 'OUT_OF_CONTEXT' and nothing else.","Textbook passages:
Aging: A technique that gradually increases the priority of a process the longer it waits in the ready queue, to prevent starvation.

Question: Define Aging.","A technique that gradually increases the priority of a process the longer it waits in the ready queue, to prevent starvation."
"You are an Operating Systems tutor. Answer ONLY using the exact textbook passages provided below. Do NOT add your own examples, do NOT invent information. If the answer is not in the provided text, reply EXACTLY with the word 'OUT_OF_CONTEXT' and nothing else.","Textbook passages:
RCU (Read-Copy-Update) is a synchronization technique that lets readers access a shared data structure with no locking at all — reads are essentially free and scale perfectly across cores — by having writers publish updates atomically via a single pointer swap and deferring reclamation of the old version until a 'grace period' guarantees no reader can still be using it.

Question: How does a writer safely update an RCU-protected data structure, and what is a 'grace period'?","The writer: (1) allocates/builds a new version of the data (or a modified copy of the node being changed) off to the side, without touching the live structure readers can see; (2) publishes the change with a single atomic pointer update that redirects future readers to the new version — this is the moment the update becomes visible; (3) does NOT immediately free the old version, because readers that began traversing before the publish may still hold a reference to it and could still be using it. The writer must wait for a grace period — an interval during which every core that could possibly have been inside a pre-existing RCU read-side critical section is guaranteed to have exited it (typically detected by observing that every core has passed through at least one 'quiescent state', such as a context switch, since the update). Only after the grace period elapses is it safe to actually free the old version — the kernel API synchronize_rcu() blocks until this happens, while call_rcu() schedules the free asynchronously for after the grace period."
"You are an Operating Systems tutor. Answer ONLY using the exact textbook passages provided below. Do NOT add your own examples, do NOT invent information. If the answer is not in the provided text, reply EXACTLY with the word 'OUT_OF_CONTEXT' and nothing else.","Textbook passages:
In a paged memory system, a logical address is split into a page number and an offset: page number = logical address // page size; offset = logical address % page size. The page table maps each page number to a physical frame number. The physical address is computed as: physical address = (frame number x page size) + offset.

Question: A system uses paging with a page size of 1024 bytes. A process has 4 pages, with the following page table: page 0 -> frame 4, page 1 -> frame 2, page 2 -> frame 8, page 3 -> frame 3.

For the logical address 2156, determine: (a) the page number, (b) the offset within the page, (c) the corresponding frame number, and (d) the resulting physical address.","(a) Page number = logical address // page size = 2156 // 1024 = 2
(b) Offset = logical address % page size = 2156 % 1024 = 108
(c) From the page table, page 2 -> frame 8
(d) Physical address = (frame number x page size) + offset = (8 x 1024) + 108 = 8300"
"You are an Operating Systems tutor. Answer ONLY using the exact textbook passages provided below. Do NOT add your own examples, do NOT invent information. If the answer is not in the provided text, reply EXACTLY with the word 'OUT_OF_CONTEXT' and nothing else.","Textbook passages:
In a paged memory system, a logical address is split into a page number and an offset: page number = logical address // page size; offset = logical address % page size. The page table maps each page number to a physical frame number. The physical address is computed as: physical address = (frame number x page size) + offset.

Question: A system uses paging with a page size of 1024 bytes. A process has 4 pages, with the following page table: page 0 -> frame 8, page 1 -> frame 7, page 2 -> frame 11, page 3 -> frame 1.

For the logical address 2381, determine: (a) the page number, (b) the offset within the page, (c) the corresponding frame number, and (d) the resulting physical address.","(a) Page number = logical address // page size = 2381 // 1024 = 2
(b) Offset = logical address % page size = 2381 % 1024 = 333
(c) From the page table, page 2 -> frame 11
(d) Physical address = (frame number x page size) + offset = (11 x 1024) + 333 = 11597"
"You are an Operating Systems tutor. Answer ONLY using the exact textbook passages provided below. Do NOT add your own examples, do NOT invent information. If the answer is not in the provided text, reply EXACTLY with the word 'OUT_OF_CONTEXT' and nothing else.","Textbook passages:
Daemon process: A background process that runs without direct user interaction, typically providing a system service (e.g. a print spooler or web server).

Question: Define Daemon process.","A background process that runs without direct user interaction, typically providing a system service (e.g. a print spooler or web server)."
"You are an Operating Systems tutor. Answer ONLY using the exact textbook passages provided below. Do NOT add your own examples, do NOT invent information. If the answer is not in the provided text, reply EXACTLY with the word 'OUT_OF_CONTEXT' and nothing else.","Textbook passages:
The Banker's algorithm avoids deadlock by only granting a resource request if the resulting state is 'safe'. A state is safe if there is some ordering (safe sequence) of all processes such that each process's remaining Need can be satisfied by the currently Available resources plus what is freed by processes earlier in the sequence. Need[i] = Max[i] - Allocation[i]. The safety algorithm repeatedly finds any unfinished process whose Need is <= Work (initially Available), 'runs' it (adding its Allocation back to Work), and marks it finished, until no more processes can be added (safe if all finish) or no more can be found (unsafe if any remain unfinished).

Question: A system has 4 processes (P0..P3) and 3 resource types (A, B, C). The current Allocation and Max matrices, and the Available vector, are:

Allocation:
Process | A  B  C
P0      | 4  3  1
P1      | 3  3  4
P2      | 3  4  0
P3      | 6  0  3

Max:
Process | A  B  C
P0      | 4  9  5
P1      | 8  9  8
P2      | 3  5  3
P3      | 6  3  4

Available: A=3, B=7, C=3

Compute the Need matrix, and using the Banker's algorithm, determine whether the system is currently in a safe state. If it is, give a valid safe sequence.","Need = Max - Allocation:
Process | A  B  C
P0      | 0  6  4
P1      | 5  6  4
P2      | 0  1  3
P3      | 0  3  1

Need[P2] = [0, 1, 3] <= Work [3, 7, 3] -> P2 can run; Work becomes [6, 11, 3]
Need[P3] = [0, 3, 1] <= Work [6, 11, 3] -> P3 can run; Work becomes [12, 11, 6]
Need[P0] = [0, 6, 4] <= Work [12, 11, 6] -> P0 can run; Work becomes [16, 14, 7]
Need[P1] = [5, 6, 4] <= Work [16, 14, 7] -> P1 can run; Work becomes [19, 17, 11]

All processes finish. The system IS in a safe state.
Safe sequence: P2 -> P3 -> P0 -> P1"
"You are an Operating Systems tutor. Answer ONLY using the exact textbook passages provided below. Do NOT add your own examples, do NOT invent information. If the answer is not in the provided text, reply EXACTLY with the word 'OUT_OF_CONTEXT' and nothing else.","Textbook passages:
LOOK disk scheduling behaves like SCAN, but instead of travelling all the way to the physical end of the disk, the head reverses direction as soon as it services the last pending request in the current direction, avoiding unnecessary movement.

Question: A disk has 200 cylinders (numbered 0 to 199). The disk head is currently at cylinder 56. The pending requests, in the order they arrived, are: 183, 81, 187, 88, 102, 33, 194, 94.

Using the LOOK (initial direction: increasing cylinder numbers) disk scheduling algorithm, determine the order in which the requests are serviced and compute the total head movement (in number of cylinders).","Service order: 56 -> 81 -> 88 -> 94 -> 102 -> 183 -> 187 -> 194 -> 33

Head movement per step: |81-56|=25 + |88-81|=7 + |94-88|=6 + |102-94|=8 + |183-102|=81 + |187-183|=4 + |194-187|=7 + |33-194|=161

Total head movement = 299 cylinders"
"You are an Operating Systems tutor. Answer ONLY using the exact textbook passages provided below. Do NOT add your own examples, do NOT invent information. If the answer is not in the provided text, reply EXACTLY with the word 'OUT_OF_CONTEXT' and nothing else.","Textbook passages:
SSTF (Shortest Seek Time First) disk scheduling always services the pending request whose cylinder is closest to the disk head's current position next, minimizing each individual seek.

Question: A disk has 200 cylinders (numbered 0 to 199). The disk head is currently at cylinder 31. The pending requests, in the order they arrived, are: 139, 86, 164, 44, 199, 175, 118, 178.

Using the SSTF disk scheduling algorithm, determine the order in which the requests are serviced and compute the total head movement (in number of cylinders).","Service order: 31 -> 44 -> 86 -> 118 -> 139 -> 164 -> 175 -> 178 -> 199

Head movement per step: |44-31|=13 + |86-44|=42 + |118-86|=32 + |139-118|=21 + |164-139|=25 + |175-164|=11 + |178-175|=3 + |199-178|=21

Total head movement = 168 cylinders"
"You are an Operating Systems tutor. Answer ONLY using the exact textbook passages provided below. Do NOT add your own examples, do NOT invent information. If the answer is not in the provided text, reply EXACTLY with the word 'OUT_OF_CONTEXT' and nothing else.","Textbook passages:
Multiprogramming: Keeping multiple jobs in main memory simultaneously so the CPU can switch to another job whenever the current one needs to wait for I/O, maximizing CPU utilization.

Question: What is Multiprogramming?","Keeping multiple jobs in main memory simultaneously so the CPU can switch to another job whenever the current one needs to wait for I/O, maximizing CPU utilization."
"You are an Operating Systems tutor. Answer ONLY using the exact textbook passages provided below. Do NOT add your own examples, do NOT invent information. If the answer is not in the provided text, reply EXACTLY with the word 'OUT_OF_CONTEXT' and nothing else.","Textbook passages:
Paging is a memory management scheme that permits a process's physical address space to be non-contiguous. Logical memory is divided into fixed-size blocks called pages, and physical memory into equal-size blocks called frames.

Question: What is a multilevel (hierarchical) page table, and why is it needed?","A multilevel page table splits a single large page table into a tree of smaller tables (e.g. an outer page table indexing inner page tables) so that only the portions of the page table actually needed are kept in memory. It is needed because for large (e.g. 32-bit or 64-bit) address spaces, a single flat page table would itself require a huge, mostly-unused contiguous block of memory."
"You are an Operating Systems tutor. Answer ONLY using the exact textbook passages provided below. Do NOT add your own examples, do NOT invent information. If the answer is not in the provided text, reply EXACTLY with the word 'OUT_OF_CONTEXT' and nothing else.","Textbook passages:
Different CPU scheduling algorithms trade off average waiting time, responsiveness, fairness, and implementation overhead differently.

Question: What is the capital of Australia?",OUT_OF_CONTEXT
"You are an Operating Systems tutor. Answer ONLY using the exact textbook passages provided below. Do NOT add your own examples, do NOT invent information. If the answer is not in the provided text, reply EXACTLY with the word 'OUT_OF_CONTEXT' and nothing else.","Textbook passages:
A process is a program in execution. It is the fundamental unit of work in an operating system and includes the program code, current activity (program counter, registers), and associated resources such as memory and open files.

Question: List the typical states of a process and briefly describe each.","New (the process is being created), Ready (waiting to be assigned to the CPU), Running (instructions are being executed by the CPU), Waiting/Blocked (waiting for some event such as I/O completion or a signal), and Terminated (finished execution)."
"You are an Operating Systems tutor. Answer ONLY using the exact textbook passages provided below. Do NOT add your own examples, do NOT invent information. If the answer is not in the provided text, reply EXACTLY with the word 'OUT_OF_CONTEXT' and nothing else.","Textbook passages:
In contiguous memory allocation, free memory is organized as a list of holes (blocks). First-fit allocates a process into the first hole large enough to hold it (scanning from the start). Best-fit allocates into the smallest hole that is still large enough. Worst-fit allocates into the largest available hole. After allocation, the unused remainder of the chosen hole remains as a smaller free hole.

Question: Free memory consists of the following holes, in this order: B0=142KB, B1=362KB, B2=244KB, B3=233KB, B4=363KB. The following processes arrive in this order and must each be placed into a single contiguous free hole: P0=96KB, P1=277KB, P2=279KB.

Using the worst-fit allocation strategy, determine which memory block (if any) each process is placed into, and the sizes of the remaining free blocks after all allocations.","P0 (96KB): placed in B4 (was 363KB) -> B4 now has 267KB free
P1 (277KB): placed in B1 (was 362KB) -> B1 now has 85KB free
P2 (279KB): no free block is large enough -> CANNOT be allocated

Final remaining free block sizes: B0=142KB, B1=85KB, B2=244KB, B3=233KB, B4=267KB"
"You are an Operating Systems tutor. Answer ONLY using the exact textbook passages provided below. Do NOT add your own examples, do NOT invent information. If the answer is not in the provided text, reply EXACTLY with the word 'OUT_OF_CONTEXT' and nothing else.","Textbook passages:
In contiguous memory allocation, free memory is organized as a list of holes (blocks). First-fit allocates a process into the first hole large enough to hold it (scanning from the start). Best-fit allocates into the smallest hole that is still large enough. Worst-fit allocates into the largest available hole. After allocation, the unused remainder of the chosen hole remains as a smaller free hole.

Question: Free memory consists of the following holes, in this order: B0=277KB, B1=343KB, B2=279KB, B3=95KB, B4=305KB. The following processes arrive in this order and must each be placed into a single contiguous free hole: P0=191KB, P1=90KB, P2=284KB, P3=39KB.

Using the first-fit allocation strategy, determine which memory block (if any) each process is placed into, and the sizes of the remaining free blocks after all allocations.","P0 (191KB): placed in B0 (was 277KB) -> B0 now has 86KB free
P1 (90KB): placed in B1 (was 343KB) -> B1 now has 253KB free
P2 (284KB): placed in B4 (was 305KB) -> B4 now has 21KB free
P3 (39KB): placed in B0 (was 86KB) -> B0 now has 47KB free

Final remaining free block sizes: B0=47KB, B1=253KB, B2=279KB, B3=95KB, B4=21KB"
"You are an Operating Systems tutor. Answer ONLY using the exact textbook passages provided below. Do NOT add your own examples, do NOT invent information. If the answer is not in the provided text, reply EXACTLY with the word 'OUT_OF_CONTEXT' and nothing else.","Textbook passages:
Fragmentation: Wasted memory that accumulates over time due to allocation and deallocation patterns; can be internal (wasted space inside an allocated block) or external (wasted space between allocated blocks).

Question: Explain the term Fragmentation in the context of operating systems.",Wasted memory that accumulates over time due to allocation and deallocation patterns; can be internal (wasted space inside an allocated block) or external (wasted space between allocated blocks).
"You are an Operating Systems tutor. Answer ONLY using the exact textbook passages provided below. Do NOT add your own examples, do NOT invent information. If the answer is not in the provided text, reply EXACTLY with the word 'OUT_OF_CONTEXT' and nothing else.","Textbook passages:
Earliest Deadline First (EDF): A dynamic-priority real-time scheduling algorithm that always runs the ready task with the nearest absolute deadline; it is provably optimal and can guarantee schedulability up to 100% CPU utilization.

Question: Define Earliest Deadline First (EDF).",A dynamic-priority real-time scheduling algorithm that always runs the ready task with the nearest absolute deadline; it is provably optimal and can guarantee schedulability up to 100% CPU utilization.
"You are an Operating Systems tutor. Answer ONLY using the exact textbook passages provided below. Do NOT add your own examples, do NOT invent information. If the answer is not in the provided text, reply EXACTLY with the word 'OUT_OF_CONTEXT' and nothing else.","Textbook passages:
Orphan process: A process whose parent process has terminated before it did; it is typically re-parented to the init process.

Question: What is Orphan process?",A process whose parent process has terminated before it did; it is typically re-parented to the init process.
"You are an Operating Systems tutor. Answer ONLY using the exact textbook passages provided below. Do NOT add your own examples, do NOT invent information. If the answer is not in the provided text, reply EXACTLY with the word 'OUT_OF_CONTEXT' and nothing else.","Textbook passages:
A semaphore is an integer synchronization variable accessed only through two atomic operations, wait() (P) and signal() (V), used to control access to shared resources among concurrent processes.

Question: How does a semaphore differ from a mutex lock?","A mutex lock is a simple binary locking mechanism intended purely for mutual exclusion, and must be released by the same thread/process that acquired it (ownership matters). A semaphore is a more general counting mechanism that can also be used for signaling between different processes/threads (e.g. process A signals, process B waits), and has no ownership requirement."
"You are an Operating Systems tutor. Answer ONLY using the exact textbook passages provided below. Do NOT add your own examples, do NOT invent information. If the answer is not in the provided text, reply EXACTLY with the word 'OUT_OF_CONTEXT' and nothing else.","Textbook passages:
Naive spinlocks based on a single atomic test-and-set instruction scale poorly under contention because every retry attempt generates cache-coherence traffic. Progressively better designs — test-and-test-and-set, ticket locks, and MCS (queue-based) locks — reduce this coherence traffic, with MCS locks giving each unlock O(1) coherence cost regardless of how many threads are waiting.

Question: How does an MCS (queue-based) lock solve the ticket lock's remaining scalability problem?","Instead of having every waiter spin on one shared variable, each thread that wants an MCS lock constructs its own local queue node and links it onto the end of a queue (via an atomic CAS on a tail pointer), then spins on a flag INSIDE ITS OWN NODE — not on any shared global variable. When the lock holder releases, it does not touch a shared variable that everyone is watching; instead it writes directly into the NEXT waiting thread's own node, setting that one specific thread's flag. Only that single node's cache line is invalidated — every other waiting thread continues spinning purely locally, generating zero coherence traffic from a release that isn't theirs. This makes unlock cost O(1) regardless of how many threads are waiting, instead of the O(n) cost of a ticket lock, which is why the Linux kernel's default spinlock implementation (the 'qspinlock') is essentially an MCS-lock-derived design, adopted specifically to fix this exact scalability problem on many-core systems."
"You are an Operating Systems tutor. Answer ONLY using the exact textbook passages provided below. Do NOT add your own examples, do NOT invent information. If the answer is not in the provided text, reply EXACTLY with the word 'OUT_OF_CONTEXT' and nothing else.","Textbook passages:
In contiguous memory allocation, free memory is organized as a list of holes (blocks). First-fit allocates a process into the first hole large enough to hold it (scanning from the start). Best-fit allocates into the smallest hole that is still large enough. Worst-fit allocates into the largest available hole. After allocation, the unused remainder of the chosen hole remains as a smaller free hole.

Question: Free memory consists of the following holes, in this order: B0=358KB, B1=150KB, B2=149KB, B3=200KB, B4=279KB, B5=140KB. The following processes arrive in this order and must each be placed into a single contiguous free hole: P0=68KB, P1=125KB, P2=118KB, P3=293KB, P4=91KB.

Using the worst-fit allocation strategy, determine which memory block (if any) each process is placed into, and the sizes of the remaining free blocks after all allocations.","P0 (68KB): placed in B0 (was 358KB) -> B0 now has 290KB free
P1 (125KB): placed in B0 (was 290KB) -> B0 now has 165KB free
P2 (118KB): placed in B4 (was 279KB) -> B4 now has 161KB free
P3 (293KB): no free block is large enough -> CANNOT be allocated
P4 (91KB): placed in B3 (was 200KB) -> B3 now has 109KB free

Final remaining free block sizes: B0=165KB, B1=150KB, B2=149KB, B3=109KB, B4=161KB, B5=140KB"
"You are an Operating Systems tutor. Answer ONLY using the exact textbook passages provided below. Do NOT add your own examples, do NOT invent information. If the answer is not in the provided text, reply EXACTLY with the word 'OUT_OF_CONTEXT' and nothing else.","Textbook passages:
The Banker's algorithm avoids deadlock by only granting a resource request if the resulting state is 'safe'. A state is safe if there is some ordering (safe sequence) of all processes such that each process's remaining Need can be satisfied by the currently Available resources plus what is freed by processes earlier in the sequence. Need[i] = Max[i] - Allocation[i]. The safety algorithm repeatedly finds any unfinished process whose Need is <= Work (initially Available), 'runs' it (adding its Allocation back to Work), and marks it finished, until no more processes can be added (safe if all finish) or no more can be found (unsafe if any remain unfinished).

Question: A system has 3 processes (P0..P2) and 3 resource types (A, B, C). The current Allocation and Max matrices, and the Available vector, are:

Allocation:
Process | A  B  C
P0      | 5  1  7
P1      | 2  0  4
P2      | 5  1  0

Max:
Process | A  B  C
P0      | 6  7  7
P1      | 4  6  4
P2      | 5  4  5

Available: A=4, B=5, C=7

Compute the Need matrix, and using the Banker's algorithm, determine whether the system is currently in a safe state. If it is, give a valid safe sequence.","Need = Max - Allocation:
Process | A  B  C
P0      | 1  6  0
P1      | 2  6  0
P2      | 0  3  5

Need[P2] = [0, 3, 5] <= Work [4, 5, 7] -> P2 can run; Work becomes [9, 6, 7]
Need[P0] = [1, 6, 0] <= Work [9, 6, 7] -> P0 can run; Work becomes [14, 7, 14]
Need[P1] = [2, 6, 0] <= Work [14, 7, 14] -> P1 can run; Work becomes [16, 7, 18]

All processes finish. The system IS in a safe state.
Safe sequence: P2 -> P0 -> P1"
"You are an Operating Systems tutor. Answer ONLY using the exact textbook passages provided below. Do NOT add your own examples, do NOT invent information. If the answer is not in the provided text, reply EXACTLY with the word 'OUT_OF_CONTEXT' and nothing else.","Textbook passages:
Priority inversion occurs when a lower-priority task holds a resource a higher-priority task needs. Without a fix, an unrelated medium-priority task can indefinitely preempt the low-priority holder, delaying the high-priority task by an unbounded amount — this is the scenario the Priority Inheritance Protocol is designed to bound.

Question: Three tasks run on a single-core real-time system: Low (L, lowest priority) locks a shared mutex M to access a resource; Medium (a CPU-bound task that never touches M); and High (H, highest priority), which needs to lock M. Trace what happens if H becomes ready while L holds M and Medium is also ready, under a naive locking scheme with no priority inheritance, and explain why this is called 'unbounded priority inversion'.","(1) L acquires mutex M and begins its critical section. (2) H becomes ready and, being highest priority, preempts L; H then tries to lock M, but M is held by L, so H blocks and waits. (3) L is not immediately allowed to resume either — Medium is also ready and has higher priority than L, so the scheduler picks Medium to run instead of L. (4) Medium now runs for as long as it likes, never touching M and never itself blocked, so it can keep preempting L indefinitely. The net effect: H, the highest-priority task, is delayed not directly by L (a lower-priority task — an expected, bounded delay) but INDIRECTLY by Medium, a task with priority strictly between L and H that has no logical relationship to the resource H is waiting for. Since Medium's execution time is not bounded by the length of L's critical section, H's wait time has no upper bound — this is 'unbounded priority inversion'. The standard fix is the Priority Inheritance Protocol: while L holds a resource a higher-priority task is blocked on, L's priority is temporarily boosted to match the highest priority of any task blocked on it (here, to H's priority), so the scheduler runs L instead of letting Medium preempt it — bounding H's wait to, at most, the length of L's critical section."
"You are an Operating Systems tutor. Answer ONLY using the exact textbook passages provided below. Do NOT add your own examples, do NOT invent information. If the answer is not in the provided text, reply EXACTLY with the word 'OUT_OF_CONTEXT' and nothing else.","Textbook passages:
Virtual machine: A software-based emulation of a physical computer that lets a guest operating system run isolated on top of a host system's hardware.

Question: What is Virtual machine?",A software-based emulation of a physical computer that lets a guest operating system run isolated on top of a host system's hardware.
"You are an Operating Systems tutor. Answer ONLY using the exact textbook passages provided below. Do NOT add your own examples, do NOT invent information. If the answer is not in the provided text, reply EXACTLY with the word 'OUT_OF_CONTEXT' and nothing else.","Textbook passages:
On multi-core processors, each core often has a private store buffer that lets writes complete locally before they become visible to other cores, and a relaxed memory model may allow the CPU to reorder a store followed by an unrelated load unless an explicit memory barrier forbids it. This StoreLoad reordering is the one reordering even relatively strong models like x86-TSO still permit.

Question: If you need to guarantee that r1 == 0 && r2 == 0 is absolutely impossible in the scenario above, what specific primitive must be inserted, and exactly where?","A full memory barrier (fence) — e.g. x86's MFENCE instruction, C11's atomic_thread_fence(memory_order_seq_cst), or the Linux kernel's smp_mb() — must be inserted between the store and the load in EACH thread: Thread A becomes 'X = 1; memory_barrier(); r1 = Y;' and Thread B becomes 'Y = 1; memory_barrier(); r2 = X;'. A full fence forces the core to drain its store buffer (making the preceding store globally visible) before any subsequent load is allowed to execute, restoring StoreLoad ordering. With the barrier present in both threads, whichever store becomes globally visible first is guaranteed to be observed by the other thread's subsequent load, so at least one of r1, r2 must read 1 — making 'r1==0 && r2==0' provably impossible. Critically, the barrier must be in BOTH threads: a barrier in only one thread does not prevent the anomaly, since the other thread's load can still race ahead of its own unbuffered store."
"You are an Operating Systems tutor. Answer ONLY using the exact textbook passages provided below. Do NOT add your own examples, do NOT invent information. If the answer is not in the provided text, reply EXACTLY with the word 'OUT_OF_CONTEXT' and nothing else.","Textbook passages:
Round Robin (RR) scheduling is designed for time-sharing systems. Each process is given a small fixed unit of CPU time called a time quantum, and the ready queue is treated as a circular queue.

Question: How does Round Robin scheduling work?","Each process in the ready queue is given a fixed time quantum (time slice) to run. If it doesn't finish within that quantum, it is preempted and placed at the back of the (circular) ready queue, and the next process is given the CPU. This continues cycling through all ready processes until each completes."
"You are an Operating Systems tutor. Answer ONLY using the exact textbook passages provided below. Do NOT add your own examples, do NOT invent information. If the answer is not in the provided text, reply EXACTLY with the word 'OUT_OF_CONTEXT' and nothing else.","Textbook passages:
Memory barrier (fence): A CPU instruction (e.g. MFENCE, smp_mb()) that forces preceding memory operations to become globally visible before any subsequent memory operation is allowed to execute, preventing hardware/compiler reordering across it.

Question: Define Memory barrier (fence).","A CPU instruction (e.g. MFENCE, smp_mb()) that forces preceding memory operations to become globally visible before any subsequent memory operation is allowed to execute, preventing hardware/compiler reordering across it."
"You are an Operating Systems tutor. Answer ONLY using the exact textbook passages provided below. Do NOT add your own examples, do NOT invent information. If the answer is not in the provided text, reply EXACTLY with the word 'OUT_OF_CONTEXT' and nothing else.","Textbook passages:
As processes enter the system, they are placed in a job queue. Processes in main memory waiting to run are in the ready queue, and processes waiting for a particular I/O device are placed in a device queue.

Question: What is the difference between a job queue, a ready queue, and a device (I/O) queue?","The job queue holds all processes in the system (including those not yet in memory). The ready queue holds processes that are in main memory and ready to execute, waiting for CPU allocation. A device queue holds processes waiting for a specific I/O device to become available."
"You are an Operating Systems tutor. Answer ONLY using the exact textbook passages provided below. Do NOT add your own examples, do NOT invent information. If the answer is not in the provided text, reply EXACTLY with the word 'OUT_OF_CONTEXT' and nothing else.","Textbook passages:
Optimal (MIN/Belady's) page replacement evicts the page that will not be used again for the longest time in the future (or never used again), when a page fault occurs and all frames are full. It gives the theoretical minimum number of page faults but requires advance knowledge of the full reference string.

Question: A system uses 3 page frames and the Optimal page replacement algorithm. Given the page reference string:
3, 2, 4, 4, 0, 3, 4, 1, 4, 0, 5, 5, 4

Determine, for each reference, whether it is a page hit or a page fault, show the resulting frame contents, and compute the total number of page faults and page hits.","Ref | Frame contents after this reference | Hit/Fault
3   | [3]                   | Fault
2   | [3, 2]                | Fault
4   | [3, 2, 4]             | Fault
4   | [3, 2, 4]             | Hit
0   | [3, 4, 0]             | Fault
3   | [3, 4, 0]             | Hit
4   | [3, 4, 0]             | Hit
1   | [4, 0, 1]             | Fault
4   | [4, 0, 1]             | Hit
0   | [4, 0, 1]             | Hit
5   | [4, 1, 5]             | Fault
5   | [4, 1, 5]             | Hit
4   | [4, 1, 5]             | Hit

Total references = 13
Total page faults = 6
Total page hits = 7
Page fault rate = 6/13 = 0.46"
"You are an Operating Systems tutor. Answer ONLY using the exact textbook passages provided below. Do NOT add your own examples, do NOT invent information. If the answer is not in the provided text, reply EXACTLY with the word 'OUT_OF_CONTEXT' and nothing else.","Textbook passages:
Virtual machine: A software-based emulation of a physical computer that lets a guest operating system run isolated on top of a host system's hardware.

Question: Define Virtual machine.",A software-based emulation of a physical computer that lets a guest operating system run isolated on top of a host system's hardware.
"You are an Operating Systems tutor. Answer ONLY using the exact textbook passages provided below. Do NOT add your own examples, do NOT invent information. If the answer is not in the provided text, reply EXACTLY with the word 'OUT_OF_CONTEXT' and nothing else.","Textbook passages:
Cache coherency: The property that all processors/caches in a system see a consistent, up-to-date view of shared memory data despite each holding local cached copies.

Question: What is Cache coherency?","The property that all processors/caches in a system see a consistent, up-to-date view of shared memory data despite each holding local cached copies."
"You are an Operating Systems tutor. Answer ONLY using the exact textbook passages provided below. Do NOT add your own examples, do NOT invent information. If the answer is not in the provided text, reply EXACTLY with the word 'OUT_OF_CONTEXT' and nothing else.","Textbook passages:
In contiguous memory allocation, free memory is organized as a list of holes (blocks). First-fit allocates a process into the first hole large enough to hold it (scanning from the start). Best-fit allocates into the smallest hole that is still large enough. Worst-fit allocates into the largest available hole. After allocation, the unused remainder of the chosen hole remains as a smaller free hole.

Question: Free memory consists of the following holes, in this order: B0=297KB, B1=310KB, B2=140KB, B3=346KB, B4=138KB, B5=115KB. The following processes arrive in this order and must each be placed into a single contiguous free hole: P0=228KB, P1=194KB, P2=288KB.

Using the best-fit allocation strategy, determine which memory block (if any) each process is placed into, and the sizes of the remaining free blocks after all allocations.","P0 (228KB): placed in B0 (was 297KB) -> B0 now has 69KB free
P1 (194KB): placed in B1 (was 310KB) -> B1 now has 116KB free
P2 (288KB): placed in B3 (was 346KB) -> B3 now has 58KB free

Final remaining free block sizes: B0=69KB, B1=116KB, B2=140KB, B3=58KB, B4=138KB, B5=115KB"
"You are an Operating Systems tutor. Answer ONLY using the exact textbook passages provided below. Do NOT add your own examples, do NOT invent information. If the answer is not in the provided text, reply EXACTLY with the word 'OUT_OF_CONTEXT' and nothing else.","Textbook passages:
FCFS disk scheduling services pending I/O requests strictly in the order they arrived, regardless of cylinder position. Total head movement is the sum of the absolute differences between consecutively serviced cylinders, starting from the initial head position.

Question: A disk has 200 cylinders (numbered 0 to 199). The disk head is currently at cylinder 55. The pending requests, in the order they arrived, are: 121, 132, 116, 38, 155, 131, 35, 83.

Using the FCFS disk scheduling algorithm, determine the order in which the requests are serviced and compute the total head movement (in number of cylinders).","Service order: 55 -> 121 -> 132 -> 116 -> 38 -> 155 -> 131 -> 35 -> 83

Head movement per step: |121-55|=66 + |132-121|=11 + |116-132|=16 + |38-116|=78 + |155-38|=117 + |131-155|=24 + |35-131|=96 + |83-35|=48

Total head movement = 456 cylinders"
"You are an Operating Systems tutor. Answer ONLY using the exact textbook passages provided below. Do NOT add your own examples, do NOT invent information. If the answer is not in the provided text, reply EXACTLY with the word 'OUT_OF_CONTEXT' and nothing else.","Textbook passages:
In a paged memory system, a logical address is split into a page number and an offset: page number = logical address // page size; offset = logical address % page size. The page table maps each page number to a physical frame number. The physical address is computed as: physical address = (frame number x page size) + offset.

Question: A system uses paging with a page size of 256 bytes. A process has 5 pages, with the following page table: page 0 -> frame 0, page 1 -> frame 4, page 2 -> frame 5, page 3 -> frame 10, page 4 -> frame 6.

For the logical address 237, determine: (a) the page number, (b) the offset within the page, (c) the corresponding frame number, and (d) the resulting physical address.","(a) Page number = logical address // page size = 237 // 256 = 0
(b) Offset = logical address % page size = 237 % 256 = 237
(c) From the page table, page 0 -> frame 0
(d) Physical address = (frame number x page size) + offset = (0 x 256) + 237 = 237"
"You are an Operating Systems tutor. Answer ONLY using the exact textbook passages provided below. Do NOT add your own examples, do NOT invent information. If the answer is not in the provided text, reply EXACTLY with the word 'OUT_OF_CONTEXT' and nothing else.","Textbook passages:
RAID (Redundant Array of Independent Disks) uses multiple physical disks to improve performance and/or reliability through techniques such as striping, mirroring, and parity.

Question: Briefly describe RAID 0, RAID 1, and RAID 5.","RAID 0 (striping) splits data evenly across multiple disks with no redundancy — maximizes performance and capacity but offers zero fault tolerance (any single disk failure loses all data). RAID 1 (mirroring) duplicates all data identically on two (or more) disks — provides full redundancy and fast reads but halves usable capacity. RAID 5 (striping with distributed parity) stripes data across disks and stores a rotating parity block on each disk, tolerating a single disk failure (data can be reconstructed from parity) while using less redundant capacity than mirroring."
"You are an Operating Systems tutor. Answer ONLY using the exact textbook passages provided below. Do NOT add your own examples, do NOT invent information. If the answer is not in the provided text, reply EXACTLY with the word 'OUT_OF_CONTEXT' and nothing else.","Textbook passages:
Priority scheduling (non-preemptive) allocates the CPU to the ready process with the highest priority, where a SMALLER priority number means HIGHER priority. Once started, a process runs to completion. Ties are broken by earliest arrival time, then process ID. Completion Time (CT) is when a process finishes; Turnaround Time (TAT) = CT − Arrival Time; Waiting Time (WT) = TAT − Burst Time.

Question: Consider the following processes with their arrival and burst times (all times in milliseconds):

Process | Arrival Time | Burst Time | Priority
----------------------------------------------
P1      | 3            | 4          | 6
P2      | 2            | 10          | 9
P3      | 0            | 11          | 6
P4      | 7            | 2          | 2
P5      | 5            | 6          | 4

Using Priority (non-preemptive, smaller number = higher priority) scheduling, draw the Gantt chart and compute the Completion Time, Turnaround Time, and Waiting Time for each process. Also compute the average waiting time and average turnaround time.","Gantt Chart:
P3[0-11] -> P4[11-13] -> P5[13-19] -> P1[19-23] -> P2[23-33]

Process | CT | TAT (=CT-AT) | WT (=TAT-BT)
P1      | 23  | 20            | 16
P2      | 33  | 31            | 21
P3      | 11  | 11            | 0
P4      | 13  | 6            | 4
P5      | 19  | 14            | 8

Average Turnaround Time = (20 + 31 + 11 + 6 + 14) / 5 = 16.40 ms
Average Waiting Time = (16 + 21 + 0 + 4 + 8) / 5 = 9.80 ms"
"You are an Operating Systems tutor. Answer ONLY using the exact textbook passages provided below. Do NOT add your own examples, do NOT invent information. If the answer is not in the provided text, reply EXACTLY with the word 'OUT_OF_CONTEXT' and nothing else.","Textbook passages:
LRU (Least Recently Used) page replacement evicts the page that has not been referenced for the longest time, when a page fault occurs and all frames are full — it uses the recent past as an approximation of the near future.

Question: A system uses 4 page frames and the LRU page replacement algorithm. Given the page reference string:
3, 3, 5, 0, 2, 3, 2, 5, 2, 2, 1, 5, 3

Determine, for each reference, whether it is a page hit or a page fault, show the resulting frame contents, and compute the total number of page faults and page hits.","Ref | Frame contents after this reference | Hit/Fault
3   | [3]                   | Fault
3   | [3]                   | Hit
5   | [3, 5]                | Fault
0   | [3, 5, 0]             | Fault
2   | [3, 5, 0, 2]          | Fault
3   | [5, 0, 2, 3]          | Hit
2   | [5, 0, 3, 2]          | Hit
5   | [0, 3, 2, 5]          | Hit
2   | [0, 3, 5, 2]          | Hit
2   | [0, 3, 5, 2]          | Hit
1   | [3, 5, 2, 1]          | Fault
5   | [3, 2, 1, 5]          | Hit
3   | [2, 1, 5, 3]          | Hit

Total references = 13
Total page faults = 5
Total page hits = 8
Page fault rate = 5/13 = 0.38"
"You are an Operating Systems tutor. Answer ONLY using the exact textbook passages provided below. Do NOT add your own examples, do NOT invent information. If the answer is not in the provided text, reply EXACTLY with the word 'OUT_OF_CONTEXT' and nothing else.","Textbook passages:
In contiguous memory allocation, free memory is organized as a list of holes (blocks). First-fit allocates a process into the first hole large enough to hold it (scanning from the start). Best-fit allocates into the smallest hole that is still large enough. Worst-fit allocates into the largest available hole. After allocation, the unused remainder of the chosen hole remains as a smaller free hole.

Question: Free memory consists of the following holes, in this order: B0=354KB, B1=74KB, B2=388KB, B3=105KB. The following processes arrive in this order and must each be placed into a single contiguous free hole: P0=40KB, P1=54KB, P2=89KB, P3=243KB, P4=257KB.

Using the worst-fit allocation strategy, determine which memory block (if any) each process is placed into, and the sizes of the remaining free blocks after all allocations.","P0 (40KB): placed in B2 (was 388KB) -> B2 now has 348KB free
P1 (54KB): placed in B0 (was 354KB) -> B0 now has 300KB free
P2 (89KB): placed in B2 (was 348KB) -> B2 now has 259KB free
P3 (243KB): placed in B0 (was 300KB) -> B0 now has 57KB free
P4 (257KB): placed in B2 (was 259KB) -> B2 now has 2KB free

Final remaining free block sizes: B0=57KB, B1=74KB, B2=2KB, B3=105KB"
"You are an Operating Systems tutor. Answer ONLY using the exact textbook passages provided below. Do NOT add your own examples, do NOT invent information. If the answer is not in the provided text, reply EXACTLY with the word 'OUT_OF_CONTEXT' and nothing else.","Textbook passages:
The I/O subsystem manages communication between the CPU and peripheral devices using techniques such as polling, interrupts, DMA, spooling, buffering, and caching.

Question: What is spooling, and why is it used?","Spooling (Simultaneous Peripheral Operations On-Line) stores data destined for a slow device (like a printer) in a disk buffer/queue, allowing multiple processes to 'print' without waiting for the physical device or for each other, and letting a scheduler manage the order of dispatch. It decouples fast processes from slow I/O devices and enables device sharing among multiple users."
"You are an Operating Systems tutor. Answer ONLY using the exact textbook passages provided below. Do NOT add your own examples, do NOT invent information. If the answer is not in the provided text, reply EXACTLY with the word 'OUT_OF_CONTEXT' and nothing else.","Textbook passages:
Shortest Remaining Time First (SRTF) is the preemptive version of SJF: at every instant, the CPU runs whichever ready process has the smallest remaining burst time, preempting the current process if a process with a shorter remaining time becomes ready. Ties are broken by earliest arrival time, then process ID. Completion Time (CT) is when a process finishes; Turnaround Time (TAT) = CT − Arrival Time; Waiting Time (WT) = TAT − Burst Time.

Question: Consider the following processes with their arrival and burst times (all times in milliseconds):

Process | Arrival Time | Burst Time
-----------------------------------
P1      | 10            | 8
P2      | 7            | 4
P3      | 0            | 8
P4      | 1            | 12
P5      | 2            | 9

Using Shortest Remaining Time First (SRTF, preemptive) scheduling, draw the Gantt chart and compute the Completion Time, Turnaround Time, and Waiting Time for each process. Also compute the average waiting time and average turnaround time.","Gantt Chart:
P3[0-8] -> P2[8-12] -> P1[12-20] -> P5[20-29] -> P4[29-41]

Process | CT | TAT (=CT-AT) | WT (=TAT-BT)
P1      | 20  | 10            | 2
P2      | 12  | 5            | 1
P3      | 8  | 8            | 0
P4      | 41  | 40            | 28
P5      | 29  | 27            | 18

Average Turnaround Time = (10 + 5 + 8 + 40 + 27) / 5 = 18 ms
Average Waiting Time = (2 + 1 + 0 + 28 + 18) / 5 = 9.80 ms"
"You are an Operating Systems tutor. Answer ONLY using the exact textbook passages provided below. Do NOT add your own examples, do NOT invent information. If the answer is not in the provided text, reply EXACTLY with the word 'OUT_OF_CONTEXT' and nothing else.","Textbook passages:
Spooling: Simultaneous Peripheral Operations On-Line — buffering output for a slow device (like a printer) on disk so processes don't have to wait for the device directly.

Question: What is Spooling?",Simultaneous Peripheral Operations On-Line — buffering output for a slow device (like a printer) on disk so processes don't have to wait for the device directly.
"You are an Operating Systems tutor. Answer ONLY using the exact textbook passages provided below. Do NOT add your own examples, do NOT invent information. If the answer is not in the provided text, reply EXACTLY with the word 'OUT_OF_CONTEXT' and nothing else.","Textbook passages:
Starvation: A situation where a process is perpetually denied the resources it needs to proceed, often because other processes are repeatedly given priority.

Question: What is Starvation?","A situation where a process is perpetually denied the resources it needs to proceed, often because other processes are repeatedly given priority."
"You are an Operating Systems tutor. Answer ONLY using the exact textbook passages provided below. Do NOT add your own examples, do NOT invent information. If the answer is not in the provided text, reply EXACTLY with the word 'OUT_OF_CONTEXT' and nothing else.","Textbook passages:
A futex ('fast userspace mutex') is the Linux primitive underlying most userspace lock implementations. It separates the fast, uncontended path — handled entirely in userspace with a single atomic instruction — from the slow, contended path, which is the only case that requires an actual syscall to block or wake a thread in the kernel.

Question: What problem does a futex solve, and why would making a syscall for every single lock/unlock operation be wasteful?","Most locks, most of the time, are uncontended — a thread acquires them, does a short critical section, and releases them with no other thread ever trying to acquire the same lock at the same instant. A syscall costs real time (a context switch into the kernel and back, on the order of a couple hundred nanoseconds or more), and if every single lock/unlock always made a syscall, that fixed cost would be paid constantly even though blocking in the kernel is almost never actually necessary. A futex solves this by letting the fast (uncontended) path run entirely in userspace using nothing but an atomic CPU instruction, and only falling into the kernel — via an actual futex() syscall — in the rare case a thread genuinely needs to block waiting for another thread, or needs to wake one that's blocked."
"You are an Operating Systems tutor. Answer ONLY using the exact textbook passages provided below. Do NOT add your own examples, do NOT invent information. If the answer is not in the provided text, reply EXACTLY with the word 'OUT_OF_CONTEXT' and nothing else.","Textbook passages:
Cache coherency: The property that all processors/caches in a system see a consistent, up-to-date view of shared memory data despite each holding local cached copies.

Question: Define Cache coherency.","The property that all processors/caches in a system see a consistent, up-to-date view of shared memory data despite each holding local cached copies."
"You are an Operating Systems tutor. Answer ONLY using the exact textbook passages provided below. Do NOT add your own examples, do NOT invent information. If the answer is not in the provided text, reply EXACTLY with the word 'OUT_OF_CONTEXT' and nothing else.","Textbook passages:
On multi-core processors, each core often has a private store buffer that lets writes complete locally before they become visible to other cores, and a relaxed memory model may allow the CPU to reorder a store followed by an unrelated load unless an explicit memory barrier forbids it. This StoreLoad reordering is the one reordering even relatively strong models like x86-TSO still permit.

Question: Who won the FIFA World Cup in 2018?",OUT_OF_CONTEXT
"You are an Operating Systems tutor. Answer ONLY using the exact textbook passages provided below. Do NOT add your own examples, do NOT invent information. If the answer is not in the provided text, reply EXACTLY with the word 'OUT_OF_CONTEXT' and nothing else.","Textbook passages:
The Banker's algorithm avoids deadlock by only granting a resource request if the resulting state is 'safe'. A state is safe if there is some ordering (safe sequence) of all processes such that each process's remaining Need can be satisfied by the currently Available resources plus what is freed by processes earlier in the sequence. Need[i] = Max[i] - Allocation[i]. The safety algorithm repeatedly finds any unfinished process whose Need is <= Work (initially Available), 'runs' it (adding its Allocation back to Work), and marks it finished, until no more processes can be added (safe if all finish) or no more can be found (unsafe if any remain unfinished).

Question: A system has 5 processes (P0..P4) and 2 resource types (A, B). The current Allocation and Max matrices, and the Available vector, are:

Allocation:
Process | A  B
P0      | 8  5
P1      | 6  2
P2      | 6  7
P3      | 8  2
P4      | 2  2

Max:
Process | A  B
P0      | 8  9
P1      | 6  4
P2      | 8  7
P3      | 8  4
P4      | 6  4

Available: A=4, B=6

Compute the Need matrix, and using the Banker's algorithm, determine whether the system is currently in a safe state. If it is, give a valid safe sequence.","Need = Max - Allocation:
Process | A  B
P0      | 0  4
P1      | 0  2
P2      | 2  0
P3      | 0  2
P4      | 4  2

Need[P0] = [0, 4] <= Work [4, 6] -> P0 can run; Work becomes [12, 11]
Need[P1] = [0, 2] <= Work [12, 11] -> P1 can run; Work becomes [18, 13]
Need[P2] = [2, 0] <= Work [18, 13] -> P2 can run; Work becomes [24, 20]
Need[P3] = [0, 2] <= Work [24, 20] -> P3 can run; Work becomes [32, 22]
Need[P4] = [4, 2] <= Work [32, 22] -> P4 can run; Work becomes [34, 24]

All processes finish. The system IS in a safe state.
Safe sequence: P0 -> P1 -> P2 -> P3 -> P4"
"You are an Operating Systems tutor. Answer ONLY using the exact textbook passages provided below. Do NOT add your own examples, do NOT invent information. If the answer is not in the provided text, reply EXACTLY with the word 'OUT_OF_CONTEXT' and nothing else.","Textbook passages:
Memory management is responsible for keeping track of each byte of a computer's memory, allocating and deallocating memory space as needed by processes, and protecting each process's memory from unauthorized access by others.

Question: What is swapping?","Swapping is the technique of temporarily moving a process's entire memory image out to secondary storage (a backing store) to free up main memory for other processes, and later swapping it back in to continue execution. It increases the degree of multiprogramming but adds significant I/O overhead."
"You are an Operating Systems tutor. Answer ONLY using the exact textbook passages provided below. Do NOT add your own examples, do NOT invent information. If the answer is not in the provided text, reply EXACTLY with the word 'OUT_OF_CONTEXT' and nothing else.","Textbook passages:
Working set: The set of pages a process has referenced within a recent fixed time window, used to estimate the minimum number of frames it needs to run without excessive faulting.

Question: Explain the term Working set in the context of operating systems.","The set of pages a process has referenced within a recent fixed time window, used to estimate the minimum number of frames it needs to run without excessive faulting."
"You are an Operating Systems tutor. Answer ONLY using the exact textbook passages provided below. Do NOT add your own examples, do NOT invent information. If the answer is not in the provided text, reply EXACTLY with the word 'OUT_OF_CONTEXT' and nothing else.","Textbook passages:
Zombie process: A process that has finished execution but still has an entry in the process table because its parent has not yet called wait() to collect its exit status.

Question: Explain the term Zombie process in the context of operating systems.",A process that has finished execution but still has an entry in the process table because its parent has not yet called wait() to collect its exit status.
"You are an Operating Systems tutor. Answer ONLY using the exact textbook passages provided below. Do NOT add your own examples, do NOT invent information. If the answer is not in the provided text, reply EXACTLY with the word 'OUT_OF_CONTEXT' and nothing else.","Textbook passages:
FIFO page replacement evicts the page that has been resident in memory the longest, regardless of how recently or often it has been used, when a page fault occurs and all frames are full.

Question: A system uses 4 page frames and the FIFO page replacement algorithm. Given the page reference string:
5, 3, 2, 4, 0, 5, 4, 0, 2, 0

Determine, for each reference, whether it is a page hit or a page fault, show the resulting frame contents, and compute the total number of page faults and page hits.","Ref | Frame contents after this reference | Hit/Fault
5   | [5]                   | Fault
3   | [5, 3]                | Fault
2   | [5, 3, 2]             | Fault
4   | [5, 3, 2, 4]          | Fault
0   | [3, 2, 4, 0]          | Fault
5   | [2, 4, 0, 5]          | Fault
4   | [2, 4, 0, 5]          | Hit
0   | [2, 4, 0, 5]          | Hit
2   | [2, 4, 0, 5]          | Hit
0   | [2, 4, 0, 5]          | Hit

Total references = 10
Total page faults = 6
Total page hits = 4
Page fault rate = 6/10 = 0.60"
"You are an Operating Systems tutor. Answer ONLY using the exact textbook passages provided below. Do NOT add your own examples, do NOT invent information. If the answer is not in the provided text, reply EXACTLY with the word 'OUT_OF_CONTEXT' and nothing else.","Textbook passages:
Real-time scheduling algorithms like Rate Monotonic Scheduling (RMS) and Earliest Deadline First (EDF) schedule periodic tasks to guarantee that each task's deadline (usually equal to its period) is met. RMS is a fixed-priority algorithm; EDF is a dynamic-priority algorithm and is provably optimal among such algorithms.

Question: Given two periodic tasks — Task 1 with C1=1, T1=3, and Task 2 with C2=1, T2=5 — is this task set schedulable under RMS according to the Liu & Layland bound?","Total utilization U = C1/T1 + C2/T2 = 1/3 + 1/5 = 5/15 + 3/15 = 8/15 ≈ 0.533. The Liu & Layland bound for n=2 tasks is n(2^(1/n) - 1) = 2(2^0.5 - 1) = 2(1.41421 - 1) ≈ 2 x 0.41421 ≈ 0.828. Since U ≈ 0.533 <= 0.828, the sufficient condition is satisfied, so yes — this task set is guaranteed schedulable under RMS."
"You are an Operating Systems tutor. Answer ONLY using the exact textbook passages provided below. Do NOT add your own examples, do NOT invent information. If the answer is not in the provided text, reply EXACTLY with the word 'OUT_OF_CONTEXT' and nothing else.","Textbook passages:
C-SCAN (Circular SCAN) disk scheduling moves the head in one direction, servicing every pending request it passes, all the way to that end of the disk; it then jumps immediately to the opposite end of the disk (this jump counts toward total head movement) and continues scanning in the SAME original direction, servicing the remaining requests, ensuring more uniform wait times than SCAN.

Question: A disk has 200 cylinders (numbered 0 to 199). The disk head is currently at cylinder 160. The pending requests, in the order they arrived, are: 193, 137, 170, 55, 195, 63, 174, 152, 20.

Using the C-SCAN (initial direction: decreasing cylinder numbers) disk scheduling algorithm, determine the order in which the requests are serviced and compute the total head movement (in number of cylinders).","Service order: 160 -> 152 -> 137 -> 63 -> 55 -> 20 -> 195 -> 193 -> 174 -> 170

Head movement per step: |152-160|=8 + |137-152|=15 + |63-137|=74 + |55-63|=8 + |20-55|=35 + |195-20|=175 + |193-195|=2 + |174-193|=19 + |170-174|=4

Total head movement = 388 cylinders"
"You are an Operating Systems tutor. Answer ONLY using the exact textbook passages provided below. Do NOT add your own examples, do NOT invent information. If the answer is not in the provided text, reply EXACTLY with the word 'OUT_OF_CONTEXT' and nothing else.","Textbook passages:
Operating systems can be classified by how they schedule and share the CPU among users and processes: batch systems, multiprogrammed systems, time-sharing systems, real-time systems, and distributed systems, each suited to different workloads.

Question: What is a time-sharing (multitasking) operating system?","A time-sharing OS extends multiprogramming by rapidly switching the CPU among multiple users' processes (using time slices), giving each user the illusion of having a dedicated, responsive system even though the CPU is actually shared, e.g. Windows, Linux, UNIX."
"You are an Operating Systems tutor. Answer ONLY using the exact textbook passages provided below. Do NOT add your own examples, do NOT invent information. If the answer is not in the provided text, reply EXACTLY with the word 'OUT_OF_CONTEXT' and nothing else.","Textbook passages:
LOOK disk scheduling behaves like SCAN, but instead of travelling all the way to the physical end of the disk, the head reverses direction as soon as it services the last pending request in the current direction, avoiding unnecessary movement.

Question: A disk has 200 cylinders (numbered 0 to 199). The disk head is currently at cylinder 141. The pending requests, in the order they arrived, are: 167, 198, 148, 147, 58, 184, 13, 149.

Using the LOOK (initial direction: decreasing cylinder numbers) disk scheduling algorithm, determine the order in which the requests are serviced and compute the total head movement (in number of cylinders).","Service order: 141 -> 58 -> 13 -> 147 -> 148 -> 149 -> 167 -> 184 -> 198

Head movement per step: |58-141|=83 + |13-58|=45 + |147-13|=134 + |148-147|=1 + |149-148|=1 + |167-149|=18 + |184-167|=17 + |198-184|=14

Total head movement = 313 cylinders"
"You are an Operating Systems tutor. Answer ONLY using the exact textbook passages provided below. Do NOT add your own examples, do NOT invent information. If the answer is not in the provided text, reply EXACTLY with the word 'OUT_OF_CONTEXT' and nothing else.","Textbook passages:
LOOK disk scheduling behaves like SCAN, but instead of travelling all the way to the physical end of the disk, the head reverses direction as soon as it services the last pending request in the current direction, avoiding unnecessary movement.

Question: A disk has 200 cylinders (numbered 0 to 199). The disk head is currently at cylinder 143. The pending requests, in the order they arrived, are: 63, 71, 142, 76, 57, 197, 73.

Using the LOOK (initial direction: increasing cylinder numbers) disk scheduling algorithm, determine the order in which the requests are serviced and compute the total head movement (in number of cylinders).","Service order: 143 -> 197 -> 142 -> 76 -> 73 -> 71 -> 63 -> 57

Head movement per step: |197-143|=54 + |142-197|=55 + |76-142|=66 + |73-76|=3 + |71-73|=2 + |63-71|=8 + |57-63|=6

Total head movement = 194 cylinders"
"You are an Operating Systems tutor. Answer ONLY using the exact textbook passages provided below. Do NOT add your own examples, do NOT invent information. If the answer is not in the provided text, reply EXACTLY with the word 'OUT_OF_CONTEXT' and nothing else.","Textbook passages:
Shortest Remaining Time First (SRTF) is the preemptive version of SJF: at every instant, the CPU runs whichever ready process has the smallest remaining burst time, preempting the current process if a process with a shorter remaining time becomes ready. Ties are broken by earliest arrival time, then process ID. Completion Time (CT) is when a process finishes; Turnaround Time (TAT) = CT − Arrival Time; Waiting Time (WT) = TAT − Burst Time.

Question: Consider the following processes with their arrival and burst times (all times in milliseconds):

Process | Arrival Time | Burst Time
-----------------------------------
P1      | 7            | 6
P2      | 1            | 12
P3      | 4            | 2
P4      | 5            | 4
P5      | 2            | 9

Using Shortest Remaining Time First (SRTF, preemptive) scheduling, draw the Gantt chart and compute the Completion Time, Turnaround Time, and Waiting Time for each process. Also compute the average waiting time and average turnaround time.","Gantt Chart:
Idle[0-1] -> P2[1-2] -> P5[2-4] -> P3[4-6] -> P4[6-10] -> P1[10-16] -> P5[16-23] -> P2[23-34]

Process | CT | TAT (=CT-AT) | WT (=TAT-BT)
P1      | 16  | 9            | 3
P2      | 34  | 33            | 21
P3      | 6  | 2            | 0
P4      | 10  | 5            | 1
P5      | 23  | 21            | 12

Average Turnaround Time = (9 + 33 + 2 + 5 + 21) / 5 = 14 ms
Average Waiting Time = (3 + 21 + 0 + 1 + 12) / 5 = 7.40 ms"
"You are an Operating Systems tutor. Answer ONLY using the exact textbook passages provided below. Do NOT add your own examples, do NOT invent information. If the answer is not in the provided text, reply EXACTLY with the word 'OUT_OF_CONTEXT' and nothing else.","Textbook passages:
Round Robin (RR) scheduling gives each ready process a fixed time quantum to run. If a process does not finish within its quantum, it is preempted and placed at the back of the (circular) ready queue. Newly-arriving processes are added to the back of the queue before the just-preempted process is re-added. Completion Time (CT) is when a process finishes; Turnaround Time (TAT) = CT − Arrival Time; Waiting Time (WT) = TAT − Burst Time.

Question: Consider the following processes with their arrival and burst times (all times in milliseconds):

Process | Arrival Time | Burst Time
-----------------------------------
P1      | 2            | 11
P2      | 6            | 10
P3      | 4            | 6
P4      | 6            | 11
P5      | 7            | 9

Using Round Robin (time quantum = 4) scheduling, draw the Gantt chart and compute the Completion Time, Turnaround Time, and Waiting Time for each process. Also compute the average waiting time and average turnaround time.","Gantt Chart:
P1[2-6] -> P3[6-10] -> P2[10-14] -> P4[14-18] -> P1[18-22] -> P5[22-26] -> P3[26-28] -> P2[28-32] -> P4[32-36] -> P1[36-39] -> P5[39-43] -> P2[43-45] -> P4[45-48] -> P5[48-49]

Process | CT | TAT (=CT-AT) | WT (=TAT-BT)
P1      | 39  | 37            | 26
P2      | 45  | 39            | 29
P3      | 28  | 24            | 18
P4      | 48  | 42            | 31
P5      | 49  | 42            | 33

Average Turnaround Time = (37 + 39 + 24 + 42 + 42) / 5 = 36.80 ms
Average Waiting Time = (26 + 29 + 18 + 31 + 33) / 5 = 27.40 ms"
"You are an Operating Systems tutor. Answer ONLY using the exact textbook passages provided below. Do NOT add your own examples, do NOT invent information. If the answer is not in the provided text, reply EXACTLY with the word 'OUT_OF_CONTEXT' and nothing else.","Textbook passages:
LRU (Least Recently Used) page replacement evicts the page that has not been referenced for the longest time, when a page fault occurs and all frames are full — it uses the recent past as an approximation of the near future.

Question: A system uses 4 page frames and the LRU page replacement algorithm. Given the page reference string:
0, 5, 2, 1, 3, 3, 1, 2, 0, 5, 2, 4

Determine, for each reference, whether it is a page hit or a page fault, show the resulting frame contents, and compute the total number of page faults and page hits.","Ref | Frame contents after this reference | Hit/Fault
0   | [0]                   | Fault
5   | [0, 5]                | Fault
2   | [0, 5, 2]             | Fault
1   | [0, 5, 2, 1]          | Fault
3   | [5, 2, 1, 3]          | Fault
3   | [5, 2, 1, 3]          | Hit
1   | [5, 2, 3, 1]          | Hit
2   | [5, 3, 1, 2]          | Hit
0   | [3, 1, 2, 0]          | Fault
5   | [1, 2, 0, 5]          | Fault
2   | [1, 0, 5, 2]          | Hit
4   | [0, 5, 2, 4]          | Fault

Total references = 12
Total page faults = 8
Total page hits = 4
Page fault rate = 8/12 = 0.67"
"You are an Operating Systems tutor. Answer ONLY using the exact textbook passages provided below. Do NOT add your own examples, do NOT invent information. If the answer is not in the provided text, reply EXACTLY with the word 'OUT_OF_CONTEXT' and nothing else.","Textbook passages:
The Banker's algorithm avoids deadlock by only granting a resource request if the resulting state is 'safe'. A state is safe if there is some ordering (safe sequence) of all processes such that each process's remaining Need can be satisfied by the currently Available resources plus what is freed by processes earlier in the sequence. Need[i] = Max[i] - Allocation[i]. The safety algorithm repeatedly finds any unfinished process whose Need is <= Work (initially Available), 'runs' it (adding its Allocation back to Work), and marks it finished, until no more processes can be added (safe if all finish) or no more can be found (unsafe if any remain unfinished).

Question: A system has 5 processes (P0..P4) and 3 resource types (A, B, C). The current Allocation and Max matrices, and the Available vector, are:

Allocation:
Process | A  B  C
P0      | 3  3  3
P1      | 1  2  1
P2      | 2  8  3
P3      | 1  0  8
P4      | 0  0  5

Max:
Process | A  B  C
P0      | 5  4  4
P1      | 5  4  6
P2      | 7  9  4
P3      | 6  7  8
P4      | 8  5  5

Available: A=2, B=8, C=2

Process P1 now requests additional resources: A=0, B=2, C=3. Using the Banker's algorithm, determine whether this request can be granted immediately.","Need = Max - Allocation:
Process | A  B  C
P0      | 2  1  1
P1      | 4  2  5
P2      | 5  1  1
P3      | 5  7  0
P4      | 8  5  0

Step 1: Is Request <= Need[P1]? Request=[0, 2, 3], Need[P1]=[4, 2, 5]
-> Yes.

Step 2: Is Request <= Available? Request=[0, 2, 3], Available=[2, 8, 2]
-> No. Available cannot satisfy the request, so P1 must wait until enough resources are free."
"You are an Operating Systems tutor. Answer ONLY using the exact textbook passages provided below. Do NOT add your own examples, do NOT invent information. If the answer is not in the provided text, reply EXACTLY with the word 'OUT_OF_CONTEXT' and nothing else.","Textbook passages:
File descriptor: A small non-negative integer that a process uses as a handle to refer to an open file or other I/O resource when making system calls.

Question: Define File descriptor.",A small non-negative integer that a process uses as a handle to refer to an open file or other I/O resource when making system calls.
"You are an Operating Systems tutor. Answer ONLY using the exact textbook passages provided below. Do NOT add your own examples, do NOT invent information. If the answer is not in the provided text, reply EXACTLY with the word 'OUT_OF_CONTEXT' and nothing else.","Textbook passages:
In a paged memory system, a logical address is split into a page number and an offset: page number = logical address // page size; offset = logical address % page size. The page table maps each page number to a physical frame number. The physical address is computed as: physical address = (frame number x page size) + offset.

Question: A system uses paging with a page size of 512 bytes. A process has 5 pages, with the following page table: page 0 -> frame 3, page 1 -> frame 5, page 2 -> frame 1, page 3 -> frame 6, page 4 -> frame 9.

For the logical address 190, determine: (a) the page number, (b) the offset within the page, (c) the corresponding frame number, and (d) the resulting physical address.","(a) Page number = logical address // page size = 190 // 512 = 0
(b) Offset = logical address % page size = 190 % 512 = 190
(c) From the page table, page 0 -> frame 3
(d) Physical address = (frame number x page size) + offset = (3 x 512) + 190 = 1726"
"You are an Operating Systems tutor. Answer ONLY using the exact textbook passages provided below. Do NOT add your own examples, do NOT invent information. If the answer is not in the provided text, reply EXACTLY with the word 'OUT_OF_CONTEXT' and nothing else.","Textbook passages:
Copy-on-Write (COW): A memory-management optimization where two processes (e.g. after fork()) share the same physical pages read-only until one attempts to write, at which point a private copy of just that page is made.

Question: What is Copy-on-Write (COW)?","A memory-management optimization where two processes (e.g. after fork()) share the same physical pages read-only until one attempts to write, at which point a private copy of just that page is made."
"You are an Operating Systems tutor. Answer ONLY using the exact textbook passages provided below. Do NOT add your own examples, do NOT invent information. If the answer is not in the provided text, reply EXACTLY with the word 'OUT_OF_CONTEXT' and nothing else.","Textbook passages:
The Banker's algorithm avoids deadlock by only granting a resource request if the resulting state is 'safe'. A state is safe if there is some ordering (safe sequence) of all processes such that each process's remaining Need can be satisfied by the currently Available resources plus what is freed by processes earlier in the sequence. Need[i] = Max[i] - Allocation[i]. The safety algorithm repeatedly finds any unfinished process whose Need is <= Work (initially Available), 'runs' it (adding its Allocation back to Work), and marks it finished, until no more processes can be added (safe if all finish) or no more can be found (unsafe if any remain unfinished).

Question: A system has 4 processes (P0..P3) and 2 resource types (A, B). The current Allocation and Max matrices, and the Available vector, are:

Allocation:
Process | A  B
P0      | 0  8
P1      | 8  6
P2      | 0  0
P3      | 4  2

Max:
Process | A  B
P0      | 7  8
P1      | 8  7
P2      | 6  8
P3      | 6  3

Available: A=6, B=4

Process P3 now requests additional resources: A=0, B=0. Using the Banker's algorithm, determine whether this request can be granted immediately.","Need = Max - Allocation:
Process | A  B
P0      | 7  0
P1      | 0  1
P2      | 6  8
P3      | 2  1

Step 1: Is Request <= Need[P3]? Request=[0, 0], Need[P3]=[2, 1]
-> Yes.

Step 2: Is Request <= Available? Request=[0, 0], Available=[6, 4]
-> Yes. Pretend to allocate and check safety of the resulting state.

Tentative new Available: [6, 4]
The resulting state IS safe (safe sequence: P1 -> P2 -> P3 -> P0). The request is GRANTED immediately."
"You are an Operating Systems tutor. Answer ONLY using the exact textbook passages provided below. Do NOT add your own examples, do NOT invent information. If the answer is not in the provided text, reply EXACTLY with the word 'OUT_OF_CONTEXT' and nothing else.","Textbook passages:
Memory management is responsible for keeping track of each byte of a computer's memory, allocating and deallocating memory space as needed by processes, and protecting each process's memory from unauthorized access by others.

Question: How do base and limit registers provide memory protection?","The base register holds the smallest legal physical memory address a process may access, and the limit register holds the size (range) of that process's address space. Every logical address generated by the CPU is checked in hardware: if 0 ≤ logical address < limit, the physical address = base + logical address is used; otherwise a trap (addressing error) is raised to the OS, preventing a process from accessing another process's or the OS's memory."
"You are an Operating Systems tutor. Answer ONLY using the exact textbook passages provided below. Do NOT add your own examples, do NOT invent information. If the answer is not in the provided text, reply EXACTLY with the word 'OUT_OF_CONTEXT' and nothing else.","Textbook passages:
In a paged memory system, a logical address is split into a page number and an offset: page number = logical address // page size; offset = logical address % page size. The page table maps each page number to a physical frame number. The physical address is computed as: physical address = (frame number x page size) + offset.

Question: A system uses paging with a page size of 1024 bytes. A process has 5 pages, with the following page table: page 0 -> frame 4, page 1 -> frame 8, page 2 -> frame 3, page 3 -> frame 5, page 4 -> frame 6.

For the logical address 2419, determine: (a) the page number, (b) the offset within the page, (c) the corresponding frame number, and (d) the resulting physical address.","(a) Page number = logical address // page size = 2419 // 1024 = 2
(b) Offset = logical address % page size = 2419 % 1024 = 371
(c) From the page table, page 2 -> frame 3
(d) Physical address = (frame number x page size) + offset = (3 x 1024) + 371 = 3443"
"You are an Operating Systems tutor. Answer ONLY using the exact textbook passages provided below. Do NOT add your own examples, do NOT invent information. If the answer is not in the provided text, reply EXACTLY with the word 'OUT_OF_CONTEXT' and nothing else.","Textbook passages:
Shortest Remaining Time First (SRTF) is the preemptive version of SJF: at every instant, the CPU runs whichever ready process has the smallest remaining burst time, preempting the current process if a process with a shorter remaining time becomes ready. Ties are broken by earliest arrival time, then process ID. Completion Time (CT) is when a process finishes; Turnaround Time (TAT) = CT − Arrival Time; Waiting Time (WT) = TAT − Burst Time.

Question: Consider the following processes with their arrival and burst times (all times in milliseconds):

Process | Arrival Time | Burst Time
-----------------------------------
P1      | 4            | 2
P2      | 4            | 12
P3      | 3            | 5

Using Shortest Remaining Time First (SRTF, preemptive) scheduling, draw the Gantt chart and compute the Completion Time, Turnaround Time, and Waiting Time for each process. Also compute the average waiting time and average turnaround time.","Gantt Chart:
Idle[0-3] -> P3[3-4] -> P1[4-6] -> P3[6-10] -> P2[10-22]

Process | CT | TAT (=CT-AT) | WT (=TAT-BT)
P1      | 6  | 2            | 0
P2      | 22  | 18            | 6
P3      | 10  | 7            | 2

Average Turnaround Time = (2 + 18 + 7) / 3 = 9 ms
Average Waiting Time = (0 + 6 + 2) / 3 = 2.67 ms"
"You are an Operating Systems tutor. Answer ONLY using the exact textbook passages provided below. Do NOT add your own examples, do NOT invent information. If the answer is not in the provided text, reply EXACTLY with the word 'OUT_OF_CONTEXT' and nothing else.","Textbook passages:
Round Robin (RR) scheduling gives each ready process a fixed time quantum to run. If a process does not finish within its quantum, it is preempted and placed at the back of the (circular) ready queue. Newly-arriving processes are added to the back of the queue before the just-preempted process is re-added. Completion Time (CT) is when a process finishes; Turnaround Time (TAT) = CT − Arrival Time; Waiting Time (WT) = TAT − Burst Time.

Question: Consider the following processes with their arrival and burst times (all times in milliseconds):

Process | Arrival Time | Burst Time
-----------------------------------
P1      | 7            | 6
P2      | 3            | 6
P3      | 7            | 3
P4      | 4            | 12

Using Round Robin (time quantum = 3) scheduling, draw the Gantt chart and compute the Completion Time, Turnaround Time, and Waiting Time for each process. Also compute the average waiting time and average turnaround time.","Gantt Chart:
P2[3-6] -> P4[6-9] -> P2[9-12] -> P1[12-15] -> P3[15-18] -> P4[18-21] -> P1[21-24] -> P4[24-27] -> P4[27-30]

Process | CT | TAT (=CT-AT) | WT (=TAT-BT)
P1      | 24  | 17            | 11
P2      | 12  | 9            | 3
P3      | 18  | 11            | 8
P4      | 30  | 26            | 14

Average Turnaround Time = (17 + 9 + 11 + 26) / 4 = 15.75 ms
Average Waiting Time = (11 + 3 + 8 + 14) / 4 = 9 ms"
"You are an Operating Systems tutor. Answer ONLY using the exact textbook passages provided below. Do NOT add your own examples, do NOT invent information. If the answer is not in the provided text, reply EXACTLY with the word 'OUT_OF_CONTEXT' and nothing else.","Textbook passages:
Shortest Job First (SJF, non-preemptive) scheduling selects, among all processes that have arrived and are ready, the one with the smallest CPU burst time to run next; once started it runs to completion. Ties are broken by earliest arrival time, then by process ID. Completion Time (CT) is when a process finishes; Turnaround Time (TAT) = CT − Arrival Time; Waiting Time (WT) = TAT − Burst Time.

Question: Consider the following processes with their arrival and burst times (all times in milliseconds):

Process | Arrival Time | Burst Time
-----------------------------------
P1      | 4            | 3
P2      | 1            | 10
P3      | 9            | 11
P4      | 8            | 8
P5      | 7            | 6

Using Shortest Job First (SJF, non-preemptive) scheduling, draw the Gantt chart and compute the Completion Time, Turnaround Time, and Waiting Time for each process. Also compute the average waiting time and average turnaround time.","Gantt Chart:
Idle[0-1] -> P2[1-11] -> P1[11-14] -> P5[14-20] -> P4[20-28] -> P3[28-39]

Process | CT | TAT (=CT-AT) | WT (=TAT-BT)
P1      | 14  | 10            | 7
P2      | 11  | 10            | 0
P3      | 39  | 30            | 19
P4      | 28  | 20            | 12
P5      | 20  | 13            | 7

Average Turnaround Time = (10 + 10 + 30 + 20 + 13) / 5 = 16.60 ms
Average Waiting Time = (7 + 0 + 19 + 12 + 7) / 5 = 9 ms"
"You are an Operating Systems tutor. Answer ONLY using the exact textbook passages provided below. Do NOT add your own examples, do NOT invent information. If the answer is not in the provided text, reply EXACTLY with the word 'OUT_OF_CONTEXT' and nothing else.","Textbook passages:
Interrupt vector table: A table of pointers (addresses) to interrupt service routines, indexed by interrupt number, used by the CPU to quickly locate the correct handler for an interrupt.

Question: Explain the term Interrupt vector table in the context of operating systems.","A table of pointers (addresses) to interrupt service routines, indexed by interrupt number, used by the CPU to quickly locate the correct handler for an interrupt."
"You are an Operating Systems tutor. Answer ONLY using the exact textbook passages provided below. Do NOT add your own examples, do NOT invent information. If the answer is not in the provided text, reply EXACTLY with the word 'OUT_OF_CONTEXT' and nothing else.","Textbook passages:
The Banker's algorithm avoids deadlock by only granting a resource request if the resulting state is 'safe'. A state is safe if there is some ordering (safe sequence) of all processes such that each process's remaining Need can be satisfied by the currently Available resources plus what is freed by processes earlier in the sequence. Need[i] = Max[i] - Allocation[i]. The safety algorithm repeatedly finds any unfinished process whose Need is <= Work (initially Available), 'runs' it (adding its Allocation back to Work), and marks it finished, until no more processes can be added (safe if all finish) or no more can be found (unsafe if any remain unfinished).

Question: A system has 4 processes (P0..P3) and 2 resource types (A, B). The current Allocation and Max matrices, and the Available vector, are:

Allocation:
Process | A  B
P0      | 5  0
P1      | 3  2
P2      | 7  4
P3      | 7  1

Max:
Process | A  B
P0      | 5  5
P1      | 9  6
P2      | 7  6
P3      | 8  3

Available: A=8, B=5

Compute the Need matrix, and using the Banker's algorithm, determine whether the system is currently in a safe state. If it is, give a valid safe sequence.","Need = Max - Allocation:
Process | A  B
P0      | 0  5
P1      | 6  4
P2      | 0  2
P3      | 1  2

Need[P0] = [0, 5] <= Work [8, 5] -> P0 can run; Work becomes [13, 5]
Need[P1] = [6, 4] <= Work [13, 5] -> P1 can run; Work becomes [16, 7]
Need[P2] = [0, 2] <= Work [16, 7] -> P2 can run; Work becomes [23, 11]
Need[P3] = [1, 2] <= Work [23, 11] -> P3 can run; Work becomes [30, 12]

All processes finish. The system IS in a safe state.
Safe sequence: P0 -> P1 -> P2 -> P3"
"You are an Operating Systems tutor. Answer ONLY using the exact textbook passages provided below. Do NOT add your own examples, do NOT invent information. If the answer is not in the provided text, reply EXACTLY with the word 'OUT_OF_CONTEXT' and nothing else.","Textbook passages:
The Banker's algorithm avoids deadlock by only granting a resource request if the resulting state is 'safe'. A state is safe if there is some ordering (safe sequence) of all processes such that each process's remaining Need can be satisfied by the currently Available resources plus what is freed by processes earlier in the sequence. Need[i] = Max[i] - Allocation[i]. The safety algorithm repeatedly finds any unfinished process whose Need is <= Work (initially Available), 'runs' it (adding its Allocation back to Work), and marks it finished, until no more processes can be added (safe if all finish) or no more can be found (unsafe if any remain unfinished).

Question: A system has 4 processes (P0..P3) and 2 resource types (A, B). The current Allocation and Max matrices, and the Available vector, are:

Allocation:
Process | A  B
P0      | 4  0
P1      | 3  7
P2      | 4  2
P3      | 0  3

Max:
Process | A  B
P0      | 9  3
P1      | 5  9
P2      | 6  5
P3      | 7  3

Available: A=8, B=6

Process P1 now requests additional resources: A=1, B=0. Using the Banker's algorithm, determine whether this request can be granted immediately.","Need = Max - Allocation:
Process | A  B
P0      | 5  3
P1      | 2  2
P2      | 2  3
P3      | 7  0

Step 1: Is Request <= Need[P1]? Request=[1, 0], Need[P1]=[2, 2]
-> Yes.

Step 2: Is Request <= Available? Request=[1, 0], Available=[8, 6]
-> Yes. Pretend to allocate and check safety of the resulting state.

Tentative new Available: [7, 6]
The resulting state IS safe (safe sequence: P0 -> P1 -> P2 -> P3). The request is GRANTED immediately."
"You are an Operating Systems tutor. Answer ONLY using the exact textbook passages provided below. Do NOT add your own examples, do NOT invent information. If the answer is not in the provided text, reply EXACTLY with the word 'OUT_OF_CONTEXT' and nothing else.","Textbook passages:
In a paged memory system, a logical address is split into a page number and an offset: page number = logical address // page size; offset = logical address % page size. The page table maps each page number to a physical frame number. The physical address is computed as: physical address = (frame number x page size) + offset.

Question: A system uses paging with a page size of 256 bytes. A process has 5 pages, with the following page table: page 0 -> frame 2, page 1 -> frame 7, page 2 -> frame 1, page 3 -> frame 10, page 4 -> frame 4.

For the logical address 888, determine: (a) the page number, (b) the offset within the page, (c) the corresponding frame number, and (d) the resulting physical address.","(a) Page number = logical address // page size = 888 // 256 = 3
(b) Offset = logical address % page size = 888 % 256 = 120
(c) From the page table, page 3 -> frame 10
(d) Physical address = (frame number x page size) + offset = (10 x 256) + 120 = 2680"
"You are an Operating Systems tutor. Answer ONLY using the exact textbook passages provided below. Do NOT add your own examples, do NOT invent information. If the answer is not in the provided text, reply EXACTLY with the word 'OUT_OF_CONTEXT' and nothing else.","Textbook passages:
Inter-Processor Interrupt (IPI): A hardware interrupt one CPU core sends directly to another (via the Local APIC on x86, or an SGI via the GIC on ARM) to force it to run a specific handler immediately, used e.g. to coordinate TLB shootdowns across cores.

Question: What is Inter-Processor Interrupt (IPI)?","A hardware interrupt one CPU core sends directly to another (via the Local APIC on x86, or an SGI via the GIC on ARM) to force it to run a specific handler immediately, used e.g. to coordinate TLB shootdowns across cores."
"You are an Operating Systems tutor. Answer ONLY using the exact textbook passages provided below. Do NOT add your own examples, do NOT invent information. If the answer is not in the provided text, reply EXACTLY with the word 'OUT_OF_CONTEXT' and nothing else.","Textbook passages:
False sharing: A performance problem where two logically unrelated variables accessed by different cores happen to share the same cache line, causing coherence invalidation traffic between the cores even though neither actually touches the other's data.

Question: Explain the term False sharing in the context of operating systems.","A performance problem where two logically unrelated variables accessed by different cores happen to share the same cache line, causing coherence invalidation traffic between the cores even though neither actually touches the other's data."
"You are an Operating Systems tutor. Answer ONLY using the exact textbook passages provided below. Do NOT add your own examples, do NOT invent information. If the answer is not in the provided text, reply EXACTLY with the word 'OUT_OF_CONTEXT' and nothing else.","Textbook passages:
The Banker's algorithm avoids deadlock by only granting a resource request if the resulting state is 'safe'. A state is safe if there is some ordering (safe sequence) of all processes such that each process's remaining Need can be satisfied by the currently Available resources plus what is freed by processes earlier in the sequence. Need[i] = Max[i] - Allocation[i]. The safety algorithm repeatedly finds any unfinished process whose Need is <= Work (initially Available), 'runs' it (adding its Allocation back to Work), and marks it finished, until no more processes can be added (safe if all finish) or no more can be found (unsafe if any remain unfinished).

Question: A system has 4 processes (P0..P3) and 2 resource types (A, B). The current Allocation and Max matrices, and the Available vector, are:

Allocation:
Process | A  B
P0      | 3  1
P1      | 6  4
P2      | 2  3
P3      | 1  1

Max:
Process | A  B
P0      | 5  7
P1      | 6  6
P2      | 4  8
P3      | 7  8

Available: A=4, B=3

Process P1 now requests additional resources: A=0, B=1. Using the Banker's algorithm, determine whether this request can be granted immediately.","Need = Max - Allocation:
Process | A  B
P0      | 2  6
P1      | 0  2
P2      | 2  5
P3      | 6  7

Step 1: Is Request <= Need[P1]? Request=[0, 1], Need[P1]=[0, 2]
-> Yes.

Step 2: Is Request <= Available? Request=[0, 1], Available=[4, 3]
-> Yes. Pretend to allocate and check safety of the resulting state.

Tentative new Available: [4, 2]
The resulting state IS safe (safe sequence: P1 -> P2 -> P3 -> P0). The request is GRANTED immediately."
"You are an Operating Systems tutor. Answer ONLY using the exact textbook passages provided below. Do NOT add your own examples, do NOT invent information. If the answer is not in the provided text, reply EXACTLY with the word 'OUT_OF_CONTEXT' and nothing else.","Textbook passages:
Free space on a disk must be tracked so the file system knows which blocks are available for new allocations; common techniques include bit vectors, linked lists, grouping, and counting.

Question: What are the common techniques for tracking free disk space?","Bit vector/bitmap (one bit per block, 1 = free, 0 = allocated — simple and compact, easy to find contiguous free blocks), linked list of free blocks (each free block holds a pointer to the next free block — no wasted space for a bitmap but slow to traverse and search), grouping (the first free block stores pointers to several other free blocks, one of which stores pointers to further blocks, speeding up finding multiple free blocks), and counting (since blocks are often allocated/freed in contiguous chunks, store the address of the first free block in a run plus a count of how many follow)."
"You are an Operating Systems tutor. Answer ONLY using the exact textbook passages provided below. Do NOT add your own examples, do NOT invent information. If the answer is not in the provided text, reply EXACTLY with the word 'OUT_OF_CONTEXT' and nothing else.","Textbook passages:
First-Come, First-Served (FCFS) CPU scheduling allocates the CPU to processes strictly in order of arrival time, using a FIFO ready queue. It is non-preemptive: once a process starts running, it runs to completion. Ties in arrival time are broken by process ID order. Completion Time (CT) is when a process finishes; Turnaround Time (TAT) = CT − Arrival Time; Waiting Time (WT) = TAT − Burst Time.

Question: Consider the following processes with their arrival and burst times (all times in milliseconds):

Process | Arrival Time | Burst Time
-----------------------------------
P1      | 5            | 5
P2      | 0            | 5
P3      | 3            | 6

Using First-Come, First-Served (FCFS) scheduling, draw the Gantt chart and compute the Completion Time, Turnaround Time, and Waiting Time for each process. Also compute the average waiting time and average turnaround time.","Gantt Chart:
P2[0-5] -> P3[5-11] -> P1[11-16]

Process | CT | TAT (=CT-AT) | WT (=TAT-BT)
P1      | 16  | 11            | 6
P2      | 5  | 5            | 0
P3      | 11  | 8            | 2

Average Turnaround Time = (11 + 5 + 8) / 3 = 8 ms
Average Waiting Time = (6 + 0 + 2) / 3 = 2.67 ms"
"You are an Operating Systems tutor. Answer ONLY using the exact textbook passages provided below. Do NOT add your own examples, do NOT invent information. If the answer is not in the provided text, reply EXACTLY with the word 'OUT_OF_CONTEXT' and nothing else.","Textbook passages:
Shortest Job First (SJF) scheduling selects the ready process with the smallest next CPU burst time. It can be implemented as non-preemptive (classic SJF) or preemptive (Shortest Remaining Time First, SRTF).

Question: What is Shortest Remaining Time First (SRTF) and how does it differ from SJF?","SRTF is the preemptive version of SJF: if a new process arrives with a burst time shorter than the remaining time of the currently executing process, the CPU is preempted and given to the new (shorter) process. Classic SJF is non-preemptive — once started, a process runs to completion."
"You are an Operating Systems tutor. Answer ONLY using the exact textbook passages provided below. Do NOT add your own examples, do NOT invent information. If the answer is not in the provided text, reply EXACTLY with the word 'OUT_OF_CONTEXT' and nothing else.","Textbook passages:
Multilevel queue and multilevel feedback queue scheduling partition the ready queue into several separate queues, often based on process type or observed behavior.

Question: What is multilevel queue scheduling?","The ready queue is partitioned into several separate queues based on process type or priority (e.g. foreground/interactive processes and background/batch processes), each with its own scheduling algorithm. Processes are permanently assigned to one queue, and scheduling between queues can be fixed-priority preemptive or time-sliced."
"You are an Operating Systems tutor. Answer ONLY using the exact textbook passages provided below. Do NOT add your own examples, do NOT invent information. If the answer is not in the provided text, reply EXACTLY with the word 'OUT_OF_CONTEXT' and nothing else.","Textbook passages:
SCAN disk scheduling moves the head in one direction, servicing every pending request it passes, continuing all the way to that end of the disk (cylinder 0 or the maximum cylinder) even if no request lies exactly there, then reverses direction and services the remaining requests on the other side, stopping once the last one is serviced.

Question: A disk has 200 cylinders (numbered 0 to 199). The disk head is currently at cylinder 134. The pending requests, in the order they arrived, are: 42, 176, 113, 89, 114, 10, 186, 90, 157.

Using the SCAN (initial direction: decreasing cylinder numbers) disk scheduling algorithm, determine the order in which the requests are serviced and compute the total head movement (in number of cylinders).","Service order: 134 -> 114 -> 113 -> 90 -> 89 -> 42 -> 10 -> 157 -> 176 -> 186

Head movement per step: |114-134|=20 + |113-114|=1 + |90-113|=23 + |89-90|=1 + |42-89|=47 + |10-42|=32 + |157-10|=147 + |176-157|=19 + |186-176|=10

Total head movement = 320 cylinders"
"You are an Operating Systems tutor. Answer ONLY using the exact textbook passages provided below. Do NOT add your own examples, do NOT invent information. If the answer is not in the provided text, reply EXACTLY with the word 'OUT_OF_CONTEXT' and nothing else.","Textbook passages:
LOOK disk scheduling behaves like SCAN, but instead of travelling all the way to the physical end of the disk, the head reverses direction as soon as it services the last pending request in the current direction, avoiding unnecessary movement.

Question: A disk has 200 cylinders (numbered 0 to 199). The disk head is currently at cylinder 27. The pending requests, in the order they arrived, are: 160, 139, 74, 164, 77, 123, 62, 175, 103.

Using the LOOK (initial direction: decreasing cylinder numbers) disk scheduling algorithm, determine the order in which the requests are serviced and compute the total head movement (in number of cylinders).","Service order: 27 -> 62 -> 74 -> 77 -> 103 -> 123 -> 139 -> 160 -> 164 -> 175

Head movement per step: |62-27|=35 + |74-62|=12 + |77-74|=3 + |103-77|=26 + |123-103|=20 + |139-123|=16 + |160-139|=21 + |164-160|=4 + |175-164|=11

Total head movement = 148 cylinders"
"You are an Operating Systems tutor. Answer ONLY using the exact textbook passages provided below. Do NOT add your own examples, do NOT invent information. If the answer is not in the provided text, reply EXACTLY with the word 'OUT_OF_CONTEXT' and nothing else.","Textbook passages:
FIFO page replacement evicts the page that has been resident in memory the longest, regardless of how recently or often it has been used, when a page fault occurs and all frames are full.

Question: A system uses 4 page frames and the FIFO page replacement algorithm. Given the page reference string:
3, 2, 2, 4, 4, 3, 3, 2, 1, 5, 1, 4, 3, 1

Determine, for each reference, whether it is a page hit or a page fault, show the resulting frame contents, and compute the total number of page faults and page hits.","Ref | Frame contents after this reference | Hit/Fault
3   | [3]                   | Fault
2   | [3, 2]                | Fault
2   | [3, 2]                | Hit
4   | [3, 2, 4]             | Fault
4   | [3, 2, 4]             | Hit
3   | [3, 2, 4]             | Hit
3   | [3, 2, 4]             | Hit
2   | [3, 2, 4]             | Hit
1   | [3, 2, 4, 1]          | Fault
5   | [2, 4, 1, 5]          | Fault
1   | [2, 4, 1, 5]          | Hit
4   | [2, 4, 1, 5]          | Hit
3   | [4, 1, 5, 3]          | Fault
1   | [4, 1, 5, 3]          | Hit

Total references = 14
Total page faults = 6
Total page hits = 8
Page fault rate = 6/14 = 0.43"
"You are an Operating Systems tutor. Answer ONLY using the exact textbook passages provided below. Do NOT add your own examples, do NOT invent information. If the answer is not in the provided text, reply EXACTLY with the word 'OUT_OF_CONTEXT' and nothing else.","Textbook passages:
First-Come, First-Served (FCFS) CPU scheduling allocates the CPU to processes strictly in order of arrival time, using a FIFO ready queue. It is non-preemptive: once a process starts running, it runs to completion. Ties in arrival time are broken by process ID order. Completion Time (CT) is when a process finishes; Turnaround Time (TAT) = CT − Arrival Time; Waiting Time (WT) = TAT − Burst Time.

Question: Consider the following processes with their arrival and burst times (all times in milliseconds):

Process | Arrival Time | Burst Time
-----------------------------------
P1      | 4            | 8
P2      | 8            | 10
P3      | 7            | 5
P4      | 6            | 9

Using First-Come, First-Served (FCFS) scheduling, draw the Gantt chart and compute the Completion Time, Turnaround Time, and Waiting Time for each process. Also compute the average waiting time and average turnaround time.","Gantt Chart:
Idle[0-4] -> P1[4-12] -> P4[12-21] -> P3[21-26] -> P2[26-36]

Process | CT | TAT (=CT-AT) | WT (=TAT-BT)
P1      | 12  | 8            | 0
P2      | 36  | 28            | 18
P3      | 26  | 19            | 14
P4      | 21  | 15            | 6

Average Turnaround Time = (8 + 28 + 19 + 15) / 4 = 17.50 ms
Average Waiting Time = (0 + 18 + 14 + 6) / 4 = 9.50 ms"
"You are an Operating Systems tutor. Answer ONLY using the exact textbook passages provided below. Do NOT add your own examples, do NOT invent information. If the answer is not in the provided text, reply EXACTLY with the word 'OUT_OF_CONTEXT' and nothing else.","Textbook passages:
The Banker's algorithm avoids deadlock by only granting a resource request if the resulting state is 'safe'. A state is safe if there is some ordering (safe sequence) of all processes such that each process's remaining Need can be satisfied by the currently Available resources plus what is freed by processes earlier in the sequence. Need[i] = Max[i] - Allocation[i]. The safety algorithm repeatedly finds any unfinished process whose Need is <= Work (initially Available), 'runs' it (adding its Allocation back to Work), and marks it finished, until no more processes can be added (safe if all finish) or no more can be found (unsafe if any remain unfinished).

Question: A system has 5 processes (P0..P4) and 2 resource types (A, B). The current Allocation and Max matrices, and the Available vector, are:

Allocation:
Process | A  B
P0      | 0  2
P1      | 6  7
P2      | 4  3
P3      | 5  1
P4      | 4  5

Max:
Process | A  B
P0      | 4  4
P1      | 7  7
P2      | 5  9
P3      | 5  5
P4      | 9  6

Available: A=8, B=8

Process P0 now requests additional resources: A=0, B=1. Using the Banker's algorithm, determine whether this request can be granted immediately.","Need = Max - Allocation:
Process | A  B
P0      | 4  2
P1      | 1  0
P2      | 1  6
P3      | 0  4
P4      | 5  1

Step 1: Is Request <= Need[P0]? Request=[0, 1], Need[P0]=[4, 2]
-> Yes.

Step 2: Is Request <= Available? Request=[0, 1], Available=[8, 8]
-> Yes. Pretend to allocate and check safety of the resulting state.

Tentative new Available: [8, 7]
The resulting state IS safe (safe sequence: P0 -> P1 -> P2 -> P3 -> P4). The request is GRANTED immediately."
"You are an Operating Systems tutor. Answer ONLY using the exact textbook passages provided below. Do NOT add your own examples, do NOT invent information. If the answer is not in the provided text, reply EXACTLY with the word 'OUT_OF_CONTEXT' and nothing else.","Textbook passages:
Memory Management Unit (MMU): The hardware component that translates logical (virtual) addresses generated by the CPU into physical addresses in main memory at run time.

Question: Explain the term Memory Management Unit (MMU) in the context of operating systems.",The hardware component that translates logical (virtual) addresses generated by the CPU into physical addresses in main memory at run time.
"You are an Operating Systems tutor. Answer ONLY using the exact textbook passages provided below. Do NOT add your own examples, do NOT invent information. If the answer is not in the provided text, reply EXACTLY with the word 'OUT_OF_CONTEXT' and nothing else.","Textbook passages:
In priority scheduling, each process is assigned a priority number, and the CPU is allocated to the process with the highest priority; ties are typically broken using FCFS order.

Question: What problem does priority scheduling suffer from, and how is it solved?","It suffers from starvation (indefinite blocking) of low-priority processes if high-priority processes keep arriving. This is solved using aging, where a waiting process's priority is gradually increased over time so it eventually becomes the highest priority and gets scheduled."
"You are an Operating Systems tutor. Answer ONLY using the exact textbook passages provided below. Do NOT add your own examples, do NOT invent information. If the answer is not in the provided text, reply EXACTLY with the word 'OUT_OF_CONTEXT' and nothing else.","Textbook passages:
Thrashing: A state where a system spends more time swapping/paging than executing actual process instructions, caused by insufficient physical memory for the active working sets.

Question: What is Thrashing?","A state where a system spends more time swapping/paging than executing actual process instructions, caused by insufficient physical memory for the active working sets."
"You are an Operating Systems tutor. Answer ONLY using the exact textbook passages provided below. Do NOT add your own examples, do NOT invent information. If the answer is not in the provided text, reply EXACTLY with the word 'OUT_OF_CONTEXT' and nothing else.","Textbook passages:
Round Robin (RR) scheduling gives each ready process a fixed time quantum to run. If a process does not finish within its quantum, it is preempted and placed at the back of the (circular) ready queue. Newly-arriving processes are added to the back of the queue before the just-preempted process is re-added. Completion Time (CT) is when a process finishes; Turnaround Time (TAT) = CT − Arrival Time; Waiting Time (WT) = TAT − Burst Time.

Question: Consider the following processes with their arrival and burst times (all times in milliseconds):

Process | Arrival Time | Burst Time
-----------------------------------
P1      | 6            | 9
P2      | 2            | 2
P3      | 6            | 7

Using Round Robin (time quantum = 3) scheduling, draw the Gantt chart and compute the Completion Time, Turnaround Time, and Waiting Time for each process. Also compute the average waiting time and average turnaround time.","Gantt Chart:
P2[2-4] -> Idle[4-6] -> P1[6-9] -> P3[9-12] -> P1[12-15] -> P3[15-18] -> P1[18-21] -> P3[21-22]

Process | CT | TAT (=CT-AT) | WT (=TAT-BT)
P1      | 21  | 15            | 6
P2      | 4  | 2            | 0
P3      | 22  | 16            | 9

Average Turnaround Time = (15 + 2 + 16) / 3 = 11 ms
Average Waiting Time = (6 + 0 + 9) / 3 = 5 ms"
"You are an Operating Systems tutor. Answer ONLY using the exact textbook passages provided below. Do NOT add your own examples, do NOT invent information. If the answer is not in the provided text, reply EXACTLY with the word 'OUT_OF_CONTEXT' and nothing else.","Textbook passages:
Inter-Processor Interrupt (IPI): A hardware interrupt one CPU core sends directly to another (via the Local APIC on x86, or an SGI via the GIC on ARM) to force it to run a specific handler immediately, used e.g. to coordinate TLB shootdowns across cores.

Question: Define Inter-Processor Interrupt (IPI).","A hardware interrupt one CPU core sends directly to another (via the Local APIC on x86, or an SGI via the GIC on ARM) to force it to run a specific handler immediately, used e.g. to coordinate TLB shootdowns across cores."
"You are an Operating Systems tutor. Answer ONLY using the exact textbook passages provided below. Do NOT add your own examples, do NOT invent information. If the answer is not in the provided text, reply EXACTLY with the word 'OUT_OF_CONTEXT' and nothing else.","Textbook passages:
A deadlock is a situation where a set of processes are all blocked, each waiting for a resource held by another process in the set, so none can proceed. Four conditions must hold simultaneously for a deadlock to occur.

Question: What is a deadlock?","A deadlock is a state in which a set of two or more processes are each waiting for an event (typically resource release) that can only be caused by another process in the same set, so none of them can ever proceed — they are stuck waiting on each other indefinitely."
"You are an Operating Systems tutor. Answer ONLY using the exact textbook passages provided below. Do NOT add your own examples, do NOT invent information. If the answer is not in the provided text, reply EXACTLY with the word 'OUT_OF_CONTEXT' and nothing else.","Textbook passages:
Belady's Anomaly: The counter-intuitive phenomenon where, under FIFO page replacement, increasing the number of available memory frames can increase (rather than decrease) the number of page faults.

Question: Define Belady's Anomaly.","The counter-intuitive phenomenon where, under FIFO page replacement, increasing the number of available memory frames can increase (rather than decrease) the number of page faults."
"You are an Operating Systems tutor. Answer ONLY using the exact textbook passages provided below. Do NOT add your own examples, do NOT invent information. If the answer is not in the provided text, reply EXACTLY with the word 'OUT_OF_CONTEXT' and nothing else.","Textbook passages:
C-LOOK disk scheduling behaves like C-SCAN, but instead of jumping to the physical end of the disk, the head jumps directly to the closest pending request on the other side, avoiding unnecessary movement to an empty boundary.

Question: A disk has 200 cylinders (numbered 0 to 199). The disk head is currently at cylinder 145. The pending requests, in the order they arrived, are: 122, 89, 143, 184, 70, 73, 31, 146.

Using the C-LOOK (initial direction: decreasing cylinder numbers) disk scheduling algorithm, determine the order in which the requests are serviced and compute the total head movement (in number of cylinders).","Service order: 145 -> 143 -> 122 -> 89 -> 73 -> 70 -> 31 -> 184 -> 146

Head movement per step: |143-145|=2 + |122-143|=21 + |89-122|=33 + |73-89|=16 + |70-73|=3 + |31-70|=39 + |184-31|=153 + |146-184|=38

Total head movement = 305 cylinders"
"You are an Operating Systems tutor. Answer ONLY using the exact textbook passages provided below. Do NOT add your own examples, do NOT invent information. If the answer is not in the provided text, reply EXACTLY with the word 'OUT_OF_CONTEXT' and nothing else.","Textbook passages:
Time-sharing: A technique that rapidly switches the CPU between multiple users' processes, giving each the illusion of a dedicated, responsive system.

Question: What is Time-sharing?","A technique that rapidly switches the CPU between multiple users' processes, giving each the illusion of a dedicated, responsive system."
"You are an Operating Systems tutor. Answer ONLY using the exact textbook passages provided below. Do NOT add your own examples, do NOT invent information. If the answer is not in the provided text, reply EXACTLY with the word 'OUT_OF_CONTEXT' and nothing else.","Textbook passages:
Shortest Job First (SJF) scheduling selects the ready process with the smallest next CPU burst time. It can be implemented as non-preemptive (classic SJF) or preemptive (Shortest Remaining Time First, SRTF).

Question: What is starvation in the context of SJF scheduling, and how can it be solved?","Starvation occurs when a process with a long burst time never gets scheduled because shorter jobs keep arriving and jumping ahead of it in the queue indefinitely. It is solved using aging — gradually increasing the priority (or effective priority) of a process the longer it waits, guaranteeing it eventually gets scheduled."
"You are an Operating Systems tutor. Answer ONLY using the exact textbook passages provided below. Do NOT add your own examples, do NOT invent information. If the answer is not in the provided text, reply EXACTLY with the word 'OUT_OF_CONTEXT' and nothing else.","Textbook passages:
Shortest Remaining Time First (SRTF) is the preemptive version of SJF: at every instant, the CPU runs whichever ready process has the smallest remaining burst time, preempting the current process if a process with a shorter remaining time becomes ready. Ties are broken by earliest arrival time, then process ID. Completion Time (CT) is when a process finishes; Turnaround Time (TAT) = CT − Arrival Time; Waiting Time (WT) = TAT − Burst Time.

Question: Consider the following processes with their arrival and burst times (all times in milliseconds):

Process | Arrival Time | Burst Time
-----------------------------------
P1      | 2            | 7
P2      | 4            | 3
P3      | 1            | 5

Using Shortest Remaining Time First (SRTF, preemptive) scheduling, draw the Gantt chart and compute the Completion Time, Turnaround Time, and Waiting Time for each process. Also compute the average waiting time and average turnaround time.","Gantt Chart:
Idle[0-1] -> P3[1-6] -> P2[6-9] -> P1[9-16]

Process | CT | TAT (=CT-AT) | WT (=TAT-BT)
P1      | 16  | 14            | 7
P2      | 9  | 5            | 2
P3      | 6  | 5            | 0

Average Turnaround Time = (14 + 5 + 5) / 3 = 8 ms
Average Waiting Time = (7 + 2 + 0) / 3 = 3 ms"
"You are an Operating Systems tutor. Answer ONLY using the exact textbook passages provided below. Do NOT add your own examples, do NOT invent information. If the answer is not in the provided text, reply EXACTLY with the word 'OUT_OF_CONTEXT' and nothing else.","Textbook passages:
SCAN disk scheduling moves the head in one direction, servicing every pending request it passes, continuing all the way to that end of the disk (cylinder 0 or the maximum cylinder) even if no request lies exactly there, then reverses direction and services the remaining requests on the other side, stopping once the last one is serviced.

Question: A disk has 200 cylinders (numbered 0 to 199). The disk head is currently at cylinder 127. The pending requests, in the order they arrived, are: 105, 176, 52, 128, 198, 156, 120.

Using the SCAN (initial direction: increasing cylinder numbers) disk scheduling algorithm, determine the order in which the requests are serviced and compute the total head movement (in number of cylinders).","Service order: 127 -> 128 -> 156 -> 176 -> 198 -> 120 -> 105 -> 52

Head movement per step: |128-127|=1 + |156-128|=28 + |176-156|=20 + |198-176|=22 + |120-198|=78 + |105-120|=15 + |52-105|=53

Total head movement = 219 cylinders"
"You are an Operating Systems tutor. Answer ONLY using the exact textbook passages provided below. Do NOT add your own examples, do NOT invent information. If the answer is not in the provided text, reply EXACTLY with the word 'OUT_OF_CONTEXT' and nothing else.","Textbook passages:
Naive spinlocks based on a single atomic test-and-set instruction scale poorly under contention because every retry attempt generates cache-coherence traffic. Progressively better designs — test-and-test-and-set, ticket locks, and MCS (queue-based) locks — reduce this coherence traffic, with MCS locks giving each unlock O(1) coherence cost regardless of how many threads are waiting.

Question: What is a ticket lock, what problem does it solve compared to test-and-set, and what scalability problem does it still have?","A ticket lock has each thread wanting the lock atomically fetch-and-increment a shared 'next ticket' counter, obtaining a unique ticket number, and then spin waiting for a separate 'now serving' counter to reach its ticket number; unlocking simply increments 'now serving'. This guarantees strict FIFO fairness — every thread is served in the exact order it arrived, with no possibility of starvation — unlike test-and-set/TTAS, where an unlucky thread can in principle keep losing the race to newly-arriving threads indefinitely. However, a ticket lock still has a scalability problem: every waiting thread spins on the SAME shared 'now serving' cache line, so every single unlock (which modifies that shared variable) invalidates it in every waiter's cache, forcing all of them to re-fetch it — even though only one waiter's ticket actually matches and can proceed. This means unlock cost grows with the number of waiters (O(n) coherence traffic per unlock)."
"You are an Operating Systems tutor. Answer ONLY using the exact textbook passages provided below. Do NOT add your own examples, do NOT invent information. If the answer is not in the provided text, reply EXACTLY with the word 'OUT_OF_CONTEXT' and nothing else.","Textbook passages:
In contiguous memory allocation, free memory is organized as a list of holes (blocks). First-fit allocates a process into the first hole large enough to hold it (scanning from the start). Best-fit allocates into the smallest hole that is still large enough. Worst-fit allocates into the largest available hole. After allocation, the unused remainder of the chosen hole remains as a smaller free hole.

Question: Free memory consists of the following holes, in this order: B0=88KB, B1=59KB, B2=309KB, B3=373KB. The following processes arrive in this order and must each be placed into a single contiguous free hole: P0=237KB, P1=138KB, P2=48KB.

Using the worst-fit allocation strategy, determine which memory block (if any) each process is placed into, and the sizes of the remaining free blocks after all allocations.","P0 (237KB): placed in B3 (was 373KB) -> B3 now has 136KB free
P1 (138KB): placed in B2 (was 309KB) -> B2 now has 171KB free
P2 (48KB): placed in B2 (was 171KB) -> B2 now has 123KB free

Final remaining free block sizes: B0=88KB, B1=59KB, B2=123KB, B3=136KB"
"You are an Operating Systems tutor. Answer ONLY using the exact textbook passages provided below. Do NOT add your own examples, do NOT invent information. If the answer is not in the provided text, reply EXACTLY with the word 'OUT_OF_CONTEXT' and nothing else.","Textbook passages:
The Banker's algorithm avoids deadlock by only granting a resource request if the resulting state is 'safe'. A state is safe if there is some ordering (safe sequence) of all processes such that each process's remaining Need can be satisfied by the currently Available resources plus what is freed by processes earlier in the sequence. Need[i] = Max[i] - Allocation[i]. The safety algorithm repeatedly finds any unfinished process whose Need is <= Work (initially Available), 'runs' it (adding its Allocation back to Work), and marks it finished, until no more processes can be added (safe if all finish) or no more can be found (unsafe if any remain unfinished).

Question: A system has 4 processes (P0..P3) and 2 resource types (A, B). The current Allocation and Max matrices, and the Available vector, are:

Allocation:
Process | A  B
P0      | 3  6
P1      | 0  6
P2      | 6  0
P3      | 6  1

Max:
Process | A  B
P0      | 3  6
P1      | 7  6
P2      | 7  5
P3      | 9  5

Available: A=3, B=6

Compute the Need matrix, and using the Banker's algorithm, determine whether the system is currently in a safe state. If it is, give a valid safe sequence.","Need = Max - Allocation:
Process | A  B
P0      | 0  0
P1      | 7  0
P2      | 1  5
P3      | 3  4

Need[P0] = [0, 0] <= Work [3, 6] -> P0 can run; Work becomes [6, 12]
Need[P2] = [1, 5] <= Work [6, 12] -> P2 can run; Work becomes [12, 12]
Need[P3] = [3, 4] <= Work [12, 12] -> P3 can run; Work becomes [18, 13]
Need[P1] = [7, 0] <= Work [18, 13] -> P1 can run; Work becomes [18, 19]

All processes finish. The system IS in a safe state.
Safe sequence: P0 -> P2 -> P3 -> P1"
"You are an Operating Systems tutor. Answer ONLY using the exact textbook passages provided below. Do NOT add your own examples, do NOT invent information. If the answer is not in the provided text, reply EXACTLY with the word 'OUT_OF_CONTEXT' and nothing else.","Textbook passages:
Fragmentation: Wasted memory that accumulates over time due to allocation and deallocation patterns; can be internal (wasted space inside an allocated block) or external (wasted space between allocated blocks).

Question: Define Fragmentation.",Wasted memory that accumulates over time due to allocation and deallocation patterns; can be internal (wasted space inside an allocated block) or external (wasted space between allocated blocks).
"You are an Operating Systems tutor. Answer ONLY using the exact textbook passages provided below. Do NOT add your own examples, do NOT invent information. If the answer is not in the provided text, reply EXACTLY with the word 'OUT_OF_CONTEXT' and nothing else.","Textbook passages:
Spooling: Simultaneous Peripheral Operations On-Line — buffering output for a slow device (like a printer) on disk so processes don't have to wait for the device directly.

Question: Explain the term Spooling in the context of operating systems.",Simultaneous Peripheral Operations On-Line — buffering output for a slow device (like a printer) on disk so processes don't have to wait for the device directly.
